uuid;name;id;p_f_tot;p_m_tot
091b8fd0-a5b1-4c59-acb2-40759e131801;Albacenter;3;53.84;46.16
69dda3aa-efa6-4149-9481-3e1260141dc2;Alegra - Parque Comercial y de Ocio;5;54.98;45.02
91e8cf7c-ece3-4e27-9eed-4a146790bbb7;Almazara Plaza;6;52.61;47.39
4916aafd-1c0b-4e27-b2b0-61f7755fb4f3;Arena Multiespacio;9;55.39;44.61
c61e2cc5-ff63-4fe8-aa4a-abf1b1d7be16;As Termas;10;57.58;42.42
f066cf28-e91c-4ce3-a0e9-e87370fd0445;Castellana 200;11;56.29;43.71
135cd769-31c8-4240-a5af-adf6a132aaec;Conquistadores;13;52.89;47.11
0c2639f4-bec1-428e-abad-c95a3a78de58;Coruña The Style Outlets;50;55.2;44.8
b3c672c8-277c-4dd2-8450-802c3daca800;El Arcángel;95;54.07;45.93
db21a149-6720-4f2d-8cd5-e40df385d04b;El Deleite;57;53.12;46.88
cbb1f955-6ce2-4dd7-8c26-4bb8d4085418;El Encinar;67;55.9;44.1
d6e10447-60ed-4a71-a658-ec05fbe6b017;El Parque de Ciudad Real;16;54.14;45.86
14d4d04b-c417-4149-8146-d791064f5a8f;El Paseo;17;54.21;45.79
c494f3fd-545f-43dd-90ac-f15444c92879;El Restón;44;53.12;46.88
7ff3cca7-ed09-4cf6-b3ab-66d27f30939c;El Rosal;18;54.2;45.8
51cdbe4b-9a08-41e3-9dff-4dce61719a8f;Espacio Coruña;19;52.41;47.59
1ae1ee31-2236-4b08-ac6d-da75d590ced2;Espacio León;20;51.76;48.24
44dfcbc9-7df0-4da0-9882-0b07e36ef9d4;FINESTRELLES SHOPPING CENTRE;58;57.83;42.17
6723e314-b093-4de2-bafa-1775196d1234;Getafe The Style Outlets;45;53.93;46.07
a9652ebd-80a7-4e3c-9c82-da5a33132fa2;Gran Plaza 2;25;57.08;42.92
4f86178d-a155-40d0-977b-657954882fed;Gran Vía 2;26;54.91;45.09
d44960b0-d717-4fa8-a81c-4d6285b8f6b4;Gran Vía de Vigo;27;57.71;42.29
b345570b-20c8-4b90-b0ed-9ddaabdec93e;GranCasa;24;51.69;48.31
bf207f85-1735-4979-85d2-289f183bf178;L'Illa Diagonal;2;60.06;39.94
b2fd26f7-6048-4f10-8eba-5f90879f470e;La Farga;29;57.5;42.5
96ebc324-97d7-4c0c-9122-c873141fc16a;La Villa 2;61;56.26;43.74
b33e9212-926d-45da-9f83-683b27a904b6;Las Rozas The Style Outlets;46;54.48;45.52
27630773-db74-4220-a055-00237a25da71;Los Alcores;4;53.28;46.72
67c19fe9-6b90-440c-954c-d6f652cd122a;Luz de Castilla;31;44.41;55.59
9a893048-055e-43ae-b7ef-1c1165f64320;Madrid Sur;32;55.16;44.84
ae7e12dd-92d3-4d52-b6c2-fe9184bd8c34;Manoteras;33;52.42;47.58
39f7933c-5cbc-4d42-908e-6bd88c55c50c;Max Center;34;53.3;46.7
d00339ba-c6d2-4830-acd1-b9cbe9b6be22;Nassica - Parque Comercial y de Ocio;60;54.04;45.96
e2aef294-794c-4674-9509-6c15225543af;Parque Corredor;101;51.96;48.04
2560337e-ad93-46bc-a944-73428173bc69;Plaza Loranca 2;63;54.4;45.6
fe152407-9e68-4ccb-8dcc-0032f6d68c1a;Plaza Mayor;40;55.34;44.66
a8d2120d-8649-4d03-97dc-e384b935406c;Plaza Moraleja;96;57.45;42.55
907fe0e5-f500-493f-92bd-3dfc70929688;Plaza Norte 2;41;57.46;42.54
a292aa57-8504-407d-96f2-783b80fdc527;Plaza Río 2;42;57.21;42.79
d96a47c5-f5e7-4a23-8d55-f9ff344613f6;Plaza de Aluche;38;56.54;43.46
ae2b6114-0ded-4bef-b0cb-3c94c6571797;Portal de la Marina;43;56.24;43.76
4173c481-8f24-413a-a53d-1432d966dddc;San Sebastián de los Reyes The Style Outlets;48;54.85;45.15
1ae5e620-424c-4dbe-8ec3-6dbd72584b9b;Valle Real;51;58.6;41.4
c42f0753-e80d-4354-abe3-9e7fe5dd7600;Zubiarte;54;56.46;43.54
d04597e6-51fd-457d-a302-12e381a71361;Ànecblau;7;56.03;43.97
c52d5f56-1f93-40dd-a167-d60d9a103807;Área Sur;55;56.33;43.67
