visits,country,start_date,end_date,period,mall_name,mall_id,hivestack_site_id
1116.0,SPAIN,2023-01-30 10:00:00,2023-01-30 11:00:00,HOUR,Albacenter,3,147095950
1213.0,SPAIN,2023-01-30 11:00:00,2023-01-30 12:00:00,HOUR,Albacenter,3,147095950
1366.0,SPAIN,2023-01-30 12:00:00,2023-01-30 13:00:00,HOUR,Albacenter,3,147095950
1327.0,SPAIN,2023-01-30 13:00:00,2023-01-30 14:00:00,HOUR,Albacenter,3,147095950
1465.0,SPAIN,2023-01-30 14:00:00,2023-01-30 15:00:00,HOUR,Albacenter,3,147095950
1319.0,SPAIN,2023-01-30 15:00:00,2023-01-30 16:00:00,HOUR,Albacenter,3,147095950
1242.0,SPAIN,2023-01-30 16:00:00,2023-01-30 17:00:00,HOUR,Albacenter,3,147095950
1388.0,SPAIN,2023-01-30 17:00:00,2023-01-30 18:00:00,HOUR,Albacenter,3,147095950
1465.0,SPAIN,2023-01-30 18:00:00,2023-01-30 19:00:00,HOUR,Albacenter,3,147095950
1397.0,SPAIN,2023-01-30 19:00:00,2023-01-30 20:00:00,HOUR,Albacenter,3,147095950
1464.0,SPAIN,2023-01-30 20:00:00,2023-01-30 21:00:00,HOUR,Albacenter,3,147095950
1297.0,SPAIN,2023-01-30 21:00:00,2023-01-30 22:00:00,HOUR,Albacenter,3,147095950
1054.0,SPAIN,2023-01-31 10:00:00,2023-01-31 11:00:00,HOUR,Albacenter,3,147095950
1222.0,SPAIN,2023-01-31 11:00:00,2023-01-31 12:00:00,HOUR,Albacenter,3,147095950
1294.0,SPAIN,2023-01-31 12:00:00,2023-01-31 13:00:00,HOUR,Albacenter,3,147095950
1324.0,SPAIN,2023-01-31 13:00:00,2023-01-31 14:00:00,HOUR,Albacenter,3,147095950
1384.0,SPAIN,2023-01-31 14:00:00,2023-01-31 15:00:00,HOUR,Albacenter,3,147095950
1273.0,SPAIN,2023-01-31 15:00:00,2023-01-31 16:00:00,HOUR,Albacenter,3,147095950
1251.0,SPAIN,2023-01-31 16:00:00,2023-01-31 17:00:00,HOUR,Albacenter,3,147095950
1374.0,SPAIN,2023-01-31 17:00:00,2023-01-31 18:00:00,HOUR,Albacenter,3,147095950
1477.0,SPAIN,2023-01-31 18:00:00,2023-01-31 19:00:00,HOUR,Albacenter,3,147095950
1571.0,SPAIN,2023-01-31 19:00:00,2023-01-31 20:00:00,HOUR,Albacenter,3,147095950
1575.0,SPAIN,2023-01-31 20:00:00,2023-01-31 21:00:00,HOUR,Albacenter,3,147095950
1267.0,SPAIN,2023-01-31 21:00:00,2023-01-31 22:00:00,HOUR,Albacenter,3,147095950
223.0,SPAIN,2023-01-30 10:00:00,2023-01-30 11:00:00,HOUR,Alegra - Parque Comercial y de Ocio,5,193181250
392.0,SPAIN,2023-01-30 11:00:00,2023-01-30 12:00:00,HOUR,Alegra - Parque Comercial y de Ocio,5,193181250
423.0,SPAIN,2023-01-30 12:00:00,2023-01-30 13:00:00,HOUR,Alegra - Parque Comercial y de Ocio,5,193181250
517.0,SPAIN,2023-01-30 13:00:00,2023-01-30 14:00:00,HOUR,Alegra - Parque Comercial y de Ocio,5,193181250
545.0,SPAIN,2023-01-30 14:00:00,2023-01-30 15:00:00,HOUR,Alegra - Parque Comercial y de Ocio,5,193181250
516.0,SPAIN,2023-01-30 15:00:00,2023-01-30 16:00:00,HOUR,Alegra - Parque Comercial y de Ocio,5,193181250
510.0,SPAIN,2023-01-30 16:00:00,2023-01-30 17:00:00,HOUR,Alegra - Parque Comercial y de Ocio,5,193181250
468.0,SPAIN,2023-01-30 17:00:00,2023-01-30 18:00:00,HOUR,Alegra - Parque Comercial y de Ocio,5,193181250
533.0,SPAIN,2023-01-30 18:00:00,2023-01-30 19:00:00,HOUR,Alegra - Parque Comercial y de Ocio,5,193181250
502.0,SPAIN,2023-01-30 19:00:00,2023-01-30 20:00:00,HOUR,Alegra - Parque Comercial y de Ocio,5,193181250
562.0,SPAIN,2023-01-30 20:00:00,2023-01-30 21:00:00,HOUR,Alegra - Parque Comercial y de Ocio,5,193181250
804.0,SPAIN,2023-01-30 21:00:00,2023-01-30 22:00:00,HOUR,Alegra - Parque Comercial y de Ocio,5,193181250
233.0,SPAIN,2023-01-31 10:00:00,2023-01-31 11:00:00,HOUR,Alegra - Parque Comercial y de Ocio,5,193181250
411.0,SPAIN,2023-01-31 11:00:00,2023-01-31 12:00:00,HOUR,Alegra - Parque Comercial y de Ocio,5,193181250
431.0,SPAIN,2023-01-31 12:00:00,2023-01-31 13:00:00,HOUR,Alegra - Parque Comercial y de Ocio,5,193181250
545.0,SPAIN,2023-01-31 13:00:00,2023-01-31 14:00:00,HOUR,Alegra - Parque Comercial y de Ocio,5,193181250
574.0,SPAIN,2023-01-31 14:00:00,2023-01-31 15:00:00,HOUR,Alegra - Parque Comercial y de Ocio,5,193181250
539.0,SPAIN,2023-01-31 15:00:00,2023-01-31 16:00:00,HOUR,Alegra - Parque Comercial y de Ocio,5,193181250
536.0,SPAIN,2023-01-31 16:00:00,2023-01-31 17:00:00,HOUR,Alegra - Parque Comercial y de Ocio,5,193181250
486.0,SPAIN,2023-01-31 17:00:00,2023-01-31 18:00:00,HOUR,Alegra - Parque Comercial y de Ocio,5,193181250
509.0,SPAIN,2023-01-31 18:00:00,2023-01-31 19:00:00,HOUR,Alegra - Parque Comercial y de Ocio,5,193181250
508.0,SPAIN,2023-01-31 19:00:00,2023-01-31 20:00:00,HOUR,Alegra - Parque Comercial y de Ocio,5,193181250
564.0,SPAIN,2023-01-31 20:00:00,2023-01-31 21:00:00,HOUR,Alegra - Parque Comercial y de Ocio,5,193181250
857.0,SPAIN,2023-01-31 21:00:00,2023-01-31 22:00:00,HOUR,Alegra - Parque Comercial y de Ocio,5,193181250
1186.0,SPAIN,2023-01-30 10:00:00,2023-01-30 11:00:00,HOUR,Almazara Plaza,6,49565221
1199.0,SPAIN,2023-01-30 11:00:00,2023-01-30 12:00:00,HOUR,Almazara Plaza,6,49565221
1237.0,SPAIN,2023-01-30 12:00:00,2023-01-30 13:00:00,HOUR,Almazara Plaza,6,49565221
1206.0,SPAIN,2023-01-30 13:00:00,2023-01-30 14:00:00,HOUR,Almazara Plaza,6,49565221
856.0,SPAIN,2023-01-30 14:00:00,2023-01-30 15:00:00,HOUR,Almazara Plaza,6,49565221
899.0,SPAIN,2023-01-30 15:00:00,2023-01-30 16:00:00,HOUR,Almazara Plaza,6,49565221
791.0,SPAIN,2023-01-30 16:00:00,2023-01-30 17:00:00,HOUR,Almazara Plaza,6,49565221
813.0,SPAIN,2023-01-30 17:00:00,2023-01-30 18:00:00,HOUR,Almazara Plaza,6,49565221
808.0,SPAIN,2023-01-30 18:00:00,2023-01-30 19:00:00,HOUR,Almazara Plaza,6,49565221
628.0,SPAIN,2023-01-30 19:00:00,2023-01-30 20:00:00,HOUR,Almazara Plaza,6,49565221
684.0,SPAIN,2023-01-30 20:00:00,2023-01-30 21:00:00,HOUR,Almazara Plaza,6,49565221
616.0,SPAIN,2023-01-30 21:00:00,2023-01-30 22:00:00,HOUR,Almazara Plaza,6,49565221
1172.0,SPAIN,2023-01-31 10:00:00,2023-01-31 11:00:00,HOUR,Almazara Plaza,6,49565221
1364.0,SPAIN,2023-01-31 11:00:00,2023-01-31 12:00:00,HOUR,Almazara Plaza,6,49565221
1362.0,SPAIN,2023-01-31 12:00:00,2023-01-31 13:00:00,HOUR,Almazara Plaza,6,49565221
1331.0,SPAIN,2023-01-31 13:00:00,2023-01-31 14:00:00,HOUR,Almazara Plaza,6,49565221
885.0,SPAIN,2023-01-31 14:00:00,2023-01-31 15:00:00,HOUR,Almazara Plaza,6,49565221
808.0,SPAIN,2023-01-31 15:00:00,2023-01-31 16:00:00,HOUR,Almazara Plaza,6,49565221
855.0,SPAIN,2023-01-31 16:00:00,2023-01-31 17:00:00,HOUR,Almazara Plaza,6,49565221
835.0,SPAIN,2023-01-31 17:00:00,2023-01-31 18:00:00,HOUR,Almazara Plaza,6,49565221
939.0,SPAIN,2023-01-31 18:00:00,2023-01-31 19:00:00,HOUR,Almazara Plaza,6,49565221
784.0,SPAIN,2023-01-31 19:00:00,2023-01-31 20:00:00,HOUR,Almazara Plaza,6,49565221
852.0,SPAIN,2023-01-31 20:00:00,2023-01-31 21:00:00,HOUR,Almazara Plaza,6,49565221
571.0,SPAIN,2023-01-31 21:00:00,2023-01-31 22:00:00,HOUR,Almazara Plaza,6,49565221
1217.0,SPAIN,2023-01-30 10:00:00,2023-01-30 11:00:00,HOUR,Arena Multiespacio,9,21015480
1288.0,SPAIN,2023-01-30 11:00:00,2023-01-30 12:00:00,HOUR,Arena Multiespacio,9,21015480
1310.0,SPAIN,2023-01-30 12:00:00,2023-01-30 13:00:00,HOUR,Arena Multiespacio,9,21015480
1503.0,SPAIN,2023-01-30 13:00:00,2023-01-30 14:00:00,HOUR,Arena Multiespacio,9,21015480
1668.0,SPAIN,2023-01-30 14:00:00,2023-01-30 15:00:00,HOUR,Arena Multiespacio,9,21015480
1637.0,SPAIN,2023-01-30 15:00:00,2023-01-30 16:00:00,HOUR,Arena Multiespacio,9,21015480
1482.0,SPAIN,2023-01-30 16:00:00,2023-01-30 17:00:00,HOUR,Arena Multiespacio,9,21015480
1495.0,SPAIN,2023-01-30 17:00:00,2023-01-30 18:00:00,HOUR,Arena Multiespacio,9,21015480
1713.0,SPAIN,2023-01-30 18:00:00,2023-01-30 19:00:00,HOUR,Arena Multiespacio,9,21015480
1652.0,SPAIN,2023-01-30 19:00:00,2023-01-30 20:00:00,HOUR,Arena Multiespacio,9,21015480
1465.0,SPAIN,2023-01-30 20:00:00,2023-01-30 21:00:00,HOUR,Arena Multiespacio,9,21015480
1368.0,SPAIN,2023-01-30 21:00:00,2023-01-30 22:00:00,HOUR,Arena Multiespacio,9,21015480
1223.0,SPAIN,2023-01-31 10:00:00,2023-01-31 11:00:00,HOUR,Arena Multiespacio,9,21015480
1373.0,SPAIN,2023-01-31 11:00:00,2023-01-31 12:00:00,HOUR,Arena Multiespacio,9,21015480
1394.0,SPAIN,2023-01-31 12:00:00,2023-01-31 13:00:00,HOUR,Arena Multiespacio,9,21015480
1561.0,SPAIN,2023-01-31 13:00:00,2023-01-31 14:00:00,HOUR,Arena Multiespacio,9,21015480
1663.0,SPAIN,2023-01-31 14:00:00,2023-01-31 15:00:00,HOUR,Arena Multiespacio,9,21015480
1662.0,SPAIN,2023-01-31 15:00:00,2023-01-31 16:00:00,HOUR,Arena Multiespacio,9,21015480
1439.0,SPAIN,2023-01-31 16:00:00,2023-01-31 17:00:00,HOUR,Arena Multiespacio,9,21015480
1624.0,SPAIN,2023-01-31 17:00:00,2023-01-31 18:00:00,HOUR,Arena Multiespacio,9,21015480
1972.0,SPAIN,2023-01-31 18:00:00,2023-01-31 19:00:00,HOUR,Arena Multiespacio,9,21015480
1859.0,SPAIN,2023-01-31 19:00:00,2023-01-31 20:00:00,HOUR,Arena Multiespacio,9,21015480
1562.0,SPAIN,2023-01-31 20:00:00,2023-01-31 21:00:00,HOUR,Arena Multiespacio,9,21015480
1420.0,SPAIN,2023-01-31 21:00:00,2023-01-31 22:00:00,HOUR,Arena Multiespacio,9,21015480
1979.0,SPAIN,2023-01-30 10:00:00,2023-01-30 11:00:00,HOUR,As Termas,10,217325291
2349.0,SPAIN,2023-01-30 11:00:00,2023-01-30 12:00:00,HOUR,As Termas,10,217325291
2529.0,SPAIN,2023-01-30 12:00:00,2023-01-30 13:00:00,HOUR,As Termas,10,217325291
2626.0,SPAIN,2023-01-30 13:00:00,2023-01-30 14:00:00,HOUR,As Termas,10,217325291
2245.0,SPAIN,2023-01-30 14:00:00,2023-01-30 15:00:00,HOUR,As Termas,10,217325291
2664.0,SPAIN,2023-01-30 15:00:00,2023-01-30 16:00:00,HOUR,As Termas,10,217325291
2670.0,SPAIN,2023-01-30 16:00:00,2023-01-30 17:00:00,HOUR,As Termas,10,217325291
3274.0,SPAIN,2023-01-30 17:00:00,2023-01-30 18:00:00,HOUR,As Termas,10,217325291
3431.0,SPAIN,2023-01-30 18:00:00,2023-01-30 19:00:00,HOUR,As Termas,10,217325291
3279.0,SPAIN,2023-01-30 19:00:00,2023-01-30 20:00:00,HOUR,As Termas,10,217325291
3036.0,SPAIN,2023-01-30 20:00:00,2023-01-30 21:00:00,HOUR,As Termas,10,217325291
2196.0,SPAIN,2023-01-30 21:00:00,2023-01-30 22:00:00,HOUR,As Termas,10,217325291
2007.0,SPAIN,2023-01-31 10:00:00,2023-01-31 11:00:00,HOUR,As Termas,10,217325291
2604.0,SPAIN,2023-01-31 11:00:00,2023-01-31 12:00:00,HOUR,As Termas,10,217325291
2949.0,SPAIN,2023-01-31 12:00:00,2023-01-31 13:00:00,HOUR,As Termas,10,217325291
2823.0,SPAIN,2023-01-31 13:00:00,2023-01-31 14:00:00,HOUR,As Termas,10,217325291
2371.0,SPAIN,2023-01-31 14:00:00,2023-01-31 15:00:00,HOUR,As Termas,10,217325291
2436.0,SPAIN,2023-01-31 15:00:00,2023-01-31 16:00:00,HOUR,As Termas,10,217325291
2496.0,SPAIN,2023-01-31 16:00:00,2023-01-31 17:00:00,HOUR,As Termas,10,217325291
2843.0,SPAIN,2023-01-31 17:00:00,2023-01-31 18:00:00,HOUR,As Termas,10,217325291
3604.0,SPAIN,2023-01-31 18:00:00,2023-01-31 19:00:00,HOUR,As Termas,10,217325291
3509.0,SPAIN,2023-01-31 19:00:00,2023-01-31 20:00:00,HOUR,As Termas,10,217325291
3043.0,SPAIN,2023-01-31 20:00:00,2023-01-31 21:00:00,HOUR,As Termas,10,217325291
2276.0,SPAIN,2023-01-31 21:00:00,2023-01-31 22:00:00,HOUR,As Termas,10,217325291
470.0,SPAIN,2023-01-30 10:00:00,2023-01-30 11:00:00,HOUR,Castellana 200,11,49566272
494.0,SPAIN,2023-01-30 11:00:00,2023-01-30 12:00:00,HOUR,Castellana 200,11,49566272
462.0,SPAIN,2023-01-30 12:00:00,2023-01-30 13:00:00,HOUR,Castellana 200,11,49566272
398.0,SPAIN,2023-01-30 13:00:00,2023-01-30 14:00:00,HOUR,Castellana 200,11,49566272
427.0,SPAIN,2023-01-30 14:00:00,2023-01-30 15:00:00,HOUR,Castellana 200,11,49566272
300.0,SPAIN,2023-01-30 15:00:00,2023-01-30 16:00:00,HOUR,Castellana 200,11,49566272
303.0,SPAIN,2023-01-30 16:00:00,2023-01-30 17:00:00,HOUR,Castellana 200,11,49566272
287.0,SPAIN,2023-01-30 17:00:00,2023-01-30 18:00:00,HOUR,Castellana 200,11,49566272
291.0,SPAIN,2023-01-30 18:00:00,2023-01-30 19:00:00,HOUR,Castellana 200,11,49566272
219.0,SPAIN,2023-01-30 19:00:00,2023-01-30 20:00:00,HOUR,Castellana 200,11,49566272
194.0,SPAIN,2023-01-30 20:00:00,2023-01-30 21:00:00,HOUR,Castellana 200,11,49566272
237.0,SPAIN,2023-01-30 21:00:00,2023-01-30 22:00:00,HOUR,Castellana 200,11,49566272
513.0,SPAIN,2023-01-31 10:00:00,2023-01-31 11:00:00,HOUR,Castellana 200,11,49566272
523.0,SPAIN,2023-01-31 11:00:00,2023-01-31 12:00:00,HOUR,Castellana 200,11,49566272
516.0,SPAIN,2023-01-31 12:00:00,2023-01-31 13:00:00,HOUR,Castellana 200,11,49566272
452.0,SPAIN,2023-01-31 13:00:00,2023-01-31 14:00:00,HOUR,Castellana 200,11,49566272
471.0,SPAIN,2023-01-31 14:00:00,2023-01-31 15:00:00,HOUR,Castellana 200,11,49566272
319.0,SPAIN,2023-01-31 15:00:00,2023-01-31 16:00:00,HOUR,Castellana 200,11,49566272
335.0,SPAIN,2023-01-31 16:00:00,2023-01-31 17:00:00,HOUR,Castellana 200,11,49566272
315.0,SPAIN,2023-01-31 17:00:00,2023-01-31 18:00:00,HOUR,Castellana 200,11,49566272
328.0,SPAIN,2023-01-31 18:00:00,2023-01-31 19:00:00,HOUR,Castellana 200,11,49566272
288.0,SPAIN,2023-01-31 19:00:00,2023-01-31 20:00:00,HOUR,Castellana 200,11,49566272
217.0,SPAIN,2023-01-31 20:00:00,2023-01-31 21:00:00,HOUR,Castellana 200,11,49566272
253.0,SPAIN,2023-01-31 21:00:00,2023-01-31 22:00:00,HOUR,Castellana 200,11,49566272
305.0,SPAIN,2023-01-30 10:00:00,2023-01-30 11:00:00,HOUR,Conquistadores,13,49566453
333.0,SPAIN,2023-01-30 11:00:00,2023-01-30 12:00:00,HOUR,Conquistadores,13,49566453
316.0,SPAIN,2023-01-30 12:00:00,2023-01-30 13:00:00,HOUR,Conquistadores,13,49566453
301.0,SPAIN,2023-01-30 13:00:00,2023-01-30 14:00:00,HOUR,Conquistadores,13,49566453
315.0,SPAIN,2023-01-30 14:00:00,2023-01-30 15:00:00,HOUR,Conquistadores,13,49566453
240.0,SPAIN,2023-01-30 15:00:00,2023-01-30 16:00:00,HOUR,Conquistadores,13,49566453
250.0,SPAIN,2023-01-30 16:00:00,2023-01-30 17:00:00,HOUR,Conquistadores,13,49566453
280.0,SPAIN,2023-01-30 17:00:00,2023-01-30 18:00:00,HOUR,Conquistadores,13,49566453
311.0,SPAIN,2023-01-30 18:00:00,2023-01-30 19:00:00,HOUR,Conquistadores,13,49566453
255.0,SPAIN,2023-01-30 19:00:00,2023-01-30 20:00:00,HOUR,Conquistadores,13,49566453
220.0,SPAIN,2023-01-30 20:00:00,2023-01-30 21:00:00,HOUR,Conquistadores,13,49566453
344.0,SPAIN,2023-01-30 21:00:00,2023-01-30 22:00:00,HOUR,Conquistadores,13,49566453
370.0,SPAIN,2023-01-31 10:00:00,2023-01-31 11:00:00,HOUR,Conquistadores,13,49566453
435.0,SPAIN,2023-01-31 11:00:00,2023-01-31 12:00:00,HOUR,Conquistadores,13,49566453
398.0,SPAIN,2023-01-31 12:00:00,2023-01-31 13:00:00,HOUR,Conquistadores,13,49566453
335.0,SPAIN,2023-01-31 13:00:00,2023-01-31 14:00:00,HOUR,Conquistadores,13,49566453
339.0,SPAIN,2023-01-31 14:00:00,2023-01-31 15:00:00,HOUR,Conquistadores,13,49566453
257.0,SPAIN,2023-01-31 15:00:00,2023-01-31 16:00:00,HOUR,Conquistadores,13,49566453
269.0,SPAIN,2023-01-31 16:00:00,2023-01-31 17:00:00,HOUR,Conquistadores,13,49566453
313.0,SPAIN,2023-01-31 17:00:00,2023-01-31 18:00:00,HOUR,Conquistadores,13,49566453
292.0,SPAIN,2023-01-31 18:00:00,2023-01-31 19:00:00,HOUR,Conquistadores,13,49566453
262.0,SPAIN,2023-01-31 19:00:00,2023-01-31 20:00:00,HOUR,Conquistadores,13,49566453
234.0,SPAIN,2023-01-31 20:00:00,2023-01-31 21:00:00,HOUR,Conquistadores,13,49566453
371.0,SPAIN,2023-01-31 21:00:00,2023-01-31 22:00:00,HOUR,Conquistadores,13,49566453
1583.0,SPAIN,2023-01-30 10:00:00,2023-01-30 11:00:00,HOUR,Coruña The Style Outlets,50,181154295
1751.0,SPAIN,2023-01-30 11:00:00,2023-01-30 12:00:00,HOUR,Coruña The Style Outlets,50,181154295
1707.0,SPAIN,2023-01-30 12:00:00,2023-01-30 13:00:00,HOUR,Coruña The Style Outlets,50,181154295
2091.0,SPAIN,2023-01-30 13:00:00,2023-01-30 14:00:00,HOUR,Coruña The Style Outlets,50,181154295
2103.0,SPAIN,2023-01-30 14:00:00,2023-01-30 15:00:00,HOUR,Coruña The Style Outlets,50,181154295
1888.0,SPAIN,2023-01-30 15:00:00,2023-01-30 16:00:00,HOUR,Coruña The Style Outlets,50,181154295
1713.0,SPAIN,2023-01-30 16:00:00,2023-01-30 17:00:00,HOUR,Coruña The Style Outlets,50,181154295
1904.0,SPAIN,2023-01-30 17:00:00,2023-01-30 18:00:00,HOUR,Coruña The Style Outlets,50,181154295
2246.0,SPAIN,2023-01-30 18:00:00,2023-01-30 19:00:00,HOUR,Coruña The Style Outlets,50,181154295
2130.0,SPAIN,2023-01-30 19:00:00,2023-01-30 20:00:00,HOUR,Coruña The Style Outlets,50,181154295
1789.0,SPAIN,2023-01-30 20:00:00,2023-01-30 21:00:00,HOUR,Coruña The Style Outlets,50,181154295
1586.0,SPAIN,2023-01-30 21:00:00,2023-01-30 22:00:00,HOUR,Coruña The Style Outlets,50,181154295
1522.0,SPAIN,2023-01-31 10:00:00,2023-01-31 11:00:00,HOUR,Coruña The Style Outlets,50,181154295
1650.0,SPAIN,2023-01-31 11:00:00,2023-01-31 12:00:00,HOUR,Coruña The Style Outlets,50,181154295
1729.0,SPAIN,2023-01-31 12:00:00,2023-01-31 13:00:00,HOUR,Coruña The Style Outlets,50,181154295
1729.0,SPAIN,2023-01-31 13:00:00,2023-01-31 14:00:00,HOUR,Coruña The Style Outlets,50,181154295
1851.0,SPAIN,2023-01-31 14:00:00,2023-01-31 15:00:00,HOUR,Coruña The Style Outlets,50,181154295
1711.0,SPAIN,2023-01-31 15:00:00,2023-01-31 16:00:00,HOUR,Coruña The Style Outlets,50,181154295
1760.0,SPAIN,2023-01-31 16:00:00,2023-01-31 17:00:00,HOUR,Coruña The Style Outlets,50,181154295
1915.0,SPAIN,2023-01-31 17:00:00,2023-01-31 18:00:00,HOUR,Coruña The Style Outlets,50,181154295
2140.0,SPAIN,2023-01-31 18:00:00,2023-01-31 19:00:00,HOUR,Coruña The Style Outlets,50,181154295
2049.0,SPAIN,2023-01-31 19:00:00,2023-01-31 20:00:00,HOUR,Coruña The Style Outlets,50,181154295
1889.0,SPAIN,2023-01-31 20:00:00,2023-01-31 21:00:00,HOUR,Coruña The Style Outlets,50,181154295
1535.0,SPAIN,2023-01-31 21:00:00,2023-01-31 22:00:00,HOUR,Coruña The Style Outlets,50,181154295
915.0,SPAIN,2023-01-30 10:00:00,2023-01-30 11:00:00,HOUR,El Arcángel,95,594587688
1457.0,SPAIN,2023-01-30 11:00:00,2023-01-30 12:00:00,HOUR,El Arcángel,95,594587688
1576.0,SPAIN,2023-01-30 12:00:00,2023-01-30 13:00:00,HOUR,El Arcángel,95,594587688
1492.0,SPAIN,2023-01-30 13:00:00,2023-01-30 14:00:00,HOUR,El Arcángel,95,594587688
1271.0,SPAIN,2023-01-30 14:00:00,2023-01-30 15:00:00,HOUR,El Arcángel,95,594587688
1154.0,SPAIN,2023-01-30 15:00:00,2023-01-30 16:00:00,HOUR,El Arcángel,95,594587688
1222.0,SPAIN,2023-01-30 16:00:00,2023-01-30 17:00:00,HOUR,El Arcángel,95,594587688
1396.0,SPAIN,2023-01-30 17:00:00,2023-01-30 18:00:00,HOUR,El Arcángel,95,594587688
1705.0,SPAIN,2023-01-30 18:00:00,2023-01-30 19:00:00,HOUR,El Arcángel,95,594587688
1941.0,SPAIN,2023-01-30 19:00:00,2023-01-30 20:00:00,HOUR,El Arcángel,95,594587688
1526.0,SPAIN,2023-01-30 20:00:00,2023-01-30 21:00:00,HOUR,El Arcángel,95,594587688
954.0,SPAIN,2023-01-30 21:00:00,2023-01-30 22:00:00,HOUR,El Arcángel,95,594587688
1055.0,SPAIN,2023-01-31 10:00:00,2023-01-31 11:00:00,HOUR,El Arcángel,95,594587688
1374.0,SPAIN,2023-01-31 11:00:00,2023-01-31 12:00:00,HOUR,El Arcángel,95,594587688
1513.0,SPAIN,2023-01-31 12:00:00,2023-01-31 13:00:00,HOUR,El Arcángel,95,594587688
1443.0,SPAIN,2023-01-31 13:00:00,2023-01-31 14:00:00,HOUR,El Arcángel,95,594587688
1483.0,SPAIN,2023-01-31 14:00:00,2023-01-31 15:00:00,HOUR,El Arcángel,95,594587688
1340.0,SPAIN,2023-01-31 15:00:00,2023-01-31 16:00:00,HOUR,El Arcángel,95,594587688
1368.0,SPAIN,2023-01-31 16:00:00,2023-01-31 17:00:00,HOUR,El Arcángel,95,594587688
1774.0,SPAIN,2023-01-31 17:00:00,2023-01-31 18:00:00,HOUR,El Arcángel,95,594587688
1777.0,SPAIN,2023-01-31 18:00:00,2023-01-31 19:00:00,HOUR,El Arcángel,95,594587688
1878.0,SPAIN,2023-01-31 19:00:00,2023-01-31 20:00:00,HOUR,El Arcángel,95,594587688
1461.0,SPAIN,2023-01-31 20:00:00,2023-01-31 21:00:00,HOUR,El Arcángel,95,594587688
1112.0,SPAIN,2023-01-31 21:00:00,2023-01-31 22:00:00,HOUR,El Arcángel,95,594587688
850.0,SPAIN,2023-01-30 10:00:00,2023-01-30 11:00:00,HOUR,El Deleite,57,232652271
869.0,SPAIN,2023-01-30 11:00:00,2023-01-30 12:00:00,HOUR,El Deleite,57,232652271
892.0,SPAIN,2023-01-30 12:00:00,2023-01-30 13:00:00,HOUR,El Deleite,57,232652271
915.0,SPAIN,2023-01-30 13:00:00,2023-01-30 14:00:00,HOUR,El Deleite,57,232652271
1014.0,SPAIN,2023-01-30 14:00:00,2023-01-30 15:00:00,HOUR,El Deleite,57,232652271
1024.0,SPAIN,2023-01-30 15:00:00,2023-01-30 16:00:00,HOUR,El Deleite,57,232652271
1002.0,SPAIN,2023-01-30 16:00:00,2023-01-30 17:00:00,HOUR,El Deleite,57,232652271
1062.0,SPAIN,2023-01-30 17:00:00,2023-01-30 18:00:00,HOUR,El Deleite,57,232652271
1180.0,SPAIN,2023-01-30 18:00:00,2023-01-30 19:00:00,HOUR,El Deleite,57,232652271
1186.0,SPAIN,2023-01-30 19:00:00,2023-01-30 20:00:00,HOUR,El Deleite,57,232652271
1164.0,SPAIN,2023-01-30 20:00:00,2023-01-30 21:00:00,HOUR,El Deleite,57,232652271
206.0,SPAIN,2023-01-30 21:00:00,2023-01-30 22:00:00,HOUR,El Deleite,57,232652271
956.0,SPAIN,2023-01-31 10:00:00,2023-01-31 11:00:00,HOUR,El Deleite,57,232652271
1018.0,SPAIN,2023-01-31 11:00:00,2023-01-31 12:00:00,HOUR,El Deleite,57,232652271
1025.0,SPAIN,2023-01-31 12:00:00,2023-01-31 13:00:00,HOUR,El Deleite,57,232652271
1076.0,SPAIN,2023-01-31 13:00:00,2023-01-31 14:00:00,HOUR,El Deleite,57,232652271
1133.0,SPAIN,2023-01-31 14:00:00,2023-01-31 15:00:00,HOUR,El Deleite,57,232652271
1144.0,SPAIN,2023-01-31 15:00:00,2023-01-31 16:00:00,HOUR,El Deleite,57,232652271
1109.0,SPAIN,2023-01-31 16:00:00,2023-01-31 17:00:00,HOUR,El Deleite,57,232652271
1165.0,SPAIN,2023-01-31 17:00:00,2023-01-31 18:00:00,HOUR,El Deleite,57,232652271
1199.0,SPAIN,2023-01-31 18:00:00,2023-01-31 19:00:00,HOUR,El Deleite,57,232652271
1283.0,SPAIN,2023-01-31 19:00:00,2023-01-31 20:00:00,HOUR,El Deleite,57,232652271
1183.0,SPAIN,2023-01-31 20:00:00,2023-01-31 21:00:00,HOUR,El Deleite,57,232652271
218.0,SPAIN,2023-01-31 21:00:00,2023-01-31 22:00:00,HOUR,El Deleite,57,232652271
299.0,SPAIN,2023-01-30 10:00:00,2023-01-30 11:00:00,HOUR,El Encinar,67,49693097
343.0,SPAIN,2023-01-30 11:00:00,2023-01-30 12:00:00,HOUR,El Encinar,67,49693097
383.0,SPAIN,2023-01-30 12:00:00,2023-01-30 13:00:00,HOUR,El Encinar,67,49693097
434.0,SPAIN,2023-01-30 13:00:00,2023-01-30 14:00:00,HOUR,El Encinar,67,49693097
428.0,SPAIN,2023-01-30 14:00:00,2023-01-30 15:00:00,HOUR,El Encinar,67,49693097
376.0,SPAIN,2023-01-30 15:00:00,2023-01-30 16:00:00,HOUR,El Encinar,67,49693097
375.0,SPAIN,2023-01-30 16:00:00,2023-01-30 17:00:00,HOUR,El Encinar,67,49693097
434.0,SPAIN,2023-01-30 17:00:00,2023-01-30 18:00:00,HOUR,El Encinar,67,49693097
507.0,SPAIN,2023-01-30 18:00:00,2023-01-30 19:00:00,HOUR,El Encinar,67,49693097
357.0,SPAIN,2023-01-30 19:00:00,2023-01-30 20:00:00,HOUR,El Encinar,67,49693097
286.0,SPAIN,2023-01-30 20:00:00,2023-01-30 21:00:00,HOUR,El Encinar,67,49693097
231.0,SPAIN,2023-01-30 21:00:00,2023-01-30 22:00:00,HOUR,El Encinar,67,49693097
390.0,SPAIN,2023-01-31 10:00:00,2023-01-31 11:00:00,HOUR,El Encinar,67,49693097
379.0,SPAIN,2023-01-31 11:00:00,2023-01-31 12:00:00,HOUR,El Encinar,67,49693097
450.0,SPAIN,2023-01-31 12:00:00,2023-01-31 13:00:00,HOUR,El Encinar,67,49693097
469.0,SPAIN,2023-01-31 13:00:00,2023-01-31 14:00:00,HOUR,El Encinar,67,49693097
475.0,SPAIN,2023-01-31 14:00:00,2023-01-31 15:00:00,HOUR,El Encinar,67,49693097
396.0,SPAIN,2023-01-31 15:00:00,2023-01-31 16:00:00,HOUR,El Encinar,67,49693097
377.0,SPAIN,2023-01-31 16:00:00,2023-01-31 17:00:00,HOUR,El Encinar,67,49693097
478.0,SPAIN,2023-01-31 17:00:00,2023-01-31 18:00:00,HOUR,El Encinar,67,49693097
502.0,SPAIN,2023-01-31 18:00:00,2023-01-31 19:00:00,HOUR,El Encinar,67,49693097
405.0,SPAIN,2023-01-31 19:00:00,2023-01-31 20:00:00,HOUR,El Encinar,67,49693097
357.0,SPAIN,2023-01-31 20:00:00,2023-01-31 21:00:00,HOUR,El Encinar,67,49693097
293.0,SPAIN,2023-01-31 21:00:00,2023-01-31 22:00:00,HOUR,El Encinar,67,49693097
302.0,SPAIN,2023-01-30 10:00:00,2023-01-30 11:00:00,HOUR,El Parque de Ciudad Real,16,49704309
329.0,SPAIN,2023-01-30 11:00:00,2023-01-30 12:00:00,HOUR,El Parque de Ciudad Real,16,49704309
290.0,SPAIN,2023-01-30 12:00:00,2023-01-30 13:00:00,HOUR,El Parque de Ciudad Real,16,49704309
316.0,SPAIN,2023-01-30 13:00:00,2023-01-30 14:00:00,HOUR,El Parque de Ciudad Real,16,49704309
271.0,SPAIN,2023-01-30 14:00:00,2023-01-30 15:00:00,HOUR,El Parque de Ciudad Real,16,49704309
255.0,SPAIN,2023-01-30 15:00:00,2023-01-30 16:00:00,HOUR,El Parque de Ciudad Real,16,49704309
246.0,SPAIN,2023-01-30 16:00:00,2023-01-30 17:00:00,HOUR,El Parque de Ciudad Real,16,49704309
422.0,SPAIN,2023-01-30 17:00:00,2023-01-30 18:00:00,HOUR,El Parque de Ciudad Real,16,49704309
427.0,SPAIN,2023-01-30 18:00:00,2023-01-30 19:00:00,HOUR,El Parque de Ciudad Real,16,49704309
424.0,SPAIN,2023-01-30 19:00:00,2023-01-30 20:00:00,HOUR,El Parque de Ciudad Real,16,49704309
275.0,SPAIN,2023-01-30 20:00:00,2023-01-30 21:00:00,HOUR,El Parque de Ciudad Real,16,49704309
296.0,SPAIN,2023-01-30 21:00:00,2023-01-30 22:00:00,HOUR,El Parque de Ciudad Real,16,49704309
287.0,SPAIN,2023-01-31 10:00:00,2023-01-31 11:00:00,HOUR,El Parque de Ciudad Real,16,49704309
325.0,SPAIN,2023-01-31 11:00:00,2023-01-31 12:00:00,HOUR,El Parque de Ciudad Real,16,49704309
296.0,SPAIN,2023-01-31 12:00:00,2023-01-31 13:00:00,HOUR,El Parque de Ciudad Real,16,49704309
269.0,SPAIN,2023-01-31 13:00:00,2023-01-31 14:00:00,HOUR,El Parque de Ciudad Real,16,49704309
259.0,SPAIN,2023-01-31 14:00:00,2023-01-31 15:00:00,HOUR,El Parque de Ciudad Real,16,49704309
258.0,SPAIN,2023-01-31 15:00:00,2023-01-31 16:00:00,HOUR,El Parque de Ciudad Real,16,49704309
258.0,SPAIN,2023-01-31 16:00:00,2023-01-31 17:00:00,HOUR,El Parque de Ciudad Real,16,49704309
353.0,SPAIN,2023-01-31 17:00:00,2023-01-31 18:00:00,HOUR,El Parque de Ciudad Real,16,49704309
399.0,SPAIN,2023-01-31 18:00:00,2023-01-31 19:00:00,HOUR,El Parque de Ciudad Real,16,49704309
392.0,SPAIN,2023-01-31 19:00:00,2023-01-31 20:00:00,HOUR,El Parque de Ciudad Real,16,49704309
264.0,SPAIN,2023-01-31 20:00:00,2023-01-31 21:00:00,HOUR,El Parque de Ciudad Real,16,49704309
250.0,SPAIN,2023-01-31 21:00:00,2023-01-31 22:00:00,HOUR,El Parque de Ciudad Real,16,49704309
1301.0,SPAIN,2023-01-30 10:00:00,2023-01-30 11:00:00,HOUR,El Paseo,17,49693310
1327.0,SPAIN,2023-01-30 11:00:00,2023-01-30 12:00:00,HOUR,El Paseo,17,49693310
1327.0,SPAIN,2023-01-30 12:00:00,2023-01-30 13:00:00,HOUR,El Paseo,17,49693310
1208.0,SPAIN,2023-01-30 13:00:00,2023-01-30 14:00:00,HOUR,El Paseo,17,49693310
1346.0,SPAIN,2023-01-30 14:00:00,2023-01-30 15:00:00,HOUR,El Paseo,17,49693310
1415.0,SPAIN,2023-01-30 15:00:00,2023-01-30 16:00:00,HOUR,El Paseo,17,49693310
1511.0,SPAIN,2023-01-30 16:00:00,2023-01-30 17:00:00,HOUR,El Paseo,17,49693310
1714.0,SPAIN,2023-01-30 17:00:00,2023-01-30 18:00:00,HOUR,El Paseo,17,49693310
1801.0,SPAIN,2023-01-30 18:00:00,2023-01-30 19:00:00,HOUR,El Paseo,17,49693310
1807.0,SPAIN,2023-01-30 19:00:00,2023-01-30 20:00:00,HOUR,El Paseo,17,49693310
1537.0,SPAIN,2023-01-30 20:00:00,2023-01-30 21:00:00,HOUR,El Paseo,17,49693310
1458.0,SPAIN,2023-01-30 21:00:00,2023-01-30 22:00:00,HOUR,El Paseo,17,49693310
1016.0,SPAIN,2023-01-31 10:00:00,2023-01-31 11:00:00,HOUR,El Paseo,17,49693310
1130.0,SPAIN,2023-01-31 11:00:00,2023-01-31 12:00:00,HOUR,El Paseo,17,49693310
1149.0,SPAIN,2023-01-31 12:00:00,2023-01-31 13:00:00,HOUR,El Paseo,17,49693310
1108.0,SPAIN,2023-01-31 13:00:00,2023-01-31 14:00:00,HOUR,El Paseo,17,49693310
1198.0,SPAIN,2023-01-31 14:00:00,2023-01-31 15:00:00,HOUR,El Paseo,17,49693310
1269.0,SPAIN,2023-01-31 15:00:00,2023-01-31 16:00:00,HOUR,El Paseo,17,49693310
1298.0,SPAIN,2023-01-31 16:00:00,2023-01-31 17:00:00,HOUR,El Paseo,17,49693310
1376.0,SPAIN,2023-01-31 17:00:00,2023-01-31 18:00:00,HOUR,El Paseo,17,49693310
1408.0,SPAIN,2023-01-31 18:00:00,2023-01-31 19:00:00,HOUR,El Paseo,17,49693310
1466.0,SPAIN,2023-01-31 19:00:00,2023-01-31 20:00:00,HOUR,El Paseo,17,49693310
1321.0,SPAIN,2023-01-31 20:00:00,2023-01-31 21:00:00,HOUR,El Paseo,17,49693310
1168.0,SPAIN,2023-01-31 21:00:00,2023-01-31 22:00:00,HOUR,El Paseo,17,49693310
482.0,SPAIN,2023-01-30 10:00:00,2023-01-30 11:00:00,HOUR,El Restón,44,179001706
539.0,SPAIN,2023-01-30 11:00:00,2023-01-30 12:00:00,HOUR,El Restón,44,179001706
496.0,SPAIN,2023-01-30 12:00:00,2023-01-30 13:00:00,HOUR,El Restón,44,179001706
515.0,SPAIN,2023-01-30 13:00:00,2023-01-30 14:00:00,HOUR,El Restón,44,179001706
588.0,SPAIN,2023-01-30 14:00:00,2023-01-30 15:00:00,HOUR,El Restón,44,179001706
518.0,SPAIN,2023-01-30 15:00:00,2023-01-30 16:00:00,HOUR,El Restón,44,179001706
544.0,SPAIN,2023-01-30 16:00:00,2023-01-30 17:00:00,HOUR,El Restón,44,179001706
682.0,SPAIN,2023-01-30 17:00:00,2023-01-30 18:00:00,HOUR,El Restón,44,179001706
658.0,SPAIN,2023-01-30 18:00:00,2023-01-30 19:00:00,HOUR,El Restón,44,179001706
668.0,SPAIN,2023-01-30 19:00:00,2023-01-30 20:00:00,HOUR,El Restón,44,179001706
608.0,SPAIN,2023-01-30 20:00:00,2023-01-30 21:00:00,HOUR,El Restón,44,179001706
605.0,SPAIN,2023-01-30 21:00:00,2023-01-30 22:00:00,HOUR,El Restón,44,179001706
538.0,SPAIN,2023-01-31 10:00:00,2023-01-31 11:00:00,HOUR,El Restón,44,179001706
543.0,SPAIN,2023-01-31 11:00:00,2023-01-31 12:00:00,HOUR,El Restón,44,179001706
606.0,SPAIN,2023-01-31 12:00:00,2023-01-31 13:00:00,HOUR,El Restón,44,179001706
635.0,SPAIN,2023-01-31 13:00:00,2023-01-31 14:00:00,HOUR,El Restón,44,179001706
611.0,SPAIN,2023-01-31 14:00:00,2023-01-31 15:00:00,HOUR,El Restón,44,179001706
614.0,SPAIN,2023-01-31 15:00:00,2023-01-31 16:00:00,HOUR,El Restón,44,179001706
536.0,SPAIN,2023-01-31 16:00:00,2023-01-31 17:00:00,HOUR,El Restón,44,179001706
662.0,SPAIN,2023-01-31 17:00:00,2023-01-31 18:00:00,HOUR,El Restón,44,179001706
715.0,SPAIN,2023-01-31 18:00:00,2023-01-31 19:00:00,HOUR,El Restón,44,179001706
697.0,SPAIN,2023-01-31 19:00:00,2023-01-31 20:00:00,HOUR,El Restón,44,179001706
624.0,SPAIN,2023-01-31 20:00:00,2023-01-31 21:00:00,HOUR,El Restón,44,179001706
601.0,SPAIN,2023-01-31 21:00:00,2023-01-31 22:00:00,HOUR,El Restón,44,179001706
2972.0,SPAIN,2023-01-30 10:00:00,2023-01-30 11:00:00,HOUR,El Rosal,18,49703114
3297.0,SPAIN,2023-01-30 11:00:00,2023-01-30 12:00:00,HOUR,El Rosal,18,49703114
3535.0,SPAIN,2023-01-30 12:00:00,2023-01-30 13:00:00,HOUR,El Rosal,18,49703114
3470.0,SPAIN,2023-01-30 13:00:00,2023-01-30 14:00:00,HOUR,El Rosal,18,49703114
3318.0,SPAIN,2023-01-30 14:00:00,2023-01-30 15:00:00,HOUR,El Rosal,18,49703114
3540.0,SPAIN,2023-01-30 15:00:00,2023-01-30 16:00:00,HOUR,El Rosal,18,49703114
3802.0,SPAIN,2023-01-30 16:00:00,2023-01-30 17:00:00,HOUR,El Rosal,18,49703114
4163.0,SPAIN,2023-01-30 17:00:00,2023-01-30 18:00:00,HOUR,El Rosal,18,49703114
4635.0,SPAIN,2023-01-30 18:00:00,2023-01-30 19:00:00,HOUR,El Rosal,18,49703114
4820.0,SPAIN,2023-01-30 19:00:00,2023-01-30 20:00:00,HOUR,El Rosal,18,49703114
4455.0,SPAIN,2023-01-30 20:00:00,2023-01-30 21:00:00,HOUR,El Rosal,18,49703114
3387.0,SPAIN,2023-01-30 21:00:00,2023-01-30 22:00:00,HOUR,El Rosal,18,49703114
2739.0,SPAIN,2023-01-31 10:00:00,2023-01-31 11:00:00,HOUR,El Rosal,18,49703114
3122.0,SPAIN,2023-01-31 11:00:00,2023-01-31 12:00:00,HOUR,El Rosal,18,49703114
3297.0,SPAIN,2023-01-31 12:00:00,2023-01-31 13:00:00,HOUR,El Rosal,18,49703114
3335.0,SPAIN,2023-01-31 13:00:00,2023-01-31 14:00:00,HOUR,El Rosal,18,49703114
3329.0,SPAIN,2023-01-31 14:00:00,2023-01-31 15:00:00,HOUR,El Rosal,18,49703114
3622.0,SPAIN,2023-01-31 15:00:00,2023-01-31 16:00:00,HOUR,El Rosal,18,49703114
3661.0,SPAIN,2023-01-31 16:00:00,2023-01-31 17:00:00,HOUR,El Rosal,18,49703114
3961.0,SPAIN,2023-01-31 17:00:00,2023-01-31 18:00:00,HOUR,El Rosal,18,49703114
4413.0,SPAIN,2023-01-31 18:00:00,2023-01-31 19:00:00,HOUR,El Rosal,18,49703114
4935.0,SPAIN,2023-01-31 19:00:00,2023-01-31 20:00:00,HOUR,El Rosal,18,49703114
4304.0,SPAIN,2023-01-31 20:00:00,2023-01-31 21:00:00,HOUR,El Rosal,18,49703114
3461.0,SPAIN,2023-01-31 21:00:00,2023-01-31 22:00:00,HOUR,El Rosal,18,49703114
884.0,SPAIN,2023-01-30 10:00:00,2023-01-30 11:00:00,HOUR,Espacio Coruña,19,49703134
1025.0,SPAIN,2023-01-30 11:00:00,2023-01-30 12:00:00,HOUR,Espacio Coruña,19,49703134
902.0,SPAIN,2023-01-30 12:00:00,2023-01-30 13:00:00,HOUR,Espacio Coruña,19,49703134
783.0,SPAIN,2023-01-30 13:00:00,2023-01-30 14:00:00,HOUR,Espacio Coruña,19,49703134
696.0,SPAIN,2023-01-30 14:00:00,2023-01-30 15:00:00,HOUR,Espacio Coruña,19,49703134
704.0,SPAIN,2023-01-30 15:00:00,2023-01-30 16:00:00,HOUR,Espacio Coruña,19,49703134
629.0,SPAIN,2023-01-30 16:00:00,2023-01-30 17:00:00,HOUR,Espacio Coruña,19,49703134
632.0,SPAIN,2023-01-30 17:00:00,2023-01-30 18:00:00,HOUR,Espacio Coruña,19,49703134
776.0,SPAIN,2023-01-30 18:00:00,2023-01-30 19:00:00,HOUR,Espacio Coruña,19,49703134
901.0,SPAIN,2023-01-30 19:00:00,2023-01-30 20:00:00,HOUR,Espacio Coruña,19,49703134
824.0,SPAIN,2023-01-30 20:00:00,2023-01-30 21:00:00,HOUR,Espacio Coruña,19,49703134
564.0,SPAIN,2023-01-30 21:00:00,2023-01-30 22:00:00,HOUR,Espacio Coruña,19,49703134
867.0,SPAIN,2023-01-31 10:00:00,2023-01-31 11:00:00,HOUR,Espacio Coruña,19,49703134
872.0,SPAIN,2023-01-31 11:00:00,2023-01-31 12:00:00,HOUR,Espacio Coruña,19,49703134
793.0,SPAIN,2023-01-31 12:00:00,2023-01-31 13:00:00,HOUR,Espacio Coruña,19,49703134
646.0,SPAIN,2023-01-31 13:00:00,2023-01-31 14:00:00,HOUR,Espacio Coruña,19,49703134
665.0,SPAIN,2023-01-31 14:00:00,2023-01-31 15:00:00,HOUR,Espacio Coruña,19,49703134
658.0,SPAIN,2023-01-31 15:00:00,2023-01-31 16:00:00,HOUR,Espacio Coruña,19,49703134
691.0,SPAIN,2023-01-31 16:00:00,2023-01-31 17:00:00,HOUR,Espacio Coruña,19,49703134
744.0,SPAIN,2023-01-31 17:00:00,2023-01-31 18:00:00,HOUR,Espacio Coruña,19,49703134
823.0,SPAIN,2023-01-31 18:00:00,2023-01-31 19:00:00,HOUR,Espacio Coruña,19,49703134
868.0,SPAIN,2023-01-31 19:00:00,2023-01-31 20:00:00,HOUR,Espacio Coruña,19,49703134
725.0,SPAIN,2023-01-31 20:00:00,2023-01-31 21:00:00,HOUR,Espacio Coruña,19,49703134
571.0,SPAIN,2023-01-31 21:00:00,2023-01-31 22:00:00,HOUR,Espacio Coruña,19,49703134
2266.0,SPAIN,2023-01-30 10:00:00,2023-01-30 11:00:00,HOUR,Espacio León,20,21016084
2665.0,SPAIN,2023-01-30 11:00:00,2023-01-30 12:00:00,HOUR,Espacio León,20,21016084
2756.0,SPAIN,2023-01-30 12:00:00,2023-01-30 13:00:00,HOUR,Espacio León,20,21016084
2572.0,SPAIN,2023-01-30 13:00:00,2023-01-30 14:00:00,HOUR,Espacio León,20,21016084
2686.0,SPAIN,2023-01-30 14:00:00,2023-01-30 15:00:00,HOUR,Espacio León,20,21016084
2985.0,SPAIN,2023-01-30 15:00:00,2023-01-30 16:00:00,HOUR,Espacio León,20,21016084
3008.0,SPAIN,2023-01-30 16:00:00,2023-01-30 17:00:00,HOUR,Espacio León,20,21016084
3019.0,SPAIN,2023-01-30 17:00:00,2023-01-30 18:00:00,HOUR,Espacio León,20,21016084
3443.0,SPAIN,2023-01-30 18:00:00,2023-01-30 19:00:00,HOUR,Espacio León,20,21016084
3341.0,SPAIN,2023-01-30 19:00:00,2023-01-30 20:00:00,HOUR,Espacio León,20,21016084
3085.0,SPAIN,2023-01-30 20:00:00,2023-01-30 21:00:00,HOUR,Espacio León,20,21016084
2478.0,SPAIN,2023-01-30 21:00:00,2023-01-30 22:00:00,HOUR,Espacio León,20,21016084
2160.0,SPAIN,2023-01-31 10:00:00,2023-01-31 11:00:00,HOUR,Espacio León,20,21016084
2232.0,SPAIN,2023-01-31 11:00:00,2023-01-31 12:00:00,HOUR,Espacio León,20,21016084
2489.0,SPAIN,2023-01-31 12:00:00,2023-01-31 13:00:00,HOUR,Espacio León,20,21016084
2484.0,SPAIN,2023-01-31 13:00:00,2023-01-31 14:00:00,HOUR,Espacio León,20,21016084
2550.0,SPAIN,2023-01-31 14:00:00,2023-01-31 15:00:00,HOUR,Espacio León,20,21016084
2779.0,SPAIN,2023-01-31 15:00:00,2023-01-31 16:00:00,HOUR,Espacio León,20,21016084
2740.0,SPAIN,2023-01-31 16:00:00,2023-01-31 17:00:00,HOUR,Espacio León,20,21016084
2971.0,SPAIN,2023-01-31 17:00:00,2023-01-31 18:00:00,HOUR,Espacio León,20,21016084
3360.0,SPAIN,2023-01-31 18:00:00,2023-01-31 19:00:00,HOUR,Espacio León,20,21016084
3398.0,SPAIN,2023-01-31 19:00:00,2023-01-31 20:00:00,HOUR,Espacio León,20,21016084
3421.0,SPAIN,2023-01-31 20:00:00,2023-01-31 21:00:00,HOUR,Espacio León,20,21016084
2962.0,SPAIN,2023-01-31 21:00:00,2023-01-31 22:00:00,HOUR,Espacio León,20,21016084
1579.0,SPAIN,2023-01-30 10:00:00,2023-01-30 11:00:00,HOUR,Getafe The Style Outlets,45,49703179
1711.0,SPAIN,2023-01-30 11:00:00,2023-01-30 12:00:00,HOUR,Getafe The Style Outlets,45,49703179
2089.0,SPAIN,2023-01-30 12:00:00,2023-01-30 13:00:00,HOUR,Getafe The Style Outlets,45,49703179
1876.0,SPAIN,2023-01-30 13:00:00,2023-01-30 14:00:00,HOUR,Getafe The Style Outlets,45,49703179
1561.0,SPAIN,2023-01-30 14:00:00,2023-01-30 15:00:00,HOUR,Getafe The Style Outlets,45,49703179
1437.0,SPAIN,2023-01-30 15:00:00,2023-01-30 16:00:00,HOUR,Getafe The Style Outlets,45,49703179
1647.0,SPAIN,2023-01-30 16:00:00,2023-01-30 17:00:00,HOUR,Getafe The Style Outlets,45,49703179
1954.0,SPAIN,2023-01-30 17:00:00,2023-01-30 18:00:00,HOUR,Getafe The Style Outlets,45,49703179
2351.0,SPAIN,2023-01-30 18:00:00,2023-01-30 19:00:00,HOUR,Getafe The Style Outlets,45,49703179
2481.0,SPAIN,2023-01-30 19:00:00,2023-01-30 20:00:00,HOUR,Getafe The Style Outlets,45,49703179
2059.0,SPAIN,2023-01-30 20:00:00,2023-01-30 21:00:00,HOUR,Getafe The Style Outlets,45,49703179
1194.0,SPAIN,2023-01-30 21:00:00,2023-01-30 22:00:00,HOUR,Getafe The Style Outlets,45,49703179
1511.0,SPAIN,2023-01-31 10:00:00,2023-01-31 11:00:00,HOUR,Getafe The Style Outlets,45,49703179
1880.0,SPAIN,2023-01-31 11:00:00,2023-01-31 12:00:00,HOUR,Getafe The Style Outlets,45,49703179
2009.0,SPAIN,2023-01-31 12:00:00,2023-01-31 13:00:00,HOUR,Getafe The Style Outlets,45,49703179
1927.0,SPAIN,2023-01-31 13:00:00,2023-01-31 14:00:00,HOUR,Getafe The Style Outlets,45,49703179
1761.0,SPAIN,2023-01-31 14:00:00,2023-01-31 15:00:00,HOUR,Getafe The Style Outlets,45,49703179
1741.0,SPAIN,2023-01-31 15:00:00,2023-01-31 16:00:00,HOUR,Getafe The Style Outlets,45,49703179
1755.0,SPAIN,2023-01-31 16:00:00,2023-01-31 17:00:00,HOUR,Getafe The Style Outlets,45,49703179
2195.0,SPAIN,2023-01-31 17:00:00,2023-01-31 18:00:00,HOUR,Getafe The Style Outlets,45,49703179
2575.0,SPAIN,2023-01-31 18:00:00,2023-01-31 19:00:00,HOUR,Getafe The Style Outlets,45,49703179
2562.0,SPAIN,2023-01-31 19:00:00,2023-01-31 20:00:00,HOUR,Getafe The Style Outlets,45,49703179
2124.0,SPAIN,2023-01-31 20:00:00,2023-01-31 21:00:00,HOUR,Getafe The Style Outlets,45,49703179
1140.0,SPAIN,2023-01-31 21:00:00,2023-01-31 22:00:00,HOUR,Getafe The Style Outlets,45,49703179
1528.0,SPAIN,2023-01-30 10:00:00,2023-01-30 11:00:00,HOUR,Gran Plaza 2,25,49759419
1912.0,SPAIN,2023-01-30 11:00:00,2023-01-30 12:00:00,HOUR,Gran Plaza 2,25,49759419
2242.0,SPAIN,2023-01-30 12:00:00,2023-01-30 13:00:00,HOUR,Gran Plaza 2,25,49759419
2274.0,SPAIN,2023-01-30 13:00:00,2023-01-30 14:00:00,HOUR,Gran Plaza 2,25,49759419
2112.0,SPAIN,2023-01-30 14:00:00,2023-01-30 15:00:00,HOUR,Gran Plaza 2,25,49759419
2172.0,SPAIN,2023-01-30 15:00:00,2023-01-30 16:00:00,HOUR,Gran Plaza 2,25,49759419
2125.0,SPAIN,2023-01-30 16:00:00,2023-01-30 17:00:00,HOUR,Gran Plaza 2,25,49759419
2489.0,SPAIN,2023-01-30 17:00:00,2023-01-30 18:00:00,HOUR,Gran Plaza 2,25,49759419
2951.0,SPAIN,2023-01-30 18:00:00,2023-01-30 19:00:00,HOUR,Gran Plaza 2,25,49759419
2966.0,SPAIN,2023-01-30 19:00:00,2023-01-30 20:00:00,HOUR,Gran Plaza 2,25,49759419
2476.0,SPAIN,2023-01-30 20:00:00,2023-01-30 21:00:00,HOUR,Gran Plaza 2,25,49759419
1510.0,SPAIN,2023-01-30 21:00:00,2023-01-30 22:00:00,HOUR,Gran Plaza 2,25,49759419
1618.0,SPAIN,2023-01-31 10:00:00,2023-01-31 11:00:00,HOUR,Gran Plaza 2,25,49759419
1937.0,SPAIN,2023-01-31 11:00:00,2023-01-31 12:00:00,HOUR,Gran Plaza 2,25,49759419
2165.0,SPAIN,2023-01-31 12:00:00,2023-01-31 13:00:00,HOUR,Gran Plaza 2,25,49759419
2096.0,SPAIN,2023-01-31 13:00:00,2023-01-31 14:00:00,HOUR,Gran Plaza 2,25,49759419
2159.0,SPAIN,2023-01-31 14:00:00,2023-01-31 15:00:00,HOUR,Gran Plaza 2,25,49759419
2139.0,SPAIN,2023-01-31 15:00:00,2023-01-31 16:00:00,HOUR,Gran Plaza 2,25,49759419
2256.0,SPAIN,2023-01-31 16:00:00,2023-01-31 17:00:00,HOUR,Gran Plaza 2,25,49759419
2515.0,SPAIN,2023-01-31 17:00:00,2023-01-31 18:00:00,HOUR,Gran Plaza 2,25,49759419
2944.0,SPAIN,2023-01-31 18:00:00,2023-01-31 19:00:00,HOUR,Gran Plaza 2,25,49759419
3025.0,SPAIN,2023-01-31 19:00:00,2023-01-31 20:00:00,HOUR,Gran Plaza 2,25,49759419
2467.0,SPAIN,2023-01-31 20:00:00,2023-01-31 21:00:00,HOUR,Gran Plaza 2,25,49759419
1587.0,SPAIN,2023-01-31 21:00:00,2023-01-31 22:00:00,HOUR,Gran Plaza 2,25,49759419
2044.0,SPAIN,2023-01-30 10:00:00,2023-01-30 11:00:00,HOUR,Gran Vía 2,26,49566867
2517.0,SPAIN,2023-01-30 11:00:00,2023-01-30 12:00:00,HOUR,Gran Vía 2,26,49566867
2726.0,SPAIN,2023-01-30 12:00:00,2023-01-30 13:00:00,HOUR,Gran Vía 2,26,49566867
2929.0,SPAIN,2023-01-30 13:00:00,2023-01-30 14:00:00,HOUR,Gran Vía 2,26,49566867
3046.0,SPAIN,2023-01-30 14:00:00,2023-01-30 15:00:00,HOUR,Gran Vía 2,26,49566867
2745.0,SPAIN,2023-01-30 15:00:00,2023-01-30 16:00:00,HOUR,Gran Vía 2,26,49566867
2905.0,SPAIN,2023-01-30 16:00:00,2023-01-30 17:00:00,HOUR,Gran Vía 2,26,49566867
3387.0,SPAIN,2023-01-30 17:00:00,2023-01-30 18:00:00,HOUR,Gran Vía 2,26,49566867
4156.0,SPAIN,2023-01-30 18:00:00,2023-01-30 19:00:00,HOUR,Gran Vía 2,26,49566867
3934.0,SPAIN,2023-01-30 19:00:00,2023-01-30 20:00:00,HOUR,Gran Vía 2,26,49566867
2805.0,SPAIN,2023-01-30 20:00:00,2023-01-30 21:00:00,HOUR,Gran Vía 2,26,49566867
1827.0,SPAIN,2023-01-30 21:00:00,2023-01-30 22:00:00,HOUR,Gran Vía 2,26,49566867
2425.0,SPAIN,2023-01-31 10:00:00,2023-01-31 11:00:00,HOUR,Gran Vía 2,26,49566867
2835.0,SPAIN,2023-01-31 11:00:00,2023-01-31 12:00:00,HOUR,Gran Vía 2,26,49566867
3239.0,SPAIN,2023-01-31 12:00:00,2023-01-31 13:00:00,HOUR,Gran Vía 2,26,49566867
3164.0,SPAIN,2023-01-31 13:00:00,2023-01-31 14:00:00,HOUR,Gran Vía 2,26,49566867
3803.0,SPAIN,2023-01-31 14:00:00,2023-01-31 15:00:00,HOUR,Gran Vía 2,26,49566867
3092.0,SPAIN,2023-01-31 15:00:00,2023-01-31 16:00:00,HOUR,Gran Vía 2,26,49566867
2815.0,SPAIN,2023-01-31 16:00:00,2023-01-31 17:00:00,HOUR,Gran Vía 2,26,49566867
3561.0,SPAIN,2023-01-31 17:00:00,2023-01-31 18:00:00,HOUR,Gran Vía 2,26,49566867
4320.0,SPAIN,2023-01-31 18:00:00,2023-01-31 19:00:00,HOUR,Gran Vía 2,26,49566867
4357.0,SPAIN,2023-01-31 19:00:00,2023-01-31 20:00:00,HOUR,Gran Vía 2,26,49566867
3255.0,SPAIN,2023-01-31 20:00:00,2023-01-31 21:00:00,HOUR,Gran Vía 2,26,49566867
2020.0,SPAIN,2023-01-31 21:00:00,2023-01-31 22:00:00,HOUR,Gran Vía 2,26,49566867
1302.0,SPAIN,2023-01-30 10:00:00,2023-01-30 11:00:00,HOUR,Gran Vía de Vigo,27,230296243
1663.0,SPAIN,2023-01-30 11:00:00,2023-01-30 12:00:00,HOUR,Gran Vía de Vigo,27,230296243
1747.0,SPAIN,2023-01-30 12:00:00,2023-01-30 13:00:00,HOUR,Gran Vía de Vigo,27,230296243
1591.0,SPAIN,2023-01-30 13:00:00,2023-01-30 14:00:00,HOUR,Gran Vía de Vigo,27,230296243
1461.0,SPAIN,2023-01-30 14:00:00,2023-01-30 15:00:00,HOUR,Gran Vía de Vigo,27,230296243
1491.0,SPAIN,2023-01-30 15:00:00,2023-01-30 16:00:00,HOUR,Gran Vía de Vigo,27,230296243
1666.0,SPAIN,2023-01-30 16:00:00,2023-01-30 17:00:00,HOUR,Gran Vía de Vigo,27,230296243
2058.0,SPAIN,2023-01-30 17:00:00,2023-01-30 18:00:00,HOUR,Gran Vía de Vigo,27,230296243
2455.0,SPAIN,2023-01-30 18:00:00,2023-01-30 19:00:00,HOUR,Gran Vía de Vigo,27,230296243
2389.0,SPAIN,2023-01-30 19:00:00,2023-01-30 20:00:00,HOUR,Gran Vía de Vigo,27,230296243
1879.0,SPAIN,2023-01-30 20:00:00,2023-01-30 21:00:00,HOUR,Gran Vía de Vigo,27,230296243
1199.0,SPAIN,2023-01-30 21:00:00,2023-01-30 22:00:00,HOUR,Gran Vía de Vigo,27,230296243
1377.0,SPAIN,2023-01-31 10:00:00,2023-01-31 11:00:00,HOUR,Gran Vía de Vigo,27,230296243
1609.0,SPAIN,2023-01-31 11:00:00,2023-01-31 12:00:00,HOUR,Gran Vía de Vigo,27,230296243
1686.0,SPAIN,2023-01-31 12:00:00,2023-01-31 13:00:00,HOUR,Gran Vía de Vigo,27,230296243
1700.0,SPAIN,2023-01-31 13:00:00,2023-01-31 14:00:00,HOUR,Gran Vía de Vigo,27,230296243
1553.0,SPAIN,2023-01-31 14:00:00,2023-01-31 15:00:00,HOUR,Gran Vía de Vigo,27,230296243
1648.0,SPAIN,2023-01-31 15:00:00,2023-01-31 16:00:00,HOUR,Gran Vía de Vigo,27,230296243
1849.0,SPAIN,2023-01-31 16:00:00,2023-01-31 17:00:00,HOUR,Gran Vía de Vigo,27,230296243
2072.0,SPAIN,2023-01-31 17:00:00,2023-01-31 18:00:00,HOUR,Gran Vía de Vigo,27,230296243
2223.0,SPAIN,2023-01-31 18:00:00,2023-01-31 19:00:00,HOUR,Gran Vía de Vigo,27,230296243
2324.0,SPAIN,2023-01-31 19:00:00,2023-01-31 20:00:00,HOUR,Gran Vía de Vigo,27,230296243
1919.0,SPAIN,2023-01-31 20:00:00,2023-01-31 21:00:00,HOUR,Gran Vía de Vigo,27,230296243
1377.0,SPAIN,2023-01-31 21:00:00,2023-01-31 22:00:00,HOUR,Gran Vía de Vigo,27,230296243
3965.0,SPAIN,2023-01-30 10:00:00,2023-01-30 11:00:00,HOUR,GranCasa,24,49758924
4684.0,SPAIN,2023-01-30 11:00:00,2023-01-30 12:00:00,HOUR,GranCasa,24,49758924
4513.0,SPAIN,2023-01-30 12:00:00,2023-01-30 13:00:00,HOUR,GranCasa,24,49758924
4840.0,SPAIN,2023-01-30 13:00:00,2023-01-30 14:00:00,HOUR,GranCasa,24,49758924
4507.0,SPAIN,2023-01-30 14:00:00,2023-01-30 15:00:00,HOUR,GranCasa,24,49758924
4488.0,SPAIN,2023-01-30 15:00:00,2023-01-30 16:00:00,HOUR,GranCasa,24,49758924
4403.0,SPAIN,2023-01-30 16:00:00,2023-01-30 17:00:00,HOUR,GranCasa,24,49758924
4781.0,SPAIN,2023-01-30 17:00:00,2023-01-30 18:00:00,HOUR,GranCasa,24,49758924
5334.0,SPAIN,2023-01-30 18:00:00,2023-01-30 19:00:00,HOUR,GranCasa,24,49758924
5190.0,SPAIN,2023-01-30 19:00:00,2023-01-30 20:00:00,HOUR,GranCasa,24,49758924
4891.0,SPAIN,2023-01-30 20:00:00,2023-01-30 21:00:00,HOUR,GranCasa,24,49758924
4511.0,SPAIN,2023-01-30 21:00:00,2023-01-30 22:00:00,HOUR,GranCasa,24,49758924
5641.0,SPAIN,2023-01-31 10:00:00,2023-01-31 11:00:00,HOUR,GranCasa,24,49758924
6103.0,SPAIN,2023-01-31 11:00:00,2023-01-31 12:00:00,HOUR,GranCasa,24,49758924
6382.0,SPAIN,2023-01-31 12:00:00,2023-01-31 13:00:00,HOUR,GranCasa,24,49758924
6277.0,SPAIN,2023-01-31 13:00:00,2023-01-31 14:00:00,HOUR,GranCasa,24,49758924
6132.0,SPAIN,2023-01-31 14:00:00,2023-01-31 15:00:00,HOUR,GranCasa,24,49758924
6095.0,SPAIN,2023-01-31 15:00:00,2023-01-31 16:00:00,HOUR,GranCasa,24,49758924
6323.0,SPAIN,2023-01-31 16:00:00,2023-01-31 17:00:00,HOUR,GranCasa,24,49758924
6777.0,SPAIN,2023-01-31 17:00:00,2023-01-31 18:00:00,HOUR,GranCasa,24,49758924
7581.0,SPAIN,2023-01-31 18:00:00,2023-01-31 19:00:00,HOUR,GranCasa,24,49758924
7786.0,SPAIN,2023-01-31 19:00:00,2023-01-31 20:00:00,HOUR,GranCasa,24,49758924
6893.0,SPAIN,2023-01-31 20:00:00,2023-01-31 21:00:00,HOUR,GranCasa,24,49758924
5569.0,SPAIN,2023-01-31 21:00:00,2023-01-31 22:00:00,HOUR,GranCasa,24,49758924
2917.0,SPAIN,2023-01-30 10:00:00,2023-01-30 11:00:00,HOUR,L'Illa Diagonal,2,54879470
3627.0,SPAIN,2023-01-30 11:00:00,2023-01-30 12:00:00,HOUR,L'Illa Diagonal,2,54879470
3891.0,SPAIN,2023-01-30 12:00:00,2023-01-30 13:00:00,HOUR,L'Illa Diagonal,2,54879470
4305.0,SPAIN,2023-01-30 13:00:00,2023-01-30 14:00:00,HOUR,L'Illa Diagonal,2,54879470
4251.0,SPAIN,2023-01-30 14:00:00,2023-01-30 15:00:00,HOUR,L'Illa Diagonal,2,54879470
4261.0,SPAIN,2023-01-30 15:00:00,2023-01-30 16:00:00,HOUR,L'Illa Diagonal,2,54879470
4046.0,SPAIN,2023-01-30 16:00:00,2023-01-30 17:00:00,HOUR,L'Illa Diagonal,2,54879470
4139.0,SPAIN,2023-01-30 17:00:00,2023-01-30 18:00:00,HOUR,L'Illa Diagonal,2,54879470
4355.0,SPAIN,2023-01-30 18:00:00,2023-01-30 19:00:00,HOUR,L'Illa Diagonal,2,54879470
3938.0,SPAIN,2023-01-30 19:00:00,2023-01-30 20:00:00,HOUR,L'Illa Diagonal,2,54879470
2554.0,SPAIN,2023-01-30 20:00:00,2023-01-30 21:00:00,HOUR,L'Illa Diagonal,2,54879470
1187.0,SPAIN,2023-01-30 21:00:00,2023-01-30 22:00:00,HOUR,L'Illa Diagonal,2,54879470
3054.0,SPAIN,2023-01-31 10:00:00,2023-01-31 11:00:00,HOUR,L'Illa Diagonal,2,54879470
3694.0,SPAIN,2023-01-31 11:00:00,2023-01-31 12:00:00,HOUR,L'Illa Diagonal,2,54879470
4039.0,SPAIN,2023-01-31 12:00:00,2023-01-31 13:00:00,HOUR,L'Illa Diagonal,2,54879470
4363.0,SPAIN,2023-01-31 13:00:00,2023-01-31 14:00:00,HOUR,L'Illa Diagonal,2,54879470
4408.0,SPAIN,2023-01-31 14:00:00,2023-01-31 15:00:00,HOUR,L'Illa Diagonal,2,54879470
3983.0,SPAIN,2023-01-31 15:00:00,2023-01-31 16:00:00,HOUR,L'Illa Diagonal,2,54879470
3621.0,SPAIN,2023-01-31 16:00:00,2023-01-31 17:00:00,HOUR,L'Illa Diagonal,2,54879470
4376.0,SPAIN,2023-01-31 17:00:00,2023-01-31 18:00:00,HOUR,L'Illa Diagonal,2,54879470
4760.0,SPAIN,2023-01-31 18:00:00,2023-01-31 19:00:00,HOUR,L'Illa Diagonal,2,54879470
4287.0,SPAIN,2023-01-31 19:00:00,2023-01-31 20:00:00,HOUR,L'Illa Diagonal,2,54879470
3012.0,SPAIN,2023-01-31 20:00:00,2023-01-31 21:00:00,HOUR,L'Illa Diagonal,2,54879470
1322.0,SPAIN,2023-01-31 21:00:00,2023-01-31 22:00:00,HOUR,L'Illa Diagonal,2,54879470
535.0,SPAIN,2023-01-30 10:00:00,2023-01-30 11:00:00,HOUR,La Farga,29,49759571
677.0,SPAIN,2023-01-30 11:00:00,2023-01-30 12:00:00,HOUR,La Farga,29,49759571
704.0,SPAIN,2023-01-30 12:00:00,2023-01-30 13:00:00,HOUR,La Farga,29,49759571
689.0,SPAIN,2023-01-30 13:00:00,2023-01-30 14:00:00,HOUR,La Farga,29,49759571
799.0,SPAIN,2023-01-30 14:00:00,2023-01-30 15:00:00,HOUR,La Farga,29,49759571
714.0,SPAIN,2023-01-30 15:00:00,2023-01-30 16:00:00,HOUR,La Farga,29,49759571
681.0,SPAIN,2023-01-30 16:00:00,2023-01-30 17:00:00,HOUR,La Farga,29,49759571
776.0,SPAIN,2023-01-30 17:00:00,2023-01-30 18:00:00,HOUR,La Farga,29,49759571
857.0,SPAIN,2023-01-30 18:00:00,2023-01-30 19:00:00,HOUR,La Farga,29,49759571
678.0,SPAIN,2023-01-30 19:00:00,2023-01-30 20:00:00,HOUR,La Farga,29,49759571
622.0,SPAIN,2023-01-30 20:00:00,2023-01-30 21:00:00,HOUR,La Farga,29,49759571
564.0,SPAIN,2023-01-30 21:00:00,2023-01-30 22:00:00,HOUR,La Farga,29,49759571
570.0,SPAIN,2023-01-31 10:00:00,2023-01-31 11:00:00,HOUR,La Farga,29,49759571
693.0,SPAIN,2023-01-31 11:00:00,2023-01-31 12:00:00,HOUR,La Farga,29,49759571
724.0,SPAIN,2023-01-31 12:00:00,2023-01-31 13:00:00,HOUR,La Farga,29,49759571
764.0,SPAIN,2023-01-31 13:00:00,2023-01-31 14:00:00,HOUR,La Farga,29,49759571
889.0,SPAIN,2023-01-31 14:00:00,2023-01-31 15:00:00,HOUR,La Farga,29,49759571
788.0,SPAIN,2023-01-31 15:00:00,2023-01-31 16:00:00,HOUR,La Farga,29,49759571
749.0,SPAIN,2023-01-31 16:00:00,2023-01-31 17:00:00,HOUR,La Farga,29,49759571
869.0,SPAIN,2023-01-31 17:00:00,2023-01-31 18:00:00,HOUR,La Farga,29,49759571
914.0,SPAIN,2023-01-31 18:00:00,2023-01-31 19:00:00,HOUR,La Farga,29,49759571
728.0,SPAIN,2023-01-31 19:00:00,2023-01-31 20:00:00,HOUR,La Farga,29,49759571
676.0,SPAIN,2023-01-31 20:00:00,2023-01-31 21:00:00,HOUR,La Farga,29,49759571
533.0,SPAIN,2023-01-31 21:00:00,2023-01-31 22:00:00,HOUR,La Farga,29,49759571
621.0,SPAIN,2023-01-30 10:00:00,2023-01-30 11:00:00,HOUR,Las Rozas The Style Outlets,46,49758207
620.0,SPAIN,2023-01-30 11:00:00,2023-01-30 12:00:00,HOUR,Las Rozas The Style Outlets,46,49758207
675.0,SPAIN,2023-01-30 12:00:00,2023-01-30 13:00:00,HOUR,Las Rozas The Style Outlets,46,49758207
644.0,SPAIN,2023-01-30 13:00:00,2023-01-30 14:00:00,HOUR,Las Rozas The Style Outlets,46,49758207
628.0,SPAIN,2023-01-30 14:00:00,2023-01-30 15:00:00,HOUR,Las Rozas The Style Outlets,46,49758207
529.0,SPAIN,2023-01-30 15:00:00,2023-01-30 16:00:00,HOUR,Las Rozas The Style Outlets,46,49758207
531.0,SPAIN,2023-01-30 16:00:00,2023-01-30 17:00:00,HOUR,Las Rozas The Style Outlets,46,49758207
575.0,SPAIN,2023-01-30 17:00:00,2023-01-30 18:00:00,HOUR,Las Rozas The Style Outlets,46,49758207
632.0,SPAIN,2023-01-30 18:00:00,2023-01-30 19:00:00,HOUR,Las Rozas The Style Outlets,46,49758207
681.0,SPAIN,2023-01-30 19:00:00,2023-01-30 20:00:00,HOUR,Las Rozas The Style Outlets,46,49758207
716.0,SPAIN,2023-01-30 20:00:00,2023-01-30 21:00:00,HOUR,Las Rozas The Style Outlets,46,49758207
13.0,SPAIN,2023-01-30 21:00:00,2023-01-30 22:00:00,HOUR,Las Rozas The Style Outlets,46,49758207
622.0,SPAIN,2023-01-31 10:00:00,2023-01-31 11:00:00,HOUR,Las Rozas The Style Outlets,46,49758207
558.0,SPAIN,2023-01-31 11:00:00,2023-01-31 12:00:00,HOUR,Las Rozas The Style Outlets,46,49758207
613.0,SPAIN,2023-01-31 12:00:00,2023-01-31 13:00:00,HOUR,Las Rozas The Style Outlets,46,49758207
632.0,SPAIN,2023-01-31 13:00:00,2023-01-31 14:00:00,HOUR,Las Rozas The Style Outlets,46,49758207
584.0,SPAIN,2023-01-31 14:00:00,2023-01-31 15:00:00,HOUR,Las Rozas The Style Outlets,46,49758207
550.0,SPAIN,2023-01-31 15:00:00,2023-01-31 16:00:00,HOUR,Las Rozas The Style Outlets,46,49758207
534.0,SPAIN,2023-01-31 16:00:00,2023-01-31 17:00:00,HOUR,Las Rozas The Style Outlets,46,49758207
600.0,SPAIN,2023-01-31 17:00:00,2023-01-31 18:00:00,HOUR,Las Rozas The Style Outlets,46,49758207
654.0,SPAIN,2023-01-31 18:00:00,2023-01-31 19:00:00,HOUR,Las Rozas The Style Outlets,46,49758207
679.0,SPAIN,2023-01-31 19:00:00,2023-01-31 20:00:00,HOUR,Las Rozas The Style Outlets,46,49758207
562.0,SPAIN,2023-01-31 20:00:00,2023-01-31 21:00:00,HOUR,Las Rozas The Style Outlets,46,49758207
11.0,SPAIN,2023-01-31 21:00:00,2023-01-31 22:00:00,HOUR,Las Rozas The Style Outlets,46,49758207
1197.0,SPAIN,2023-01-30 10:00:00,2023-01-30 11:00:00,HOUR,Los Alcores,4,175188937
1088.0,SPAIN,2023-01-30 11:00:00,2023-01-30 12:00:00,HOUR,Los Alcores,4,175188937
1247.0,SPAIN,2023-01-30 12:00:00,2023-01-30 13:00:00,HOUR,Los Alcores,4,175188937
1281.0,SPAIN,2023-01-30 13:00:00,2023-01-30 14:00:00,HOUR,Los Alcores,4,175188937
1306.0,SPAIN,2023-01-30 14:00:00,2023-01-30 15:00:00,HOUR,Los Alcores,4,175188937
1298.0,SPAIN,2023-01-30 15:00:00,2023-01-30 16:00:00,HOUR,Los Alcores,4,175188937
1373.0,SPAIN,2023-01-30 16:00:00,2023-01-30 17:00:00,HOUR,Los Alcores,4,175188937
1417.0,SPAIN,2023-01-30 17:00:00,2023-01-30 18:00:00,HOUR,Los Alcores,4,175188937
1660.0,SPAIN,2023-01-30 18:00:00,2023-01-30 19:00:00,HOUR,Los Alcores,4,175188937
1885.0,SPAIN,2023-01-30 19:00:00,2023-01-30 20:00:00,HOUR,Los Alcores,4,175188937
1572.0,SPAIN,2023-01-30 20:00:00,2023-01-30 21:00:00,HOUR,Los Alcores,4,175188937
1202.0,SPAIN,2023-01-30 21:00:00,2023-01-30 22:00:00,HOUR,Los Alcores,4,175188937
1273.0,SPAIN,2023-01-31 10:00:00,2023-01-31 11:00:00,HOUR,Los Alcores,4,175188937
1274.0,SPAIN,2023-01-31 11:00:00,2023-01-31 12:00:00,HOUR,Los Alcores,4,175188937
1322.0,SPAIN,2023-01-31 12:00:00,2023-01-31 13:00:00,HOUR,Los Alcores,4,175188937
1266.0,SPAIN,2023-01-31 13:00:00,2023-01-31 14:00:00,HOUR,Los Alcores,4,175188937
1203.0,SPAIN,2023-01-31 14:00:00,2023-01-31 15:00:00,HOUR,Los Alcores,4,175188937
1290.0,SPAIN,2023-01-31 15:00:00,2023-01-31 16:00:00,HOUR,Los Alcores,4,175188937
1335.0,SPAIN,2023-01-31 16:00:00,2023-01-31 17:00:00,HOUR,Los Alcores,4,175188937
1505.0,SPAIN,2023-01-31 17:00:00,2023-01-31 18:00:00,HOUR,Los Alcores,4,175188937
1737.0,SPAIN,2023-01-31 18:00:00,2023-01-31 19:00:00,HOUR,Los Alcores,4,175188937
1734.0,SPAIN,2023-01-31 19:00:00,2023-01-31 20:00:00,HOUR,Los Alcores,4,175188937
1473.0,SPAIN,2023-01-31 20:00:00,2023-01-31 21:00:00,HOUR,Los Alcores,4,175188937
1109.0,SPAIN,2023-01-31 21:00:00,2023-01-31 22:00:00,HOUR,Los Alcores,4,175188937
659.0,SPAIN,2023-01-30 10:00:00,2023-01-30 11:00:00,HOUR,Luz de Castilla,31,49759722
680.0,SPAIN,2023-01-30 11:00:00,2023-01-30 12:00:00,HOUR,Luz de Castilla,31,49759722
689.0,SPAIN,2023-01-30 12:00:00,2023-01-30 13:00:00,HOUR,Luz de Castilla,31,49759722
662.0,SPAIN,2023-01-30 13:00:00,2023-01-30 14:00:00,HOUR,Luz de Castilla,31,49759722
529.0,SPAIN,2023-01-30 14:00:00,2023-01-30 15:00:00,HOUR,Luz de Castilla,31,49759722
787.0,SPAIN,2023-01-30 15:00:00,2023-01-30 16:00:00,HOUR,Luz de Castilla,31,49759722
913.0,SPAIN,2023-01-30 16:00:00,2023-01-30 17:00:00,HOUR,Luz de Castilla,31,49759722
734.0,SPAIN,2023-01-30 17:00:00,2023-01-30 18:00:00,HOUR,Luz de Castilla,31,49759722
834.0,SPAIN,2023-01-30 18:00:00,2023-01-30 19:00:00,HOUR,Luz de Castilla,31,49759722
738.0,SPAIN,2023-01-30 19:00:00,2023-01-30 20:00:00,HOUR,Luz de Castilla,31,49759722
618.0,SPAIN,2023-01-30 20:00:00,2023-01-30 21:00:00,HOUR,Luz de Castilla,31,49759722
722.0,SPAIN,2023-01-30 21:00:00,2023-01-30 22:00:00,HOUR,Luz de Castilla,31,49759722
674.0,SPAIN,2023-01-31 10:00:00,2023-01-31 11:00:00,HOUR,Luz de Castilla,31,49759722
808.0,SPAIN,2023-01-31 11:00:00,2023-01-31 12:00:00,HOUR,Luz de Castilla,31,49759722
801.0,SPAIN,2023-01-31 12:00:00,2023-01-31 13:00:00,HOUR,Luz de Castilla,31,49759722
848.0,SPAIN,2023-01-31 13:00:00,2023-01-31 14:00:00,HOUR,Luz de Castilla,31,49759722
598.0,SPAIN,2023-01-31 14:00:00,2023-01-31 15:00:00,HOUR,Luz de Castilla,31,49759722
613.0,SPAIN,2023-01-31 15:00:00,2023-01-31 16:00:00,HOUR,Luz de Castilla,31,49759722
872.0,SPAIN,2023-01-31 16:00:00,2023-01-31 17:00:00,HOUR,Luz de Castilla,31,49759722
775.0,SPAIN,2023-01-31 17:00:00,2023-01-31 18:00:00,HOUR,Luz de Castilla,31,49759722
883.0,SPAIN,2023-01-31 18:00:00,2023-01-31 19:00:00,HOUR,Luz de Castilla,31,49759722
826.0,SPAIN,2023-01-31 19:00:00,2023-01-31 20:00:00,HOUR,Luz de Castilla,31,49759722
599.0,SPAIN,2023-01-31 20:00:00,2023-01-31 21:00:00,HOUR,Luz de Castilla,31,49759722
725.0,SPAIN,2023-01-31 21:00:00,2023-01-31 22:00:00,HOUR,Luz de Castilla,31,49759722
3122.0,SPAIN,2023-01-30 10:00:00,2023-01-30 11:00:00,HOUR,Madrid Sur,32,194348065
3442.0,SPAIN,2023-01-30 11:00:00,2023-01-30 12:00:00,HOUR,Madrid Sur,32,194348065
3632.0,SPAIN,2023-01-30 12:00:00,2023-01-30 13:00:00,HOUR,Madrid Sur,32,194348065
3433.0,SPAIN,2023-01-30 13:00:00,2023-01-30 14:00:00,HOUR,Madrid Sur,32,194348065
3683.0,SPAIN,2023-01-30 14:00:00,2023-01-30 15:00:00,HOUR,Madrid Sur,32,194348065
3546.0,SPAIN,2023-01-30 15:00:00,2023-01-30 16:00:00,HOUR,Madrid Sur,32,194348065
4019.0,SPAIN,2023-01-30 16:00:00,2023-01-30 17:00:00,HOUR,Madrid Sur,32,194348065
4310.0,SPAIN,2023-01-30 17:00:00,2023-01-30 18:00:00,HOUR,Madrid Sur,32,194348065
4074.0,SPAIN,2023-01-30 18:00:00,2023-01-30 19:00:00,HOUR,Madrid Sur,32,194348065
4368.0,SPAIN,2023-01-30 19:00:00,2023-01-30 20:00:00,HOUR,Madrid Sur,32,194348065
3774.0,SPAIN,2023-01-30 20:00:00,2023-01-30 21:00:00,HOUR,Madrid Sur,32,194348065
3277.0,SPAIN,2023-01-30 21:00:00,2023-01-30 22:00:00,HOUR,Madrid Sur,32,194348065
3350.0,SPAIN,2023-01-31 10:00:00,2023-01-31 11:00:00,HOUR,Madrid Sur,32,194348065
3571.0,SPAIN,2023-01-31 11:00:00,2023-01-31 12:00:00,HOUR,Madrid Sur,32,194348065
3769.0,SPAIN,2023-01-31 12:00:00,2023-01-31 13:00:00,HOUR,Madrid Sur,32,194348065
3722.0,SPAIN,2023-01-31 13:00:00,2023-01-31 14:00:00,HOUR,Madrid Sur,32,194348065
3857.0,SPAIN,2023-01-31 14:00:00,2023-01-31 15:00:00,HOUR,Madrid Sur,32,194348065
3527.0,SPAIN,2023-01-31 15:00:00,2023-01-31 16:00:00,HOUR,Madrid Sur,32,194348065
3694.0,SPAIN,2023-01-31 16:00:00,2023-01-31 17:00:00,HOUR,Madrid Sur,32,194348065
4273.0,SPAIN,2023-01-31 17:00:00,2023-01-31 18:00:00,HOUR,Madrid Sur,32,194348065
4145.0,SPAIN,2023-01-31 18:00:00,2023-01-31 19:00:00,HOUR,Madrid Sur,32,194348065
4313.0,SPAIN,2023-01-31 19:00:00,2023-01-31 20:00:00,HOUR,Madrid Sur,32,194348065
3801.0,SPAIN,2023-01-31 20:00:00,2023-01-31 21:00:00,HOUR,Madrid Sur,32,194348065
3302.0,SPAIN,2023-01-31 21:00:00,2023-01-31 22:00:00,HOUR,Madrid Sur,32,194348065
3.0,SPAIN,2023-01-30 10:00:00,2023-01-30 11:00:00,HOUR,Manoteras,33,171310502
172.0,SPAIN,2023-01-30 11:00:00,2023-01-30 12:00:00,HOUR,Manoteras,33,171310502
170.0,SPAIN,2023-01-30 12:00:00,2023-01-30 13:00:00,HOUR,Manoteras,33,171310502
362.0,SPAIN,2023-01-30 13:00:00,2023-01-30 14:00:00,HOUR,Manoteras,33,171310502
445.0,SPAIN,2023-01-30 14:00:00,2023-01-30 15:00:00,HOUR,Manoteras,33,171310502
423.0,SPAIN,2023-01-30 15:00:00,2023-01-30 16:00:00,HOUR,Manoteras,33,171310502
400.0,SPAIN,2023-01-30 16:00:00,2023-01-30 17:00:00,HOUR,Manoteras,33,171310502
114.0,SPAIN,2023-01-30 17:00:00,2023-01-30 18:00:00,HOUR,Manoteras,33,171310502
119.0,SPAIN,2023-01-30 18:00:00,2023-01-30 19:00:00,HOUR,Manoteras,33,171310502
195.0,SPAIN,2023-01-30 19:00:00,2023-01-30 20:00:00,HOUR,Manoteras,33,171310502
539.0,SPAIN,2023-01-30 20:00:00,2023-01-30 21:00:00,HOUR,Manoteras,33,171310502
525.0,SPAIN,2023-01-30 21:00:00,2023-01-30 22:00:00,HOUR,Manoteras,33,171310502
3.0,SPAIN,2023-01-31 10:00:00,2023-01-31 11:00:00,HOUR,Manoteras,33,171310502
185.0,SPAIN,2023-01-31 11:00:00,2023-01-31 12:00:00,HOUR,Manoteras,33,171310502
185.0,SPAIN,2023-01-31 12:00:00,2023-01-31 13:00:00,HOUR,Manoteras,33,171310502
370.0,SPAIN,2023-01-31 13:00:00,2023-01-31 14:00:00,HOUR,Manoteras,33,171310502
474.0,SPAIN,2023-01-31 14:00:00,2023-01-31 15:00:00,HOUR,Manoteras,33,171310502
446.0,SPAIN,2023-01-31 15:00:00,2023-01-31 16:00:00,HOUR,Manoteras,33,171310502
414.0,SPAIN,2023-01-31 16:00:00,2023-01-31 17:00:00,HOUR,Manoteras,33,171310502
114.0,SPAIN,2023-01-31 17:00:00,2023-01-31 18:00:00,HOUR,Manoteras,33,171310502
120.0,SPAIN,2023-01-31 18:00:00,2023-01-31 19:00:00,HOUR,Manoteras,33,171310502
204.0,SPAIN,2023-01-31 19:00:00,2023-01-31 20:00:00,HOUR,Manoteras,33,171310502
570.0,SPAIN,2023-01-31 20:00:00,2023-01-31 21:00:00,HOUR,Manoteras,33,171310502
563.0,SPAIN,2023-01-31 21:00:00,2023-01-31 22:00:00,HOUR,Manoteras,33,171310502
3466.0,SPAIN,2023-01-30 10:00:00,2023-01-30 11:00:00,HOUR,Max Center/Ocio,34,49759780
3628.0,SPAIN,2023-01-30 11:00:00,2023-01-30 12:00:00,HOUR,Max Center/Ocio,34,49759780
4619.0,SPAIN,2023-01-30 12:00:00,2023-01-30 13:00:00,HOUR,Max Center/Ocio,34,49759780
4487.0,SPAIN,2023-01-30 13:00:00,2023-01-30 14:00:00,HOUR,Max Center/Ocio,34,49759780
3595.0,SPAIN,2023-01-30 14:00:00,2023-01-30 15:00:00,HOUR,Max Center/Ocio,34,49759780
3227.0,SPAIN,2023-01-30 15:00:00,2023-01-30 16:00:00,HOUR,Max Center/Ocio,34,49759780
3522.0,SPAIN,2023-01-30 16:00:00,2023-01-30 17:00:00,HOUR,Max Center/Ocio,34,49759780
4486.0,SPAIN,2023-01-30 17:00:00,2023-01-30 18:00:00,HOUR,Max Center/Ocio,34,49759780
5484.0,SPAIN,2023-01-30 18:00:00,2023-01-30 19:00:00,HOUR,Max Center/Ocio,34,49759780
4764.0,SPAIN,2023-01-30 19:00:00,2023-01-30 20:00:00,HOUR,Max Center/Ocio,34,49759780
3720.0,SPAIN,2023-01-30 20:00:00,2023-01-30 21:00:00,HOUR,Max Center/Ocio,34,49759780
2458.0,SPAIN,2023-01-30 21:00:00,2023-01-30 22:00:00,HOUR,Max Center/Ocio,34,49759780
3447.0,SPAIN,2023-01-31 10:00:00,2023-01-31 11:00:00,HOUR,Max Center/Ocio,34,49759780
4338.0,SPAIN,2023-01-31 11:00:00,2023-01-31 12:00:00,HOUR,Max Center/Ocio,34,49759780
4699.0,SPAIN,2023-01-31 12:00:00,2023-01-31 13:00:00,HOUR,Max Center/Ocio,34,49759780
3829.0,SPAIN,2023-01-31 13:00:00,2023-01-31 14:00:00,HOUR,Max Center/Ocio,34,49759780
3270.0,SPAIN,2023-01-31 14:00:00,2023-01-31 15:00:00,HOUR,Max Center/Ocio,34,49759780
3585.0,SPAIN,2023-01-31 15:00:00,2023-01-31 16:00:00,HOUR,Max Center/Ocio,34,49759780
3489.0,SPAIN,2023-01-31 16:00:00,2023-01-31 17:00:00,HOUR,Max Center/Ocio,34,49759780
4510.0,SPAIN,2023-01-31 17:00:00,2023-01-31 18:00:00,HOUR,Max Center/Ocio,34,49759780
4913.0,SPAIN,2023-01-31 18:00:00,2023-01-31 19:00:00,HOUR,Max Center/Ocio,34,49759780
4694.0,SPAIN,2023-01-31 19:00:00,2023-01-31 20:00:00,HOUR,Max Center/Ocio,34,49759780
3757.0,SPAIN,2023-01-31 20:00:00,2023-01-31 21:00:00,HOUR,Max Center/Ocio,34,49759780
2951.0,SPAIN,2023-01-31 21:00:00,2023-01-31 22:00:00,HOUR,Max Center/Ocio,34,49759780
280.0,SPAIN,2023-01-30 10:00:00,2023-01-30 11:00:00,HOUR,Moda Shopping,35,49759839
315.0,SPAIN,2023-01-30 11:00:00,2023-01-30 12:00:00,HOUR,Moda Shopping,35,49759839
300.0,SPAIN,2023-01-30 12:00:00,2023-01-30 13:00:00,HOUR,Moda Shopping,35,49759839
359.0,SPAIN,2023-01-30 13:00:00,2023-01-30 14:00:00,HOUR,Moda Shopping,35,49759839
342.0,SPAIN,2023-01-30 14:00:00,2023-01-30 15:00:00,HOUR,Moda Shopping,35,49759839
316.0,SPAIN,2023-01-30 15:00:00,2023-01-30 16:00:00,HOUR,Moda Shopping,35,49759839
291.0,SPAIN,2023-01-30 16:00:00,2023-01-30 17:00:00,HOUR,Moda Shopping,35,49759839
274.0,SPAIN,2023-01-30 17:00:00,2023-01-30 18:00:00,HOUR,Moda Shopping,35,49759839
333.0,SPAIN,2023-01-30 18:00:00,2023-01-30 19:00:00,HOUR,Moda Shopping,35,49759839
222.0,SPAIN,2023-01-30 19:00:00,2023-01-30 20:00:00,HOUR,Moda Shopping,35,49759839
157.0,SPAIN,2023-01-30 20:00:00,2023-01-30 21:00:00,HOUR,Moda Shopping,35,49759839
72.0,SPAIN,2023-01-30 21:00:00,2023-01-30 22:00:00,HOUR,Moda Shopping,35,49759839
319.0,SPAIN,2023-01-31 10:00:00,2023-01-31 11:00:00,HOUR,Moda Shopping,35,49759839
354.0,SPAIN,2023-01-31 11:00:00,2023-01-31 12:00:00,HOUR,Moda Shopping,35,49759839
380.0,SPAIN,2023-01-31 12:00:00,2023-01-31 13:00:00,HOUR,Moda Shopping,35,49759839
425.0,SPAIN,2023-01-31 13:00:00,2023-01-31 14:00:00,HOUR,Moda Shopping,35,49759839
396.0,SPAIN,2023-01-31 14:00:00,2023-01-31 15:00:00,HOUR,Moda Shopping,35,49759839
398.0,SPAIN,2023-01-31 15:00:00,2023-01-31 16:00:00,HOUR,Moda Shopping,35,49759839
345.0,SPAIN,2023-01-31 16:00:00,2023-01-31 17:00:00,HOUR,Moda Shopping,35,49759839
333.0,SPAIN,2023-01-31 17:00:00,2023-01-31 18:00:00,HOUR,Moda Shopping,35,49759839
466.0,SPAIN,2023-01-31 18:00:00,2023-01-31 19:00:00,HOUR,Moda Shopping,35,49759839
291.0,SPAIN,2023-01-31 19:00:00,2023-01-31 20:00:00,HOUR,Moda Shopping,35,49759839
180.0,SPAIN,2023-01-31 20:00:00,2023-01-31 21:00:00,HOUR,Moda Shopping,35,49759839
89.0,SPAIN,2023-01-31 21:00:00,2023-01-31 22:00:00,HOUR,Moda Shopping,35,49759839
1869.0,SPAIN,2023-01-30 10:00:00,2023-01-30 11:00:00,HOUR,Parque Corredor,101,714091258
2219.0,SPAIN,2023-01-30 11:00:00,2023-01-30 12:00:00,HOUR,Parque Corredor,101,714091258
2150.0,SPAIN,2023-01-30 12:00:00,2023-01-30 13:00:00,HOUR,Parque Corredor,101,714091258
2011.0,SPAIN,2023-01-30 13:00:00,2023-01-30 14:00:00,HOUR,Parque Corredor,101,714091258
2030.0,SPAIN,2023-01-30 14:00:00,2023-01-30 15:00:00,HOUR,Parque Corredor,101,714091258
1943.0,SPAIN,2023-01-30 15:00:00,2023-01-30 16:00:00,HOUR,Parque Corredor,101,714091258
1968.0,SPAIN,2023-01-30 16:00:00,2023-01-30 17:00:00,HOUR,Parque Corredor,101,714091258
2315.0,SPAIN,2023-01-30 17:00:00,2023-01-30 18:00:00,HOUR,Parque Corredor,101,714091258
2740.0,SPAIN,2023-01-30 18:00:00,2023-01-30 19:00:00,HOUR,Parque Corredor,101,714091258
2569.0,SPAIN,2023-01-30 19:00:00,2023-01-30 20:00:00,HOUR,Parque Corredor,101,714091258
2044.0,SPAIN,2023-01-30 20:00:00,2023-01-30 21:00:00,HOUR,Parque Corredor,101,714091258
1492.0,SPAIN,2023-01-30 21:00:00,2023-01-30 22:00:00,HOUR,Parque Corredor,101,714091258
1913.0,SPAIN,2023-01-31 10:00:00,2023-01-31 11:00:00,HOUR,Parque Corredor,101,714091258
2221.0,SPAIN,2023-01-31 11:00:00,2023-01-31 12:00:00,HOUR,Parque Corredor,101,714091258
2297.0,SPAIN,2023-01-31 12:00:00,2023-01-31 13:00:00,HOUR,Parque Corredor,101,714091258
2039.0,SPAIN,2023-01-31 13:00:00,2023-01-31 14:00:00,HOUR,Parque Corredor,101,714091258
2246.0,SPAIN,2023-01-31 14:00:00,2023-01-31 15:00:00,HOUR,Parque Corredor,101,714091258
1963.0,SPAIN,2023-01-31 15:00:00,2023-01-31 16:00:00,HOUR,Parque Corredor,101,714091258
1944.0,SPAIN,2023-01-31 16:00:00,2023-01-31 17:00:00,HOUR,Parque Corredor,101,714091258
2225.0,SPAIN,2023-01-31 17:00:00,2023-01-31 18:00:00,HOUR,Parque Corredor,101,714091258
2536.0,SPAIN,2023-01-31 18:00:00,2023-01-31 19:00:00,HOUR,Parque Corredor,101,714091258
2561.0,SPAIN,2023-01-31 19:00:00,2023-01-31 20:00:00,HOUR,Parque Corredor,101,714091258
2173.0,SPAIN,2023-01-31 20:00:00,2023-01-31 21:00:00,HOUR,Parque Corredor,101,714091258
1564.0,SPAIN,2023-01-31 21:00:00,2023-01-31 22:00:00,HOUR,Parque Corredor,101,714091258
1844.0,SPAIN,2023-01-30 10:00:00,2023-01-30 11:00:00,HOUR,Plaza Aluche,38,64926255
2121.0,SPAIN,2023-01-30 11:00:00,2023-01-30 12:00:00,HOUR,Plaza Aluche,38,64926255
2194.0,SPAIN,2023-01-30 12:00:00,2023-01-30 13:00:00,HOUR,Plaza Aluche,38,64926255
2209.0,SPAIN,2023-01-30 13:00:00,2023-01-30 14:00:00,HOUR,Plaza Aluche,38,64926255
2372.0,SPAIN,2023-01-30 14:00:00,2023-01-30 15:00:00,HOUR,Plaza Aluche,38,64926255
2365.0,SPAIN,2023-01-30 15:00:00,2023-01-30 16:00:00,HOUR,Plaza Aluche,38,64926255
2259.0,SPAIN,2023-01-30 16:00:00,2023-01-30 17:00:00,HOUR,Plaza Aluche,38,64926255
2479.0,SPAIN,2023-01-30 17:00:00,2023-01-30 18:00:00,HOUR,Plaza Aluche,38,64926255
2711.0,SPAIN,2023-01-30 18:00:00,2023-01-30 19:00:00,HOUR,Plaza Aluche,38,64926255
2511.0,SPAIN,2023-01-30 19:00:00,2023-01-30 20:00:00,HOUR,Plaza Aluche,38,64926255
2441.0,SPAIN,2023-01-30 20:00:00,2023-01-30 21:00:00,HOUR,Plaza Aluche,38,64926255
2200.0,SPAIN,2023-01-30 21:00:00,2023-01-30 22:00:00,HOUR,Plaza Aluche,38,64926255
1862.0,SPAIN,2023-01-31 10:00:00,2023-01-31 11:00:00,HOUR,Plaza Aluche,38,64926255
2262.0,SPAIN,2023-01-31 11:00:00,2023-01-31 12:00:00,HOUR,Plaza Aluche,38,64926255
2329.0,SPAIN,2023-01-31 12:00:00,2023-01-31 13:00:00,HOUR,Plaza Aluche,38,64926255
2203.0,SPAIN,2023-01-31 13:00:00,2023-01-31 14:00:00,HOUR,Plaza Aluche,38,64926255
2407.0,SPAIN,2023-01-31 14:00:00,2023-01-31 15:00:00,HOUR,Plaza Aluche,38,64926255
2323.0,SPAIN,2023-01-31 15:00:00,2023-01-31 16:00:00,HOUR,Plaza Aluche,38,64926255
2351.0,SPAIN,2023-01-31 16:00:00,2023-01-31 17:00:00,HOUR,Plaza Aluche,38,64926255
2650.0,SPAIN,2023-01-31 17:00:00,2023-01-31 18:00:00,HOUR,Plaza Aluche,38,64926255
2782.0,SPAIN,2023-01-31 18:00:00,2023-01-31 19:00:00,HOUR,Plaza Aluche,38,64926255
2673.0,SPAIN,2023-01-31 19:00:00,2023-01-31 20:00:00,HOUR,Plaza Aluche,38,64926255
2431.0,SPAIN,2023-01-31 20:00:00,2023-01-31 21:00:00,HOUR,Plaza Aluche,38,64926255
2209.0,SPAIN,2023-01-31 21:00:00,2023-01-31 22:00:00,HOUR,Plaza Aluche,38,64926255
1625.0,SPAIN,2023-01-30 10:00:00,2023-01-30 11:00:00,HOUR,Plaza Loranca 2,63,288553246
1745.0,SPAIN,2023-01-30 11:00:00,2023-01-30 12:00:00,HOUR,Plaza Loranca 2,63,288553246
1854.0,SPAIN,2023-01-30 12:00:00,2023-01-30 13:00:00,HOUR,Plaza Loranca 2,63,288553246
1904.0,SPAIN,2023-01-30 13:00:00,2023-01-30 14:00:00,HOUR,Plaza Loranca 2,63,288553246
2717.0,SPAIN,2023-01-30 14:00:00,2023-01-30 15:00:00,HOUR,Plaza Loranca 2,63,288553246
2619.0,SPAIN,2023-01-30 15:00:00,2023-01-30 16:00:00,HOUR,Plaza Loranca 2,63,288553246
2722.0,SPAIN,2023-01-30 16:00:00,2023-01-30 17:00:00,HOUR,Plaza Loranca 2,63,288553246
2237.0,SPAIN,2023-01-30 17:00:00,2023-01-30 18:00:00,HOUR,Plaza Loranca 2,63,288553246
2431.0,SPAIN,2023-01-30 18:00:00,2023-01-30 19:00:00,HOUR,Plaza Loranca 2,63,288553246
2528.0,SPAIN,2023-01-30 19:00:00,2023-01-30 20:00:00,HOUR,Plaza Loranca 2,63,288553246
2741.0,SPAIN,2023-01-30 20:00:00,2023-01-30 21:00:00,HOUR,Plaza Loranca 2,63,288553246
3060.0,SPAIN,2023-01-30 21:00:00,2023-01-30 22:00:00,HOUR,Plaza Loranca 2,63,288553246
1701.0,SPAIN,2023-01-31 10:00:00,2023-01-31 11:00:00,HOUR,Plaza Loranca 2,63,288553246
1843.0,SPAIN,2023-01-31 11:00:00,2023-01-31 12:00:00,HOUR,Plaza Loranca 2,63,288553246
2160.0,SPAIN,2023-01-31 12:00:00,2023-01-31 13:00:00,HOUR,Plaza Loranca 2,63,288553246
2090.0,SPAIN,2023-01-31 13:00:00,2023-01-31 14:00:00,HOUR,Plaza Loranca 2,63,288553246
2639.0,SPAIN,2023-01-31 14:00:00,2023-01-31 15:00:00,HOUR,Plaza Loranca 2,63,288553246
2698.0,SPAIN,2023-01-31 15:00:00,2023-01-31 16:00:00,HOUR,Plaza Loranca 2,63,288553246
2688.0,SPAIN,2023-01-31 16:00:00,2023-01-31 17:00:00,HOUR,Plaza Loranca 2,63,288553246
2418.0,SPAIN,2023-01-31 17:00:00,2023-01-31 18:00:00,HOUR,Plaza Loranca 2,63,288553246
2556.0,SPAIN,2023-01-31 18:00:00,2023-01-31 19:00:00,HOUR,Plaza Loranca 2,63,288553246
2526.0,SPAIN,2023-01-31 19:00:00,2023-01-31 20:00:00,HOUR,Plaza Loranca 2,63,288553246
2875.0,SPAIN,2023-01-31 20:00:00,2023-01-31 21:00:00,HOUR,Plaza Loranca 2,63,288553246
3040.0,SPAIN,2023-01-31 21:00:00,2023-01-31 22:00:00,HOUR,Plaza Loranca 2,63,288553246
1202.0,SPAIN,2023-01-30 10:00:00,2023-01-30 11:00:00,HOUR,Plaza Mayor,40,21022434
1533.0,SPAIN,2023-01-30 11:00:00,2023-01-30 12:00:00,HOUR,Plaza Mayor,40,21022434
2001.0,SPAIN,2023-01-30 12:00:00,2023-01-30 13:00:00,HOUR,Plaza Mayor,40,21022434
2120.0,SPAIN,2023-01-30 13:00:00,2023-01-30 14:00:00,HOUR,Plaza Mayor,40,21022434
2337.0,SPAIN,2023-01-30 14:00:00,2023-01-30 15:00:00,HOUR,Plaza Mayor,40,21022434
2189.0,SPAIN,2023-01-30 15:00:00,2023-01-30 16:00:00,HOUR,Plaza Mayor,40,21022434
2301.0,SPAIN,2023-01-30 16:00:00,2023-01-30 17:00:00,HOUR,Plaza Mayor,40,21022434
2139.0,SPAIN,2023-01-30 17:00:00,2023-01-30 18:00:00,HOUR,Plaza Mayor,40,21022434
2319.0,SPAIN,2023-01-30 18:00:00,2023-01-30 19:00:00,HOUR,Plaza Mayor,40,21022434
2558.0,SPAIN,2023-01-30 19:00:00,2023-01-30 20:00:00,HOUR,Plaza Mayor,40,21022434
2150.0,SPAIN,2023-01-30 20:00:00,2023-01-30 21:00:00,HOUR,Plaza Mayor,40,21022434
1434.0,SPAIN,2023-01-30 21:00:00,2023-01-30 22:00:00,HOUR,Plaza Mayor,40,21022434
1243.0,SPAIN,2023-01-31 10:00:00,2023-01-31 11:00:00,HOUR,Plaza Mayor,40,21022434
1618.0,SPAIN,2023-01-31 11:00:00,2023-01-31 12:00:00,HOUR,Plaza Mayor,40,21022434
1980.0,SPAIN,2023-01-31 12:00:00,2023-01-31 13:00:00,HOUR,Plaza Mayor,40,21022434
2234.0,SPAIN,2023-01-31 13:00:00,2023-01-31 14:00:00,HOUR,Plaza Mayor,40,21022434
2292.0,SPAIN,2023-01-31 14:00:00,2023-01-31 15:00:00,HOUR,Plaza Mayor,40,21022434
2148.0,SPAIN,2023-01-31 15:00:00,2023-01-31 16:00:00,HOUR,Plaza Mayor,40,21022434
2373.0,SPAIN,2023-01-31 16:00:00,2023-01-31 17:00:00,HOUR,Plaza Mayor,40,21022434
2485.0,SPAIN,2023-01-31 17:00:00,2023-01-31 18:00:00,HOUR,Plaza Mayor,40,21022434
2666.0,SPAIN,2023-01-31 18:00:00,2023-01-31 19:00:00,HOUR,Plaza Mayor,40,21022434
2515.0,SPAIN,2023-01-31 19:00:00,2023-01-31 20:00:00,HOUR,Plaza Mayor,40,21022434
2217.0,SPAIN,2023-01-31 20:00:00,2023-01-31 21:00:00,HOUR,Plaza Mayor,40,21022434
1602.0,SPAIN,2023-01-31 21:00:00,2023-01-31 22:00:00,HOUR,Plaza Mayor,40,21022434
65.0,SPAIN,2023-01-30 10:00:00,2023-01-30 11:00:00,HOUR,Plaza Moraleja,96,669300924
102.0,SPAIN,2023-01-30 11:00:00,2023-01-30 12:00:00,HOUR,Plaza Moraleja,96,669300924
107.0,SPAIN,2023-01-30 12:00:00,2023-01-30 13:00:00,HOUR,Plaza Moraleja,96,669300924
108.0,SPAIN,2023-01-30 13:00:00,2023-01-30 14:00:00,HOUR,Plaza Moraleja,96,669300924
110.0,SPAIN,2023-01-30 14:00:00,2023-01-30 15:00:00,HOUR,Plaza Moraleja,96,669300924
105.0,SPAIN,2023-01-30 15:00:00,2023-01-30 16:00:00,HOUR,Plaza Moraleja,96,669300924
96.0,SPAIN,2023-01-30 16:00:00,2023-01-30 17:00:00,HOUR,Plaza Moraleja,96,669300924
70.0,SPAIN,2023-01-30 17:00:00,2023-01-30 18:00:00,HOUR,Plaza Moraleja,96,669300924
58.0,SPAIN,2023-01-30 18:00:00,2023-01-30 19:00:00,HOUR,Plaza Moraleja,96,669300924
53.0,SPAIN,2023-01-30 19:00:00,2023-01-30 20:00:00,HOUR,Plaza Moraleja,96,669300924
45.0,SPAIN,2023-01-30 20:00:00,2023-01-30 21:00:00,HOUR,Plaza Moraleja,96,669300924
42.0,SPAIN,2023-01-30 21:00:00,2023-01-30 22:00:00,HOUR,Plaza Moraleja,96,669300924
90.0,SPAIN,2023-01-31 10:00:00,2023-01-31 11:00:00,HOUR,Plaza Moraleja,96,669300924
137.0,SPAIN,2023-01-31 11:00:00,2023-01-31 12:00:00,HOUR,Plaza Moraleja,96,669300924
147.0,SPAIN,2023-01-31 12:00:00,2023-01-31 13:00:00,HOUR,Plaza Moraleja,96,669300924
143.0,SPAIN,2023-01-31 13:00:00,2023-01-31 14:00:00,HOUR,Plaza Moraleja,96,669300924
153.0,SPAIN,2023-01-31 14:00:00,2023-01-31 15:00:00,HOUR,Plaza Moraleja,96,669300924
142.0,SPAIN,2023-01-31 15:00:00,2023-01-31 16:00:00,HOUR,Plaza Moraleja,96,669300924
127.0,SPAIN,2023-01-31 16:00:00,2023-01-31 17:00:00,HOUR,Plaza Moraleja,96,669300924
97.0,SPAIN,2023-01-31 17:00:00,2023-01-31 18:00:00,HOUR,Plaza Moraleja,96,669300924
77.0,SPAIN,2023-01-31 18:00:00,2023-01-31 19:00:00,HOUR,Plaza Moraleja,96,669300924
63.0,SPAIN,2023-01-31 19:00:00,2023-01-31 20:00:00,HOUR,Plaza Moraleja,96,669300924
50.0,SPAIN,2023-01-31 20:00:00,2023-01-31 21:00:00,HOUR,Plaza Moraleja,96,669300924
41.0,SPAIN,2023-01-31 21:00:00,2023-01-31 22:00:00,HOUR,Plaza Moraleja,96,669300924
1869.0,SPAIN,2023-01-30 10:00:00,2023-01-30 11:00:00,HOUR,Plaza Norte 2,41,49770108
2198.0,SPAIN,2023-01-30 11:00:00,2023-01-30 12:00:00,HOUR,Plaza Norte 2,41,49770108
2763.0,SPAIN,2023-01-30 12:00:00,2023-01-30 13:00:00,HOUR,Plaza Norte 2,41,49770108
2789.0,SPAIN,2023-01-30 13:00:00,2023-01-30 14:00:00,HOUR,Plaza Norte 2,41,49770108
3024.0,SPAIN,2023-01-30 14:00:00,2023-01-30 15:00:00,HOUR,Plaza Norte 2,41,49770108
2748.0,SPAIN,2023-01-30 15:00:00,2023-01-30 16:00:00,HOUR,Plaza Norte 2,41,49770108
2642.0,SPAIN,2023-01-30 16:00:00,2023-01-30 17:00:00,HOUR,Plaza Norte 2,41,49770108
2880.0,SPAIN,2023-01-30 17:00:00,2023-01-30 18:00:00,HOUR,Plaza Norte 2,41,49770108
3348.0,SPAIN,2023-01-30 18:00:00,2023-01-30 19:00:00,HOUR,Plaza Norte 2,41,49770108
3785.0,SPAIN,2023-01-30 19:00:00,2023-01-30 20:00:00,HOUR,Plaza Norte 2,41,49770108
3075.0,SPAIN,2023-01-30 20:00:00,2023-01-30 21:00:00,HOUR,Plaza Norte 2,41,49770108
2135.0,SPAIN,2023-01-30 21:00:00,2023-01-30 22:00:00,HOUR,Plaza Norte 2,41,49770108
1934.0,SPAIN,2023-01-31 10:00:00,2023-01-31 11:00:00,HOUR,Plaza Norte 2,41,49770108
2429.0,SPAIN,2023-01-31 11:00:00,2023-01-31 12:00:00,HOUR,Plaza Norte 2,41,49770108
2634.0,SPAIN,2023-01-31 12:00:00,2023-01-31 13:00:00,HOUR,Plaza Norte 2,41,49770108
2752.0,SPAIN,2023-01-31 13:00:00,2023-01-31 14:00:00,HOUR,Plaza Norte 2,41,49770108
2919.0,SPAIN,2023-01-31 14:00:00,2023-01-31 15:00:00,HOUR,Plaza Norte 2,41,49770108
2982.0,SPAIN,2023-01-31 15:00:00,2023-01-31 16:00:00,HOUR,Plaza Norte 2,41,49770108
2899.0,SPAIN,2023-01-31 16:00:00,2023-01-31 17:00:00,HOUR,Plaza Norte 2,41,49770108
3234.0,SPAIN,2023-01-31 17:00:00,2023-01-31 18:00:00,HOUR,Plaza Norte 2,41,49770108
3625.0,SPAIN,2023-01-31 18:00:00,2023-01-31 19:00:00,HOUR,Plaza Norte 2,41,49770108
3902.0,SPAIN,2023-01-31 19:00:00,2023-01-31 20:00:00,HOUR,Plaza Norte 2,41,49770108
3364.0,SPAIN,2023-01-31 20:00:00,2023-01-31 21:00:00,HOUR,Plaza Norte 2,41,49770108
2416.0,SPAIN,2023-01-31 21:00:00,2023-01-31 22:00:00,HOUR,Plaza Norte 2,41,49770108
1582.0,SPAIN,2023-01-30 10:00:00,2023-01-30 11:00:00,HOUR,Plaza Río 2,42,185090545
2110.0,SPAIN,2023-01-30 11:00:00,2023-01-30 12:00:00,HOUR,Plaza Río 2,42,185090545
2198.0,SPAIN,2023-01-30 12:00:00,2023-01-30 13:00:00,HOUR,Plaza Río 2,42,185090545
2240.0,SPAIN,2023-01-30 13:00:00,2023-01-30 14:00:00,HOUR,Plaza Río 2,42,185090545
2285.0,SPAIN,2023-01-30 14:00:00,2023-01-30 15:00:00,HOUR,Plaza Río 2,42,185090545
2136.0,SPAIN,2023-01-30 15:00:00,2023-01-30 16:00:00,HOUR,Plaza Río 2,42,185090545
2146.0,SPAIN,2023-01-30 16:00:00,2023-01-30 17:00:00,HOUR,Plaza Río 2,42,185090545
2553.0,SPAIN,2023-01-30 17:00:00,2023-01-30 18:00:00,HOUR,Plaza Río 2,42,185090545
2824.0,SPAIN,2023-01-30 18:00:00,2023-01-30 19:00:00,HOUR,Plaza Río 2,42,185090545
2709.0,SPAIN,2023-01-30 19:00:00,2023-01-30 20:00:00,HOUR,Plaza Río 2,42,185090545
2531.0,SPAIN,2023-01-30 20:00:00,2023-01-30 21:00:00,HOUR,Plaza Río 2,42,185090545
2073.0,SPAIN,2023-01-30 21:00:00,2023-01-30 22:00:00,HOUR,Plaza Río 2,42,185090545
1646.0,SPAIN,2023-01-31 10:00:00,2023-01-31 11:00:00,HOUR,Plaza Río 2,42,185090545
2266.0,SPAIN,2023-01-31 11:00:00,2023-01-31 12:00:00,HOUR,Plaza Río 2,42,185090545
2327.0,SPAIN,2023-01-31 12:00:00,2023-01-31 13:00:00,HOUR,Plaza Río 2,42,185090545
2385.0,SPAIN,2023-01-31 13:00:00,2023-01-31 14:00:00,HOUR,Plaza Río 2,42,185090545
2366.0,SPAIN,2023-01-31 14:00:00,2023-01-31 15:00:00,HOUR,Plaza Río 2,42,185090545
2344.0,SPAIN,2023-01-31 15:00:00,2023-01-31 16:00:00,HOUR,Plaza Río 2,42,185090545
2238.0,SPAIN,2023-01-31 16:00:00,2023-01-31 17:00:00,HOUR,Plaza Río 2,42,185090545
2481.0,SPAIN,2023-01-31 17:00:00,2023-01-31 18:00:00,HOUR,Plaza Río 2,42,185090545
2707.0,SPAIN,2023-01-31 18:00:00,2023-01-31 19:00:00,HOUR,Plaza Río 2,42,185090545
2667.0,SPAIN,2023-01-31 19:00:00,2023-01-31 20:00:00,HOUR,Plaza Río 2,42,185090545
2488.0,SPAIN,2023-01-31 20:00:00,2023-01-31 21:00:00,HOUR,Plaza Río 2,42,185090545
2321.0,SPAIN,2023-01-31 21:00:00,2023-01-31 22:00:00,HOUR,Plaza Río 2,42,185090545
1219.0,SPAIN,2023-01-30 10:00:00,2023-01-30 11:00:00,HOUR,Portal de la Marina,43,175188935
1346.0,SPAIN,2023-01-30 11:00:00,2023-01-30 12:00:00,HOUR,Portal de la Marina,43,175188935
1522.0,SPAIN,2023-01-30 12:00:00,2023-01-30 13:00:00,HOUR,Portal de la Marina,43,175188935
1456.0,SPAIN,2023-01-30 13:00:00,2023-01-30 14:00:00,HOUR,Portal de la Marina,43,175188935
1427.0,SPAIN,2023-01-30 14:00:00,2023-01-30 15:00:00,HOUR,Portal de la Marina,43,175188935
1456.0,SPAIN,2023-01-30 15:00:00,2023-01-30 16:00:00,HOUR,Portal de la Marina,43,175188935
1594.0,SPAIN,2023-01-30 16:00:00,2023-01-30 17:00:00,HOUR,Portal de la Marina,43,175188935
1762.0,SPAIN,2023-01-30 17:00:00,2023-01-30 18:00:00,HOUR,Portal de la Marina,43,175188935
1908.0,SPAIN,2023-01-30 18:00:00,2023-01-30 19:00:00,HOUR,Portal de la Marina,43,175188935
1650.0,SPAIN,2023-01-30 19:00:00,2023-01-30 20:00:00,HOUR,Portal de la Marina,43,175188935
1260.0,SPAIN,2023-01-30 20:00:00,2023-01-30 21:00:00,HOUR,Portal de la Marina,43,175188935
852.0,SPAIN,2023-01-30 21:00:00,2023-01-30 22:00:00,HOUR,Portal de la Marina,43,175188935
1134.0,SPAIN,2023-01-31 10:00:00,2023-01-31 11:00:00,HOUR,Portal de la Marina,43,175188935
1299.0,SPAIN,2023-01-31 11:00:00,2023-01-31 12:00:00,HOUR,Portal de la Marina,43,175188935
1302.0,SPAIN,2023-01-31 12:00:00,2023-01-31 13:00:00,HOUR,Portal de la Marina,43,175188935
1352.0,SPAIN,2023-01-31 13:00:00,2023-01-31 14:00:00,HOUR,Portal de la Marina,43,175188935
1446.0,SPAIN,2023-01-31 14:00:00,2023-01-31 15:00:00,HOUR,Portal de la Marina,43,175188935
1388.0,SPAIN,2023-01-31 15:00:00,2023-01-31 16:00:00,HOUR,Portal de la Marina,43,175188935
1513.0,SPAIN,2023-01-31 16:00:00,2023-01-31 17:00:00,HOUR,Portal de la Marina,43,175188935
1685.0,SPAIN,2023-01-31 17:00:00,2023-01-31 18:00:00,HOUR,Portal de la Marina,43,175188935
1856.0,SPAIN,2023-01-31 18:00:00,2023-01-31 19:00:00,HOUR,Portal de la Marina,43,175188935
1649.0,SPAIN,2023-01-31 19:00:00,2023-01-31 20:00:00,HOUR,Portal de la Marina,43,175188935
1283.0,SPAIN,2023-01-31 20:00:00,2023-01-31 21:00:00,HOUR,Portal de la Marina,43,175188935
892.0,SPAIN,2023-01-31 21:00:00,2023-01-31 22:00:00,HOUR,Portal de la Marina,43,175188935
1138.0,SPAIN,2023-01-30 10:00:00,2023-01-30 11:00:00,HOUR,Valle Real,51,49770804
1560.0,SPAIN,2023-01-30 11:00:00,2023-01-30 12:00:00,HOUR,Valle Real,51,49770804
1809.0,SPAIN,2023-01-30 12:00:00,2023-01-30 13:00:00,HOUR,Valle Real,51,49770804
1627.0,SPAIN,2023-01-30 13:00:00,2023-01-30 14:00:00,HOUR,Valle Real,51,49770804
1522.0,SPAIN,2023-01-30 14:00:00,2023-01-30 15:00:00,HOUR,Valle Real,51,49770804
1572.0,SPAIN,2023-01-30 15:00:00,2023-01-30 16:00:00,HOUR,Valle Real,51,49770804
1853.0,SPAIN,2023-01-30 16:00:00,2023-01-30 17:00:00,HOUR,Valle Real,51,49770804
1922.0,SPAIN,2023-01-30 17:00:00,2023-01-30 18:00:00,HOUR,Valle Real,51,49770804
2277.0,SPAIN,2023-01-30 18:00:00,2023-01-30 19:00:00,HOUR,Valle Real,51,49770804
2351.0,SPAIN,2023-01-30 19:00:00,2023-01-30 20:00:00,HOUR,Valle Real,51,49770804
1852.0,SPAIN,2023-01-30 20:00:00,2023-01-30 21:00:00,HOUR,Valle Real,51,49770804
1011.0,SPAIN,2023-01-30 21:00:00,2023-01-30 22:00:00,HOUR,Valle Real,51,49770804
1168.0,SPAIN,2023-01-31 10:00:00,2023-01-31 11:00:00,HOUR,Valle Real,51,49770804
1411.0,SPAIN,2023-01-31 11:00:00,2023-01-31 12:00:00,HOUR,Valle Real,51,49770804
1535.0,SPAIN,2023-01-31 12:00:00,2023-01-31 13:00:00,HOUR,Valle Real,51,49770804
1520.0,SPAIN,2023-01-31 13:00:00,2023-01-31 14:00:00,HOUR,Valle Real,51,49770804
1518.0,SPAIN,2023-01-31 14:00:00,2023-01-31 15:00:00,HOUR,Valle Real,51,49770804
1576.0,SPAIN,2023-01-31 15:00:00,2023-01-31 16:00:00,HOUR,Valle Real,51,49770804
2096.0,SPAIN,2023-01-31 16:00:00,2023-01-31 17:00:00,HOUR,Valle Real,51,49770804
2199.0,SPAIN,2023-01-31 17:00:00,2023-01-31 18:00:00,HOUR,Valle Real,51,49770804
2272.0,SPAIN,2023-01-31 18:00:00,2023-01-31 19:00:00,HOUR,Valle Real,51,49770804
2216.0,SPAIN,2023-01-31 19:00:00,2023-01-31 20:00:00,HOUR,Valle Real,51,49770804
1753.0,SPAIN,2023-01-31 20:00:00,2023-01-31 21:00:00,HOUR,Valle Real,51,49770804
1323.0,SPAIN,2023-01-31 21:00:00,2023-01-31 22:00:00,HOUR,Valle Real,51,49770804
2742.0,SPAIN,2023-01-30 10:00:00,2023-01-30 11:00:00,HOUR,Zubiarte,54,49771043
3224.0,SPAIN,2023-01-30 11:00:00,2023-01-30 12:00:00,HOUR,Zubiarte,54,49771043
3145.0,SPAIN,2023-01-30 12:00:00,2023-01-30 13:00:00,HOUR,Zubiarte,54,49771043
3376.0,SPAIN,2023-01-30 13:00:00,2023-01-30 14:00:00,HOUR,Zubiarte,54,49771043
3118.0,SPAIN,2023-01-30 14:00:00,2023-01-30 15:00:00,HOUR,Zubiarte,54,49771043
2849.0,SPAIN,2023-01-30 15:00:00,2023-01-30 16:00:00,HOUR,Zubiarte,54,49771043
2951.0,SPAIN,2023-01-30 16:00:00,2023-01-30 17:00:00,HOUR,Zubiarte,54,49771043
3153.0,SPAIN,2023-01-30 17:00:00,2023-01-30 18:00:00,HOUR,Zubiarte,54,49771043
3528.0,SPAIN,2023-01-30 18:00:00,2023-01-30 19:00:00,HOUR,Zubiarte,54,49771043
3641.0,SPAIN,2023-01-30 19:00:00,2023-01-30 20:00:00,HOUR,Zubiarte,54,49771043
2508.0,SPAIN,2023-01-30 20:00:00,2023-01-30 21:00:00,HOUR,Zubiarte,54,49771043
1761.0,SPAIN,2023-01-30 21:00:00,2023-01-30 22:00:00,HOUR,Zubiarte,54,49771043
2672.0,SPAIN,2023-01-31 10:00:00,2023-01-31 11:00:00,HOUR,Zubiarte,54,49771043
2955.0,SPAIN,2023-01-31 11:00:00,2023-01-31 12:00:00,HOUR,Zubiarte,54,49771043
2877.0,SPAIN,2023-01-31 12:00:00,2023-01-31 13:00:00,HOUR,Zubiarte,54,49771043
3210.0,SPAIN,2023-01-31 13:00:00,2023-01-31 14:00:00,HOUR,Zubiarte,54,49771043
3395.0,SPAIN,2023-01-31 14:00:00,2023-01-31 15:00:00,HOUR,Zubiarte,54,49771043
3286.0,SPAIN,2023-01-31 15:00:00,2023-01-31 16:00:00,HOUR,Zubiarte,54,49771043
2512.0,SPAIN,2023-01-31 16:00:00,2023-01-31 17:00:00,HOUR,Zubiarte,54,49771043
2937.0,SPAIN,2023-01-31 17:00:00,2023-01-31 18:00:00,HOUR,Zubiarte,54,49771043
3401.0,SPAIN,2023-01-31 18:00:00,2023-01-31 19:00:00,HOUR,Zubiarte,54,49771043
3483.0,SPAIN,2023-01-31 19:00:00,2023-01-31 20:00:00,HOUR,Zubiarte,54,49771043
2904.0,SPAIN,2023-01-31 20:00:00,2023-01-31 21:00:00,HOUR,Zubiarte,54,49771043
1866.0,SPAIN,2023-01-31 21:00:00,2023-01-31 22:00:00,HOUR,Zubiarte,54,49771043
1851.0,SPAIN,2023-01-30 10:00:00,2023-01-30 11:00:00,HOUR,Ànecblau,7,136033623
1836.0,SPAIN,2023-01-30 11:00:00,2023-01-30 12:00:00,HOUR,Ànecblau,7,136033623
1781.0,SPAIN,2023-01-30 12:00:00,2023-01-30 13:00:00,HOUR,Ànecblau,7,136033623
1731.0,SPAIN,2023-01-30 13:00:00,2023-01-30 14:00:00,HOUR,Ànecblau,7,136033623
1770.0,SPAIN,2023-01-30 14:00:00,2023-01-30 15:00:00,HOUR,Ànecblau,7,136033623
1972.0,SPAIN,2023-01-30 15:00:00,2023-01-30 16:00:00,HOUR,Ànecblau,7,136033623
1741.0,SPAIN,2023-01-30 16:00:00,2023-01-30 17:00:00,HOUR,Ànecblau,7,136033623
1904.0,SPAIN,2023-01-30 17:00:00,2023-01-30 18:00:00,HOUR,Ànecblau,7,136033623
2121.0,SPAIN,2023-01-30 18:00:00,2023-01-30 19:00:00,HOUR,Ànecblau,7,136033623
2008.0,SPAIN,2023-01-30 19:00:00,2023-01-30 20:00:00,HOUR,Ànecblau,7,136033623
1815.0,SPAIN,2023-01-30 20:00:00,2023-01-30 21:00:00,HOUR,Ànecblau,7,136033623
1569.0,SPAIN,2023-01-30 21:00:00,2023-01-30 22:00:00,HOUR,Ànecblau,7,136033623
1889.0,SPAIN,2023-01-31 10:00:00,2023-01-31 11:00:00,HOUR,Ànecblau,7,136033623
2087.0,SPAIN,2023-01-31 11:00:00,2023-01-31 12:00:00,HOUR,Ànecblau,7,136033623
1931.0,SPAIN,2023-01-31 12:00:00,2023-01-31 13:00:00,HOUR,Ànecblau,7,136033623
1852.0,SPAIN,2023-01-31 13:00:00,2023-01-31 14:00:00,HOUR,Ànecblau,7,136033623
1835.0,SPAIN,2023-01-31 14:00:00,2023-01-31 15:00:00,HOUR,Ànecblau,7,136033623
1784.0,SPAIN,2023-01-31 15:00:00,2023-01-31 16:00:00,HOUR,Ànecblau,7,136033623
1693.0,SPAIN,2023-01-31 16:00:00,2023-01-31 17:00:00,HOUR,Ànecblau,7,136033623
1867.0,SPAIN,2023-01-31 17:00:00,2023-01-31 18:00:00,HOUR,Ànecblau,7,136033623
2160.0,SPAIN,2023-01-31 18:00:00,2023-01-31 19:00:00,HOUR,Ànecblau,7,136033623
2143.0,SPAIN,2023-01-31 19:00:00,2023-01-31 20:00:00,HOUR,Ànecblau,7,136033623
1901.0,SPAIN,2023-01-31 20:00:00,2023-01-31 21:00:00,HOUR,Ànecblau,7,136033623
1761.0,SPAIN,2023-01-31 21:00:00,2023-01-31 22:00:00,HOUR,Ànecblau,7,136033623
839.0,SPAIN,2023-01-30 10:00:00,2023-01-30 11:00:00,HOUR,Área Sur,55,288956367
1316.0,SPAIN,2023-01-30 11:00:00,2023-01-30 12:00:00,HOUR,Área Sur,55,288956367
1493.0,SPAIN,2023-01-30 12:00:00,2023-01-30 13:00:00,HOUR,Área Sur,55,288956367
1593.0,SPAIN,2023-01-30 13:00:00,2023-01-30 14:00:00,HOUR,Área Sur,55,288956367
1393.0,SPAIN,2023-01-30 14:00:00,2023-01-30 15:00:00,HOUR,Área Sur,55,288956367
1507.0,SPAIN,2023-01-30 15:00:00,2023-01-30 16:00:00,HOUR,Área Sur,55,288956367
1505.0,SPAIN,2023-01-30 16:00:00,2023-01-30 17:00:00,HOUR,Área Sur,55,288956367
1861.0,SPAIN,2023-01-30 17:00:00,2023-01-30 18:00:00,HOUR,Área Sur,55,288956367
2168.0,SPAIN,2023-01-30 18:00:00,2023-01-30 19:00:00,HOUR,Área Sur,55,288956367
2105.0,SPAIN,2023-01-30 19:00:00,2023-01-30 20:00:00,HOUR,Área Sur,55,288956367
1831.0,SPAIN,2023-01-30 20:00:00,2023-01-30 21:00:00,HOUR,Área Sur,55,288956367
1134.0,SPAIN,2023-01-30 21:00:00,2023-01-30 22:00:00,HOUR,Área Sur,55,288956367
999.0,SPAIN,2023-01-31 10:00:00,2023-01-31 11:00:00,HOUR,Área Sur,55,288956367
1587.0,SPAIN,2023-01-31 11:00:00,2023-01-31 12:00:00,HOUR,Área Sur,55,288956367
1821.0,SPAIN,2023-01-31 12:00:00,2023-01-31 13:00:00,HOUR,Área Sur,55,288956367
1454.0,SPAIN,2023-01-31 13:00:00,2023-01-31 14:00:00,HOUR,Área Sur,55,288956367
1331.0,SPAIN,2023-01-31 14:00:00,2023-01-31 15:00:00,HOUR,Área Sur,55,288956367
1149.0,SPAIN,2023-01-31 15:00:00,2023-01-31 16:00:00,HOUR,Área Sur,55,288956367
1448.0,SPAIN,2023-01-31 16:00:00,2023-01-31 17:00:00,HOUR,Área Sur,55,288956367
1722.0,SPAIN,2023-01-31 17:00:00,2023-01-31 18:00:00,HOUR,Área Sur,55,288956367
2209.0,SPAIN,2023-01-31 18:00:00,2023-01-31 19:00:00,HOUR,Área Sur,55,288956367
2291.0,SPAIN,2023-01-31 19:00:00,2023-01-31 20:00:00,HOUR,Área Sur,55,288956367
1878.0,SPAIN,2023-01-31 20:00:00,2023-01-31 21:00:00,HOUR,Área Sur,55,288956367
1017.0,SPAIN,2023-01-31 21:00:00,2023-01-31 22:00:00,HOUR,Área Sur,55,288956367
