uuid;name;id;p_f_tot;p_m_tot
091b8fd0-a5b1-4c59-acb2-40759e131801;Albacenter;3;55.28;44.72
69dda3aa-efa6-4149-9481-3e1260141dc2;Alegra - Parque Comercial y de Ocio;5;55.41;44.59
91e8cf7c-ece3-4e27-9eed-4a146790bbb7;Almazara Plaza;6;52.32;47.68
4916aafd-1c0b-4e27-b2b0-61f7755fb4f3;Arena Multiespacio;9;55.57;44.43
c61e2cc5-ff63-4fe8-aa4a-abf1b1d7be16;As Termas;10;56.28;43.72
f066cf28-e91c-4ce3-a0e9-e87370fd0445;Castellana 200;11;56.21;43.79
135cd769-31c8-4240-a5af-adf6a132aaec;Conquistadores;13;52.03;47.97
0c2639f4-bec1-428e-abad-c95a3a78de58;Coruña The Style Outlets;50;57.42;42.58
b3c672c8-277c-4dd2-8450-802c3daca800;El Arcángel;95;55.43;44.57
db21a149-6720-4f2d-8cd5-e40df385d04b;El Deleite;57;53.44;46.56
cbb1f955-6ce2-4dd7-8c26-4bb8d4085418;El Encinar;67;54.72;45.28
d6e10447-60ed-4a71-a658-ec05fbe6b017;El Parque de Ciudad Real;16;54.35;45.65
14d4d04b-c417-4149-8146-d791064f5a8f;El Paseo;17;54.27;45.73
c494f3fd-545f-43dd-90ac-f15444c92879;El Restón;44;54.66;45.34
7ff3cca7-ed09-4cf6-b3ab-66d27f30939c;El Rosal;18;54.76;45.24
51cdbe4b-9a08-41e3-9dff-4dce61719a8f;Espacio Coruña;19;53.48;46.52
1ae1ee31-2236-4b08-ac6d-da75d590ced2;Espacio León;20;53.76;46.24
44dfcbc9-7df0-4da0-9882-0b07e36ef9d4;FINESTRELLES SHOPPING CENTRE;58;58.71;41.29
6723e314-b093-4de2-bafa-1775196d1234;Getafe The Style Outlets;45;54.24;45.76
a9652ebd-80a7-4e3c-9c82-da5a33132fa2;Gran Plaza 2;25;57.72;42.28
4f86178d-a155-40d0-977b-657954882fed;Gran Vía 2;26;56.1;43.9
d44960b0-d717-4fa8-a81c-4d6285b8f6b4;Gran Vía de Vigo;27;58.34;41.66
b345570b-20c8-4b90-b0ed-9ddaabdec93e;GranCasa;24;51.2;48.8
bf207f85-1735-4979-85d2-289f183bf178;L'Illa Diagonal;2;60.24;39.76
b2fd26f7-6048-4f10-8eba-5f90879f470e;La Farga;29;57.56;42.44
96ebc324-97d7-4c0c-9122-c873141fc16a;La Villa 2;61;56.3;43.7
b33e9212-926d-45da-9f83-683b27a904b6;Las Rozas The Style Outlets;46;54.95;45.05
27630773-db74-4220-a055-00237a25da71;Los Alcores;4;52.71;47.29
67c19fe9-6b90-440c-954c-d6f652cd122a;Luz de Castilla;31;44.4;55.6
9a893048-055e-43ae-b7ef-1c1165f64320;Madrid Sur;32;55.38;44.62
ae7e12dd-92d3-4d52-b6c2-fe9184bd8c34;Manoteras;33;52.52;47.48
39f7933c-5cbc-4d42-908e-6bd88c55c50c;Max Center;34;54.13;45.87
d00339ba-c6d2-4830-acd1-b9cbe9b6be22;Nassica - Parque Comercial y de Ocio;60;54.32;45.68
e2aef294-794c-4674-9509-6c15225543af;Parque Corredor;101;51.92;48.08
2560337e-ad93-46bc-a944-73428173bc69;Plaza Loranca 2;63;55.38;44.62
fe152407-9e68-4ccb-8dcc-0032f6d68c1a;Plaza Mayor;40;55.71;44.29
a8d2120d-8649-4d03-97dc-e384b935406c;Plaza Moraleja;96;55.96;44.04
907fe0e5-f500-493f-92bd-3dfc70929688;Plaza Norte 2;41;57.75;42.25
a292aa57-8504-407d-96f2-783b80fdc527;Plaza Río 2;42;57.55;42.45
d96a47c5-f5e7-4a23-8d55-f9ff344613f6;Plaza de Aluche;38;56.55;43.45
ae2b6114-0ded-4bef-b0cb-3c94c6571797;Portal de la Marina;43;56.76;43.24
4173c481-8f24-413a-a53d-1432d966dddc;San Sebastián de los Reyes The Style Outlets;48;55.25;44.75
1ae5e620-424c-4dbe-8ec3-6dbd72584b9b;Valle Real;51;59.24;40.76
c42f0753-e80d-4354-abe3-9e7fe5dd7600;Zubiarte;54;56.82;43.18
d04597e6-51fd-457d-a302-12e381a71361;Ànecblau;7;55.29;44.71
c52d5f56-1f93-40dd-a167-d60d9a103807;Área Sur;55;56.97;43.03
