emotion,gender,age,isView,isImpression,dwellTime,mask,sessionTime,zoneId,direction,deviceId,timestamp,deviceName,attentionTime
NEUTRAL,MALE,28.5,1,2,3.1418731212615967,0,4.1192783713340759,,,d23ac55386b97,2023-08-08 00:00:00,ICPNA Lima Norte,3.1418731212615967
,,0,1,116,11.484067916870117,,5.3721978707431708,,,d23ac55386b97,2023-08-08 00:00:00,ICPNA Lima Norte,11.484067916870117
,,0,1,78,1.5986047983169556,,5.5411369871252605,,,dc60b0252e15d,2023-08-08 00:00:00,IPCNA Surco,1.5986047983169556
ANGRY,MALE,30,0,1,0.19919808208942413,0,3.4377803802490234,,,d23ac55386b97,2023-08-08 00:00:00,ICPNA Lima Norte,0.19919808208942413
NEUTRAL,MALE,29.277777777777771,37,72,5.8388321652856421,0,15.118897298971808,,,d23ac55386b97,2023-09-05 00:00:00,ICPNA Lima Norte,5.8388321652856421
DISGUST,MALE,23.5,0,2,0,0,2.9190098643302917,,,d23ac55386b97,2023-09-05 00:00:00,ICPNA Lima Norte,0
FEAR,FEMALE,26.916666666666668,3,12,2.3446008414030075,0,14.47101965546608,,,d23ac55386b97,2023-09-05 00:00:00,ICPNA Lima Norte,2.3446008414030075
SAD,MALE,27.457142857142856,59,140,3.6584843212629066,0,16.373885648591177,,,d23ac55386b97,2023-09-05 00:00:00,ICPNA Lima Norte,3.6584843212629066
NEUTRAL,FEMALE,28.387096774193548,17,31,4.39351727271622,0,9.2566243967702331,,,d23ac55386b97,2023-09-05 00:00:00,ICPNA Lima Norte,4.39351727271622
ANGRY,MALE,27.39473684210526,8,39,3.9604529946421589,0,12.249042327587418,,,d23ac55386b97,2023-09-05 00:00:00,ICPNA Lima Norte,3.9604529946421589
ANGRY,FEMALE,27.625,10,16,3.5912780463695522,0,11.810655109584333,,,d23ac55386b97,2023-09-05 00:00:00,ICPNA Lima Norte,3.5912780463695522
FEAR,MALE,28.323529411764714,5,34,0.58233519891897834,0,17.200758781503232,,,d23ac55386b97,2023-09-05 00:00:00,ICPNA Lima Norte,0.58233519891897834
SURPRISED,MALE,26.813953488372093,5,43,1.6866695647024446,0,12.760639993257302,,,d23ac55386b97,2023-09-05 00:00:00,ICPNA Lima Norte,1.6866695647024446
,,0,82,9600,1.3115321542016969,79,5.9817487831894818,,,d23ac55386b97,2023-09-05 00:00:00,ICPNA Lima Norte,1.3115321542016969
HAPPY,MALE,25.888888888888889,6,9,8.4985034929381484,0,15.726943267716301,,,d23ac55386b97,2023-09-05 00:00:00,ICPNA Lima Norte,8.4985034929381484
SAD,FEMALE,25.652777777777775,49,72,3.2287010591891083,0,13.455360372033383,,,d23ac55386b97,2023-09-05 00:00:00,ICPNA Lima Norte,3.2287010591891083
SURPRISED,FEMALE,29.375,3,16,3.3141239338687494,0,12.785030119121075,,,d23ac55386b97,2023-09-05 00:00:00,ICPNA Lima Norte,3.3141239338687494
HAPPY,FEMALE,27.375,6,8,1.4427705506483715,0,6.9890383481979361,,,d23ac55386b97,2023-09-05 00:00:00,ICPNA Lima Norte,1.4427705506483715
DISGUST,FEMALE,18.5,0,2,0,0,1.7603579759597778,,,d23ac55386b97,2023-09-05 00:00:00,ICPNA Lima Norte,0
FEAR,FEMALE,24.142857142857142,6,7,1.6733406409621236,0,4.2562994786671231,,,dc60b0252e15d,2023-09-06 00:00:00,IPCNA Surco,1.6733406409621236
SURPRISED,FEMALE,28.263157894736842,5,19,2.8800071161240339,0,7.6798900114862541,,,d23ac55386b97,2023-09-06 00:00:00,ICPNA Lima Norte,2.8800071161240339
ANGRY,FEMALE,25.222222222222221,5,9,2.2715483329125812,0,6.9252089129553909,,,dc60b0252e15d,2023-09-06 00:00:00,IPCNA Surco,2.2715483329125812
SURPRISED,MALE,28.81818181818182,2,11,1.0184350709120431,0,5.2358874624425713,,,dc60b0252e15d,2023-09-06 00:00:00,IPCNA Surco,1.0184350709120431
FEAR,MALE,28.23076923076923,8,13,0.88832719595386433,0,4.0502210442836475,,,dc60b0252e15d,2023-09-06 00:00:00,IPCNA Surco,0.88832719595386433
DISGUST,MALE,30.833333333333332,3,6,2.7698767203837633,0,11.490543842315674,,,d23ac55386b97,2023-09-06 00:00:00,ICPNA Lima Norte,2.7698767203837633
ANGRY,MALE,30.133333333333333,6,15,2.4579602691034479,0,6.88045844634374,,,dc60b0252e15d,2023-09-06 00:00:00,IPCNA Surco,2.4579602691034479
NEUTRAL,FEMALE,21.875,8,8,5.9206250160932541,0,10.217814221978188,,,dc60b0252e15d,2023-09-06 00:00:00,IPCNA Surco,5.9206250160932541
SAD,FEMALE,26.283870967741933,87,155,2.5033957066922641,0,8.0586889497695431,,,d23ac55386b97,2023-09-06 00:00:00,ICPNA Lima Norte,2.5033957066922641
DISGUST,FEMALE,29.2,3,5,2.4179141521453857,0,8.3303598880767815,,,d23ac55386b97,2023-09-06 00:00:00,ICPNA Lima Norte,2.4179141521453857
ANGRY,MALE,28.43809523809524,31,105,1.6498897662386298,0,9.45809511684236,,,d23ac55386b97,2023-09-06 00:00:00,ICPNA Lima Norte,1.6498897662386298
FEAR,MALE,30.5,16,62,1.047372948956387,0,7.7758813529245323,,,d23ac55386b97,2023-09-06 00:00:00,ICPNA Lima Norte,1.047372948956387
HAPPY,FEMALE,29.800000000000004,8,15,2.4555732206656389,0,9.2133785327275568,,,d23ac55386b97,2023-09-06 00:00:00,ICPNA Lima Norte,2.4555732206656389
HAPPY,MALE,31,4,5,2.3499530315399171,0,4.2557328701019284,,,dc60b0252e15d,2023-09-06 00:00:00,IPCNA Surco,2.3499530315399171
SAD,MALE,26.96,16,25,3.73278533471258,0,8.0738580274581917,,,dc60b0252e15d,2023-09-06 00:00:00,IPCNA Surco,3.73278533471258
SAD,FEMALE,21.428571428571427,19,21,3.0689142942428589,0,7.6081142993200395,,,dc60b0252e15d,2023-09-06 00:00:00,IPCNA Surco,3.0689142942428589
DISGUST,MALE,35.5,1,2,0.63706369698047638,0,5.4212870597839355,,,dc60b0252e15d,2023-09-06 00:00:00,IPCNA Surco,0.63706369698047638
SURPRISED,FEMALE,28.5,0,2,0,0,1.7665665447711945,,,dc60b0252e15d,2023-09-06 00:00:00,IPCNA Surco,0
,,0,216,38369,1.2625833027666455,170,7.0687398704644684,,,d23ac55386b97,2023-09-06 00:00:00,ICPNA Lima Norte,1.2625833027666455
SAD,MALE,28.470370370370379,107,270,2.6941394004480621,0,9.8653063158194243,,,d23ac55386b97,2023-09-06 00:00:00,ICPNA Lima Norte,2.6941394004480621
FEAR,FEMALE,27.147058823529417,7,34,1.0629494803336759,0,5.3249990431701439,,,d23ac55386b97,2023-09-06 00:00:00,ICPNA Lima Norte,1.0629494803336759
,,0,501,15091,3.2174849720217717,31,7.7651154575765355,,,dc60b0252e15d,2023-09-06 00:00:00,IPCNA Surco,3.2174849720217717
SURPRISED,MALE,26.94285714285714,10,70,2.2934779646495977,0,9.6790413873536263,,,d23ac55386b97,2023-09-06 00:00:00,ICPNA Lima Norte,2.2934779646495977
NEUTRAL,FEMALE,27.018181818181816,29,55,2.7661000552546708,0,7.0542244770310152,,,d23ac55386b97,2023-09-06 00:00:00,ICPNA Lima Norte,2.7661000552546708
HAPPY,MALE,28.708333333333336,12,24,1.6817965467926115,0,4.7351205100615816,,,d23ac55386b97,2023-09-06 00:00:00,ICPNA Lima Norte,1.6817965467926115
NEUTRAL,MALE,28.513513513513512,25,37,4.47224214140858,0,9.8930777005247172,,,dc60b0252e15d,2023-09-06 00:00:00,IPCNA Surco,4.47224214140858
ANGRY,FEMALE,29.625,12,32,1.7403231177013367,0,8.13417785614729,,,d23ac55386b97,2023-09-06 00:00:00,ICPNA Lima Norte,1.7403231177013367
NEUTRAL,MALE,28.928961748633888,91,183,2.9338308160697095,0,13.111579813266713,,,d23ac55386b97,2023-09-06 00:00:00,ICPNA Lima Norte,2.9338308160697095
HAPPY,FEMALE,22.4,5,5,1.6944361090660096,0,4.7692750930786136,,,dc60b0252e15d,2023-09-06 00:00:00,IPCNA Surco,1.6944361090660096
SAD,FEMALE,27.23076923076923,9,13,2.29160375893116,0,4.5942619030292215,,,dc60b0252e15d,2023-09-07 00:00:00,IPCNA Surco,2.29160375893116
FEAR,FEMALE,30,2,3,1.6325308283170066,0,3.7842438220977783,,,dc60b0252e15d,2023-09-07 00:00:00,IPCNA Surco,1.6325308283170066
ANGRY,MALE,28.486111111111107,17,72,1.3956470788855637,0,12.420625803371271,,,d23ac55386b97,2023-09-07 00:00:00,ICPNA Lima Norte,1.3956470788855637
FEAR,MALE,30.546875000000004,9,64,0.98551745105672761,0,17.041800978593525,,,d23ac55386b97,2023-09-07 00:00:00,ICPNA Lima Norte,0.98551745105672761
HAPPY,FEMALE,22.333333333333336,17,21,3.07532030627841,0,13.849142801193963,,,d23ac55386b97,2023-09-07 00:00:00,ICPNA Lima Norte,3.07532030627841
HAPPY,MALE,24.125,6,8,1.6710285586970193,0,13.674957752227785,,,d23ac55386b97,2023-09-07 00:00:00,ICPNA Lima Norte,1.6710285586970193
,,0,131,30693,2.0426193454403831,8,11.306176158629439,,,dc60b0252e15d,2023-09-07 00:00:00,IPCNA Surco,2.0426193454403831
FEAR,FEMALE,26.863636363636363,8,22,2.1629227574628134,0,14.945508057420904,,,d23ac55386b97,2023-09-07 00:00:00,ICPNA Lima Norte,2.1629227574628134
DISGUST,MALE,25.5,0,2,0,0,6.0315098762512207,,,d23ac55386b97,2023-09-07 00:00:00,ICPNA Lima Norte,0
DISGUST,FEMALE,28.5,1,2,0.68969160318374634,0,2.5946632623672485,,,d23ac55386b97,2023-09-07 00:00:00,ICPNA Lima Norte,0.68969160318374634
ANGRY,FEMALE,24.875,3,8,0.99816548228263846,0,2.7879126146435738,,,dc60b0252e15d,2023-09-07 00:00:00,IPCNA Surco,0.99816548228263846
HAPPY,FEMALE,28.5,2,2,1.6888170838356018,0,3.240677535533905,,,dc60b0252e15d,2023-09-07 00:00:00,IPCNA Surco,1.6888170838356018
SAD,FEMALE,26.219047619047618,70,106,2.8482156469580828,0,9.9335748165283562,,,d23ac55386b97,2023-09-07 00:00:00,ICPNA Lima Norte,2.8482156469580828
NEUTRAL,MALE,27.660714285714285,30,56,1.8589621874454774,0,16.854664513042991,,,d23ac55386b97,2023-09-07 00:00:00,ICPNA Lima Norte,1.8589621874454774
NEUTRAL,MALE,29.045454545454543,16,22,2.538497109304775,0,6.035213443365965,,,dc60b0252e15d,2023-09-07 00:00:00,IPCNA Surco,2.538497109304775
FEAR,MALE,30,8,16,1.1615672827299153,0,2.854226291179657,,,dc60b0252e15d,2023-09-07 00:00:00,IPCNA Surco,1.1615672827299153
SURPRISED,FEMALE,28.846153846153847,2,13,1.4332530498504639,0,20.328919268571415,,,d23ac55386b97,2023-09-07 00:00:00,ICPNA Lima Norte,1.4332530498504639
DISGUST,FEMALE,27,1,1,5.01710319519043,0,7.7048993110656738,,,dc60b0252e15d,2023-09-07 00:00:00,IPCNA Surco,5.01710319519043
NEUTRAL,FEMALE,26,6,10,1.212662553207742,0,2.7210973322391512,,,dc60b0252e15d,2023-09-07 00:00:00,IPCNA Surco,1.212662553207742
ANGRY,FEMALE,26,9,20,2.6758813129531016,0,13.68926483988762,,,d23ac55386b97,2023-09-07 00:00:00,ICPNA Lima Norte,2.6758813129531016
DISGUST,MALE,24,1,1,2.5993096828460693,0,4.054842472076416,,,dc60b0252e15d,2023-09-07 00:00:00,IPCNA Surco,2.5993096828460693
NEUTRAL,FEMALE,26.849056603773583,30,53,2.9345770232556836,0,10.831198145758432,,,d23ac55386b97,2023-09-07 00:00:00,ICPNA Lima Norte,2.9345770232556836
HAPPY,MALE,23.4,2,5,1.1143879195054371,0,2.2314418792724608,,,dc60b0252e15d,2023-09-07 00:00:00,IPCNA Surco,1.1143879195054371
,,0,123,34866,1.2246036956717896,100,7.6991013111009732,,,d23ac55386b97,2023-09-07 00:00:00,ICPNA Lima Norte,1.2246036956717896
SAD,MALE,28.483606557377048,53,122,4.17262316815969,0,11.674182288470815,,,d23ac55386b97,2023-09-07 00:00:00,ICPNA Lima Norte,4.17262316815969
ANGRY,MALE,26.838709677419356,15,31,1.413416729511126,0,3.8108650330574281,,,dc60b0252e15d,2023-09-07 00:00:00,IPCNA Surco,1.413416729511126
SAD,MALE,24.8,13,20,1.2049440759069781,0,3.1702087819576263,,,dc60b0252e15d,2023-09-07 00:00:00,IPCNA Surco,1.2049440759069781
SURPRISED,MALE,27.6,5,5,3.2338803052902216,0,6.3968957424163815,,,dc60b0252e15d,2023-09-07 00:00:00,IPCNA Surco,3.2338803052902216
SURPRISED,MALE,30.045454545454547,8,44,2.6495741459612665,0,23.626992515542284,,,d23ac55386b97,2023-09-07 00:00:00,ICPNA Lima Norte,2.6495741459612665
FEAR,FEMALE,26.25,6,8,6.1800670325756064,0,22.945947051048275,,,dc60b0252e15d,2023-09-08 00:00:00,IPCNA Surco,6.1800670325756064
,,0,308,34745,4.1700651095533852,21,11.574500199721834,,,dc60b0252e15d,2023-09-08 00:00:00,IPCNA Surco,4.1700651095533852
,,0,218,26804,1.6786143201574377,91,8.13749702177872,,,d23ac55386b97,2023-09-08 00:00:00,ICPNA Lima Norte,1.6786143201574377
HAPPY,MALE,23.7,6,10,1.3407137564250402,0,4.836487197875976,,,dc60b0252e15d,2023-09-08 00:00:00,IPCNA Surco,1.3407137564250402
SURPRISED,MALE,27.53846153846154,8,13,4.040147516255578,0,8.0319598638094387,,,dc60b0252e15d,2023-09-08 00:00:00,IPCNA Surco,4.040147516255578
ANGRY,FEMALE,29.571428571428569,7,14,2.1274027790014558,0,7.0563027092388708,,,dc60b0252e15d,2023-09-08 00:00:00,IPCNA Surco,2.1274027790014558
FEAR,MALE,30.768292682926827,26,82,2.58560271249261,0,12.896291710254621,,,d23ac55386b97,2023-09-08 00:00:00,ICPNA Lima Norte,2.58560271249261
DISGUST,FEMALE,28.5,1,2,0.75104457139968872,0,6.0413172245025635,,,d23ac55386b97,2023-09-08 00:00:00,ICPNA Lima Norte,0.75104457139968872
NEUTRAL,MALE,28.8062015503876,63,129,2.85991893323477,0,12.557670785013096,,,d23ac55386b97,2023-09-08 00:00:00,ICPNA Lima Norte,2.85991893323477
HAPPY,FEMALE,28.428571428571431,7,7,27.379717213766916,0,56.528390884399421,,,dc60b0252e15d,2023-09-08 00:00:00,IPCNA Surco,27.379717213766916
SAD,MALE,26.425,29,40,6.4176154311965492,0,13.77217502295971,,,dc60b0252e15d,2023-09-08 00:00:00,IPCNA Surco,6.4176154311965492
ANGRY,MALE,27.8,15,25,7.4265588390640938,0,11.507528681755065,,,dc60b0252e15d,2023-09-08 00:00:00,IPCNA Surco,7.4265588390640938
HAPPY,MALE,28.826086956521738,15,23,5.0501793213188648,0,13.424272345459981,,,d23ac55386b97,2023-09-08 00:00:00,ICPNA Lima Norte,5.0501793213188648
DISGUST,MALE,29.2,3,5,5.8332190910975141,0,25.468663549423219,,,d23ac55386b97,2023-09-08 00:00:00,ICPNA Lima Norte,5.8332190910975141
ANGRY,FEMALE,27.606060606060606,17,33,3.0000074671374426,0,14.619617362817129,,,d23ac55386b97,2023-09-08 00:00:00,ICPNA Lima Norte,3.0000074671374426
SAD,FEMALE,26.661870503597125,92,139,6.4641698971894153,0,11.828484079820647,,,d23ac55386b97,2023-09-08 00:00:00,ICPNA Lima Norte,6.4641698971894153
ANGRY,MALE,29.203389830508474,34,118,2.8167065950554036,0,14.194468981128628,,,d23ac55386b97,2023-09-08 00:00:00,ICPNA Lima Norte,2.8167065950554036
HAPPY,FEMALE,25.125000000000004,10,16,2.0851150384316077,0,7.2983480468392372,,,d23ac55386b97,2023-09-08 00:00:00,ICPNA Lima Norte,2.0851150384316077
SAD,MALE,27.864406779661014,79,177,5.7175992095399462,0,16.500954055179989,,,d23ac55386b97,2023-09-08 00:00:00,ICPNA Lima Norte,5.7175992095399462
SURPRISED,FEMALE,27.055555555555554,2,18,1.266544044017792,0,17.750463147958119,,,d23ac55386b97,2023-09-08 00:00:00,ICPNA Lima Norte,1.266544044017792
NEUTRAL,FEMALE,28.033333333333331,32,60,3.2356857073128875,0,10.375269014636675,,,d23ac55386b97,2023-09-08 00:00:00,ICPNA Lima Norte,3.2356857073128875
SAD,FEMALE,24.147058823529413,28,34,7.8878895159690607,0,12.528821950449663,,,dc60b0252e15d,2023-09-08 00:00:00,IPCNA Surco,7.8878895159690607
NEUTRAL,FEMALE,26.55,17,20,8.4207113001887741,0,12.947097638249396,,,dc60b0252e15d,2023-09-08 00:00:00,IPCNA Surco,8.4207113001887741
FEAR,FEMALE,28.45945945945946,16,37,1.8226144783522771,0,12.419579559081308,,,d23ac55386b97,2023-09-08 00:00:00,ICPNA Lima Norte,1.8226144783522771
SURPRISED,FEMALE,22,2,2,18.795514106750488,0,28.65655517578125,,,dc60b0252e15d,2023-09-08 00:00:00,IPCNA Surco,18.795514106750488
FEAR,MALE,29.190476190476193,12,21,3.1909018017743769,0,8.4020102109227874,,,dc60b0252e15d,2023-09-08 00:00:00,IPCNA Surco,3.1909018017743769
SURPRISED,MALE,26.844155844155843,15,77,2.4609125458768433,0,17.910448493121507,,,d23ac55386b97,2023-09-08 00:00:00,ICPNA Lima Norte,2.4609125458768433
NEUTRAL,MALE,26.979166666666668,26,48,3.7208727206517418,0,6.8021611012518406,,,dc60b0252e15d,2023-09-08 00:00:00,IPCNA Surco,3.7208727206517418
ANGRY,MALE,30.092526690391452,54,281,2.9263381234370183,0,19.108291831941361,,,d23ac55386b97,2023-09-09 00:00:00,ICPNA Lima Norte,2.9263381234370183
NEUTRAL,MALE,28.588235294117652,23,34,2.9873721129421531,0,5.964263193747577,,,dc60b0252e15d,2023-09-09 00:00:00,IPCNA Surco,2.9873721129421531
SAD,MALE,27.357142857142854,29,42,2.4489139943782772,0,8.119029121739521,,,dc60b0252e15d,2023-09-09 00:00:00,IPCNA Surco,2.4489139943782772
SURPRISED,MALE,27.963855421686748,12,83,2.5267367668242922,0,20.377949836742442,,,d23ac55386b97,2023-09-09 00:00:00,ICPNA Lima Norte,2.5267367668242922
FEAR,FEMALE,26.545454545454543,16,22,2.3789303548634049,0,5.1688502972776238,,,dc60b0252e15d,2023-09-09 00:00:00,IPCNA Surco,2.3789303548634049
DISGUST,FEMALE,28.181818181818183,1,11,1.753009376426538,0,6.7783023769205268,,,d23ac55386b97,2023-09-09 00:00:00,ICPNA Lima Norte,1.753009376426538
NEUTRAL,MALE,31,83,190,3.5902488875553149,0,14.857535099669503,,,d23ac55386b97,2023-09-09 00:00:00,ICPNA Lima Norte,3.5902488875553149
ANGRY,FEMALE,29.999999999999996,14,79,1.945819762721658,0,9.9807310692871685,,,d23ac55386b97,2023-09-09 00:00:00,ICPNA Lima Norte,1.945819762721658
HAPPY,FEMALE,27.23076923076923,7,13,1.8758386207434039,0,11.086729058852562,,,d23ac55386b97,2023-09-09 00:00:00,ICPNA Lima Norte,1.8758386207434039
HAPPY,MALE,31.46875,21,32,3.7651532799776262,0,14.611944869160652,,,d23ac55386b97,2023-09-09 00:00:00,ICPNA Lima Norte,3.7651532799776262
FEAR,MALE,31.851851851851844,13,27,1.4904212167279589,0,6.2790758278634815,,,dc60b0252e15d,2023-09-09 00:00:00,IPCNA Surco,1.4904212167279589
,,0,418,46664,3.4407399668318819,13,10.290482977055046,,,dc60b0252e15d,2023-09-09 00:00:00,IPCNA Surco,3.4407399668318819
NEUTRAL,FEMALE,27.888888888888886,28,54,2.3237062194517679,0,12.08167862340256,,,d23ac55386b97,2023-09-09 00:00:00,ICPNA Lima Norte,2.3237062194517679
DISGUST,FEMALE,27,2,2,1.7834215760231018,0,4.4509958028793335,,,dc60b0252e15d,2023-09-09 00:00:00,IPCNA Surco,1.7834215760231018
SAD,FEMALE,26.318181818181824,12,22,2.0203404253348722,0,4.1424490592696452,,,dc60b0252e15d,2023-09-09 00:00:00,IPCNA Surco,2.0203404253348722
SURPRISED,FEMALE,24.571428571428573,6,7,6.3420312737247775,0,10.962969524519783,,,dc60b0252e15d,2023-09-09 00:00:00,IPCNA Surco,6.3420312737247775
DISGUST,MALE,31.761904761904763,8,21,1.4408613920211792,0,15.704334588277908,,,d23ac55386b97,2023-09-09 00:00:00,ICPNA Lima Norte,1.4408613920211792
FEAR,FEMALE,30.806451612903228,23,62,3.1081121452152733,0,12.331922447489154,,,d23ac55386b97,2023-09-09 00:00:00,ICPNA Lima Norte,3.1081121452152733
SURPRISED,FEMALE,26.4,2,15,4.4941647350788116,0,13.223398391405739,,,d23ac55386b97,2023-09-09 00:00:00,ICPNA Lima Norte,4.4941647350788116
DISGUST,MALE,32,0,2,0.29437045753002167,0,2.2716888189315796,,,dc60b0252e15d,2023-09-09 00:00:00,IPCNA Surco,0.29437045753002167
HAPPY,MALE,24,1,1,1.9512121677398682,0,8.2123298645019531,,,dc60b0252e15d,2023-09-09 00:00:00,IPCNA Surco,1.9512121677398682
FEAR,MALE,30.715639810426534,67,211,3.6546440886521934,0,15.98264557236179,,,d23ac55386b97,2023-09-09 00:00:00,ICPNA Lima Norte,3.6546440886521934
NEUTRAL,FEMALE,28.730769230769234,20,26,1.9832759103314448,0,5.2720385239674492,,,dc60b0252e15d,2023-09-09 00:00:00,IPCNA Surco,1.9832759103314448
ANGRY,FEMALE,25.071428571428569,7,14,1.8238317974927749,0,6.7992461834635058,,,dc60b0252e15d,2023-09-09 00:00:00,IPCNA Surco,1.8238317974927749
ANGRY,MALE,30.71875,19,32,1.5491570405662063,0,5.0889852289110422,,,dc60b0252e15d,2023-09-09 00:00:00,IPCNA Surco,1.5491570405662063
HAPPY,FEMALE,26.285714285714285,5,7,2.9194155833018676,0,4.9278019326073785,,,dc60b0252e15d,2023-09-09 00:00:00,IPCNA Surco,2.9194155833018676
SURPRISED,MALE,26.666666666666668,5,9,1.1969379420791353,0,2.77164728111691,,,dc60b0252e15d,2023-09-09 00:00:00,IPCNA Surco,1.1969379420791353
SAD,MALE,29.832911392405062,169,395,5.2828012818965719,0,18.201971914194811,,,d23ac55386b97,2023-09-09 00:00:00,ICPNA Lima Norte,5.2828012818965719
,,0,800,41233,3.8479894858830233,361,10.27029311293467,,,d23ac55386b97,2023-09-09 00:00:00,ICPNA Lima Norte,3.8479894858830233
SAD,FEMALE,27.351351351351347,51,111,2.4050244243526966,0,10.72808210699408,,,d23ac55386b97,2023-09-09 00:00:00,ICPNA Lima Norte,2.4050244243526966
SAD,MALE,54,1,1,2.1012368202209473,0,2.6448988914489746,,,dc60b0252e15d,2023-09-10 00:00:00,IPCNA Surco,2.1012368202209473
,,0,1,28543,0.85151890354851889,,10.185707611847983,,,dc60b0252e15d,2023-09-10 00:00:00,IPCNA Surco,0.85151890354851889
FEAR,MALE,41,1,1,1.3053271770477295,0,3.2721700668334961,,,dc60b0252e15d,2023-09-10 00:00:00,IPCNA Surco,1.3053271770477295
,,0,0,33512,0,,12.297672288015193,,,d23ac55386b97,2023-09-10 00:00:00,ICPNA Lima Norte,0
SURPRISED,MALE,27.277777777777779,13,36,1.2979401026386768,0,11.985825674401388,,,d23ac55386b97,2023-09-11 00:00:00,ICPNA Lima Norte,1.2979401026386768
HAPPY,MALE,28.142857142857142,24,35,2.6988896326191956,0,6.0774668131555831,,,d23ac55386b97,2023-09-11 00:00:00,ICPNA Lima Norte,2.6988896326191956
,,0,411,39678,3.1628800152500749,19,9.8364853481880257,,,dc60b0252e15d,2023-09-11 00:00:00,IPCNA Surco,3.1628800152500749
FEAR,MALE,28.866666666666667,7,15,11.540293649584054,0,20.49240087668101,,,dc60b0252e15d,2023-09-11 00:00:00,IPCNA Surco,11.540293649584054
HAPPY,MALE,26,3,3,17.50322961807251,0,22.044847329457603,,,dc60b0252e15d,2023-09-11 00:00:00,IPCNA Surco,17.50322961807251
DISGUST,FEMALE,27,0,1,0,0,1.0672088861465454,,,d23ac55386b97,2023-09-11 00:00:00,ICPNA Lima Norte,0
DISGUST,FEMALE,26.25,2,4,0.415507048368454,0,5.0251952409744263,,,dc60b0252e15d,2023-09-11 00:00:00,IPCNA Surco,0.415507048368454
FEAR,FEMALE,28.925925925925927,8,27,1.7974727343535053,0,10.481788001678607,,,d23ac55386b97,2023-09-11 00:00:00,ICPNA Lima Norte,1.7974727343535053
SAD,MALE,28.511764705882356,84,170,2.3945516536027944,0,10.919679880843447,,,d23ac55386b97,2023-09-11 00:00:00,ICPNA Lima Norte,2.3945516536027944
FEAR,MALE,31.3,19,70,1.701255289488472,0,12.332511417354857,,,d23ac55386b97,2023-09-11 00:00:00,ICPNA Lima Norte,1.701255289488472
HAPPY,FEMALE,25.599999999999998,9,10,3.1410101234912871,0,6.9201794385910036,,,dc60b0252e15d,2023-09-11 00:00:00,IPCNA Surco,3.1410101234912871
ANGRY,FEMALE,24.4,8,10,2.4383327232466803,0,4.8346924304962151,,,dc60b0252e15d,2023-09-11 00:00:00,IPCNA Surco,2.4383327232466803
SURPRISED,FEMALE,32.571428571428569,5,7,8.5602196703354512,0,16.232798610414775,,,dc60b0252e15d,2023-09-11 00:00:00,IPCNA Surco,8.5602196703354512
ANGRY,FEMALE,31.823529411764707,6,17,1.0784206489721935,0,7.6400680682238411,,,d23ac55386b97,2023-09-11 00:00:00,ICPNA Lima Norte,1.0784206489721935
ANGRY,MALE,29.344827586206897,14,29,3.347417209297419,0,6.6144261976768233,,,dc60b0252e15d,2023-09-11 00:00:00,IPCNA Surco,3.347417209297419
SAD,FEMALE,23.675,28,40,2.6105930123365284,0,7.7997231692075726,,,dc60b0252e15d,2023-09-11 00:00:00,IPCNA Surco,2.6105930123365284
NEUTRAL,FEMALE,26.8,29,40,2.9315453182686779,0,7.89242720901966,,,d23ac55386b97,2023-09-11 00:00:00,ICPNA Lima Norte,2.9315453182686779
DISGUST,MALE,26.25,1,4,4.3637170791625977,0,30.0193846821785,,,d23ac55386b97,2023-09-11 00:00:00,ICPNA Lima Norte,4.3637170791625977
FEAR,FEMALE,27.083333333333332,7,12,1.58312341508766,0,4.95736758907636,,,dc60b0252e15d,2023-09-11 00:00:00,IPCNA Surco,1.58312341508766
NEUTRAL,MALE,28.426829268292682,52,82,2.7357955456066589,0,9.1170265013124876,,,d23ac55386b97,2023-09-11 00:00:00,ICPNA Lima Norte,2.7357955456066589
ANGRY,MALE,27.901960784313726,10,51,0.96878184624496988,0,8.4382092555363979,,,d23ac55386b97,2023-09-11 00:00:00,ICPNA Lima Norte,0.96878184624496988
SURPRISED,MALE,27.875,7,8,7.3826172266687662,0,15.444686025381088,,,dc60b0252e15d,2023-09-11 00:00:00,IPCNA Surco,7.3826172266687662
NEUTRAL,FEMALE,24.529411764705884,14,17,2.0693483604118228,0,4.7607475449057191,,,dc60b0252e15d,2023-09-11 00:00:00,IPCNA Surco,2.0693483604118228
NEUTRAL,MALE,28.393939393939394,25,33,4.4461113015810643,0,10.658913744218422,,,dc60b0252e15d,2023-09-11 00:00:00,IPCNA Surco,4.4461113015810643
HAPPY,FEMALE,26.500000000000004,10,14,3.7987606938068676,0,8.2717560316835126,,,d23ac55386b97,2023-09-11 00:00:00,ICPNA Lima Norte,3.7987606938068676
,,0,207,33292,1.8951229479445049,81,9.5852876100787832,,,d23ac55386b97,2023-09-11 00:00:00,ICPNA Lima Norte,1.8951229479445049
SAD,MALE,27.8125,15,32,2.3497782854930214,0,7.3159242272377014,,,dc60b0252e15d,2023-09-11 00:00:00,IPCNA Surco,2.3497782854930214
SAD,FEMALE,26.627272727272725,64,110,2.2500876959370957,0,7.6658433946696194,,,d23ac55386b97,2023-09-11 00:00:00,ICPNA Lima Norte,2.2500876959370957
SURPRISED,FEMALE,29.2,5,15,3.4267008788883686,0,15.68617773850759,,,d23ac55386b97,2023-09-11 00:00:00,ICPNA Lima Norte,3.4267008788883686
DISGUST,MALE,32,0,2,0.35380846261978149,0,2.6340856552124023,,,dc60b0252e15d,2023-09-11 00:00:00,IPCNA Surco,0.35380846261978149
,,0,272,34038,2.2321745478278712,101,8.9173139808103468,,,d23ac55386b97,2023-09-12 00:00:00,ICPNA Lima Norte,2.2321745478278712
ANGRY,MALE,27.764705882352942,7,17,1.4470583150784175,0,5.0477055030710565,,,dc60b0252e15d,2023-09-12 00:00:00,IPCNA Surco,1.4470583150784175
,,0,124,31900,2.02375058582961,7,10.751996420040074,,,dc60b0252e15d,2023-09-12 00:00:00,IPCNA Surco,2.02375058582961
SAD,MALE,28.066390041493783,128,241,2.3857259051874276,0,8.4124861297765712,,,d23ac55386b97,2023-09-12 00:00:00,ICPNA Lima Norte,2.3857259051874276
SURPRISED,FEMALE,26.954545454545453,5,22,0.85334064273370636,0,7.15531772646037,,,d23ac55386b97,2023-09-12 00:00:00,ICPNA Lima Norte,0.85334064273370636
DISGUST,MALE,33.5,1,2,1.3434430547058582,0,4.5984058380126953,,,dc60b0252e15d,2023-09-12 00:00:00,IPCNA Surco,1.3434430547058582
NEUTRAL,MALE,28.428571428571431,15,21,3.2992541860131657,0,8.2023117826098471,,,dc60b0252e15d,2023-09-12 00:00:00,IPCNA Surco,3.2992541860131657
SAD,MALE,26.258064516129032,14,31,0.9844360147447635,0,4.8292519700142646,,,dc60b0252e15d,2023-09-12 00:00:00,IPCNA Surco,0.9844360147447635
ANGRY,FEMALE,26.5,2,6,1.9134397804737091,0,7.0024140477180481,,,dc60b0252e15d,2023-09-12 00:00:00,IPCNA Surco,1.9134397804737091
HAPPY,FEMALE,27.866666666666664,9,15,1.1074163435647884,0,3.7809883038202927,,,d23ac55386b97,2023-09-12 00:00:00,ICPNA Lima Norte,1.1074163435647884
SURPRISED,MALE,26.795180722891565,10,83,1.290979639505563,0,9.9852464572492874,,,d23ac55386b97,2023-09-12 00:00:00,ICPNA Lima Norte,1.290979639505563
FEAR,MALE,27.74666666666667,11,75,0.9140464406121861,0,6.0281844480832421,,,d23ac55386b97,2023-09-12 00:00:00,ICPNA Lima Norte,0.9140464406121861
FEAR,FEMALE,26.6,4,5,1.6949256435036661,0,5.7728870630264284,,,dc60b0252e15d,2023-09-12 00:00:00,IPCNA Surco,1.6949256435036661
SURPRISED,MALE,26.571428571428573,3,7,10.257015195209533,0,14.577686837741306,,,dc60b0252e15d,2023-09-12 00:00:00,IPCNA Surco,10.257015195209533
NEUTRAL,FEMALE,28.220000000000002,31,50,1.5953762153299842,0,4.9528454506397246,,,d23ac55386b97,2023-09-12 00:00:00,ICPNA Lima Norte,1.5953762153299842
HAPPY,MALE,29.8125,5,16,0.67588420212268829,0,2.6813671439886093,,,d23ac55386b97,2023-09-12 00:00:00,ICPNA Lima Norte,0.67588420212268829
SAD,FEMALE,26.086956521739133,79,138,2.409699122131872,0,6.5288916264755148,,,d23ac55386b97,2023-09-12 00:00:00,ICPNA Lima Norte,2.409699122131872
SAD,FEMALE,25.928571428571431,21,28,2.47216447792016,0,6.4749641333307535,,,dc60b0252e15d,2023-09-12 00:00:00,IPCNA Surco,2.47216447792016
NEUTRAL,MALE,28.823076923076925,58,130,1.9849395070354952,0,8.472631962941243,,,d23ac55386b97,2023-09-12 00:00:00,ICPNA Lima Norte,1.9849395070354952
NEUTRAL,FEMALE,26.75,9,12,7.0692177981138231,0,12.95446069041888,,,dc60b0252e15d,2023-09-12 00:00:00,IPCNA Surco,7.0692177981138231
DISGUST,MALE,27.666666666666664,1,6,0.42663457989692688,0,6.5172532399495449,,,d23ac55386b97,2023-09-12 00:00:00,ICPNA Lima Norte,0.42663457989692688
HAPPY,FEMALE,24,1,1,7.8588104248046875,0,10.510288238525391,,,dc60b0252e15d,2023-09-12 00:00:00,IPCNA Surco,7.8588104248046875
FEAR,MALE,31.272727272727273,4,11,4.551012011510986,0,6.1585016792470757,,,dc60b0252e15d,2023-09-12 00:00:00,IPCNA Surco,4.551012011510986
HAPPY,MALE,26.142857142857146,5,7,1.8505378176147738,0,3.563297918864659,,,dc60b0252e15d,2023-09-12 00:00:00,IPCNA Surco,1.8505378176147738
DISGUST,FEMALE,35.5,0,2,0.46657589077949524,0,2.1286752820014954,,,d23ac55386b97,2023-09-12 00:00:00,ICPNA Lima Norte,0.46657589077949524
SURPRISED,FEMALE,29.5,3,4,4.7750050226847334,0,14.480039000511169,,,dc60b0252e15d,2023-09-12 00:00:00,IPCNA Surco,4.7750050226847334
ANGRY,FEMALE,27.156250000000004,10,32,0.83704926259815682,0,7.7919282130897045,,,d23ac55386b97,2023-09-12 00:00:00,ICPNA Lima Norte,0.83704926259815682
ANGRY,MALE,28.975409836065577,37,122,1.4817350115627053,0,13.081196482064293,,,d23ac55386b97,2023-09-12 00:00:00,ICPNA Lima Norte,1.4817350115627053
FEAR,FEMALE,27.777777777777779,12,27,0.99097898365421722,0,6.0966312907360223,,,d23ac55386b97,2023-09-12 00:00:00,ICPNA Lima Norte,0.99097898365421722
ANGRY,MALE,29.304347826086961,13,46,4.3040013580272589,0,20.337036565594051,,,d23ac55386b97,2023-09-13 00:00:00,ICPNA Lima Norte,4.3040013580272589
HAPPY,FEMALE,26.4,4,5,5.7933700978755951,0,17.143821811676027,,,d23ac55386b97,2023-09-13 00:00:00,ICPNA Lima Norte,5.7933700978755951
ANGRY,MALE,28.689655172413794,17,29,2.2309111536226491,0,10.08502883746706,,,dc60b0252e15d,2023-09-13 00:00:00,IPCNA Surco,2.2309111536226491
FEAR,MALE,27.434782608695652,10,23,0.91339623762501621,0,7.9173974939014595,,,dc60b0252e15d,2023-09-13 00:00:00,IPCNA Surco,0.91339623762501621
HAPPY,MALE,27,6,8,2.1299641345228468,0,6.4872908741235733,,,d23ac55386b97,2023-09-13 00:00:00,ICPNA Lima Norte,2.1299641345228468
SURPRISED,FEMALE,25.666666666666668,1,3,0.79655031114816666,0,4.505393385887146,,,dc60b0252e15d,2023-09-13 00:00:00,IPCNA Surco,0.79655031114816666
,,0,178,31025,2.3062596438473393,81,10.610991386615755,,,d23ac55386b97,2023-09-13 00:00:00,ICPNA Lima Norte,2.3062596438473393
SURPRISED,MALE,30.714285714285715,3,7,2.8758603304624559,0,9.2130031926291327,,,dc60b0252e15d,2023-09-13 00:00:00,IPCNA Surco,2.8758603304624559
DISGUST,MALE,31.666666666666668,1,3,0.658237636089325,0,16.061519145965576,,,d23ac55386b97,2023-09-13 00:00:00,ICPNA Lima Norte,0.658237636089325
FEAR,FEMALE,27.53846153846154,4,13,2.4649443551898003,0,10.892195829978355,,,d23ac55386b97,2023-09-13 00:00:00,ICPNA Lima Norte,2.4649443551898003
DISGUST,FEMALE,41,0,1,0.45113760232925415,0,6.5838584899902344,,,d23ac55386b97,2023-09-13 00:00:00,ICPNA Lima Norte,0.45113760232925415
DISGUST,FEMALE,32.666666666666664,2,3,7.3811547756195068,0,12.024874130884807,,,dc60b0252e15d,2023-09-13 00:00:00,IPCNA Surco,7.3811547756195068
SURPRISED,MALE,28.444444444444443,4,18,1.2398071909944217,0,13.535079273912643,,,d23ac55386b97,2023-09-13 00:00:00,ICPNA Lima Norte,1.2398071909944217
SAD,MALE,28.465116279069768,30,86,2.0099985159413758,0,9.2161733660587011,,,d23ac55386b97,2023-09-13 00:00:00,ICPNA Lima Norte,2.0099985159413758
SAD,FEMALE,25.238095238095237,15,21,2.1571440030303268,0,8.0092875815573183,,,dc60b0252e15d,2023-09-13 00:00:00,IPCNA Surco,2.1571440030303268
ANGRY,FEMALE,22.874999999999996,6,8,3.9926588609814644,0,14.628649592399597,,,dc60b0252e15d,2023-09-13 00:00:00,IPCNA Surco,3.9926588609814644
NEUTRAL,FEMALE,27.588235294117645,11,17,3.9873389591773352,0,9.2146105135188385,,,dc60b0252e15d,2023-09-13 00:00:00,IPCNA Surco,3.9873389591773352
HAPPY,FEMALE,19,4,5,8.0921996355056756,0,14.993166399002076,,,dc60b0252e15d,2023-09-13 00:00:00,IPCNA Surco,8.0921996355056756
NEUTRAL,MALE,29.682539682539684,28,63,3.3054174918850716,0,13.763584775584086,,,d23ac55386b97,2023-09-13 00:00:00,ICPNA Lima Norte,3.3054174918850716
DISGUST,MALE,28,2,3,1.0453690191109974,0,6.4705957969029742,,,dc60b0252e15d,2023-09-13 00:00:00,IPCNA Surco,1.0453690191109974
FEAR,MALE,30.263157894736835,12,38,1.1102247566191688,0,12.384243416158778,,,d23ac55386b97,2023-09-13 00:00:00,ICPNA Lima Norte,1.1102247566191688
NEUTRAL,MALE,28.61363636363636,26,44,3.8072700579133296,0,10.017156812277706,,,dc60b0252e15d,2023-09-13 00:00:00,IPCNA Surco,3.8072700579133296
,,0,324,33227,2.6257198691458075,17,10.956996785691651,,,dc60b0252e15d,2023-09-13 00:00:00,IPCNA Surco,2.6257198691458075
SURPRISED,FEMALE,28.333333333333332,0,3,0,0,14.77935004234314,,,d23ac55386b97,2023-09-13 00:00:00,ICPNA Lima Norte,0
HAPPY,MALE,30.111111111111114,15,18,1.9867074775975198,0,8.5638405548201657,,,dc60b0252e15d,2023-09-13 00:00:00,IPCNA Surco,1.9867074775975198
SAD,MALE,28.106382978723406,30,47,2.8091863853713637,0,9.9341011859000989,,,dc60b0252e15d,2023-09-13 00:00:00,IPCNA Surco,2.8091863853713637
FEAR,FEMALE,26,4,6,10.592715716362,0,21.207159558931988,,,dc60b0252e15d,2023-09-13 00:00:00,IPCNA Surco,10.592715716362
ANGRY,FEMALE,29.222222222222221,2,9,2.7488842308521271,0,13.788994153340658,,,d23ac55386b97,2023-09-13 00:00:00,ICPNA Lima Norte,2.7488842308521271
SAD,FEMALE,26.588235294117645,30,51,2.135592207534327,0,5.5320808817358582,,,d23ac55386b97,2023-09-13 00:00:00,ICPNA Lima Norte,2.135592207534327
NEUTRAL,FEMALE,28.351351351351347,19,37,2.2639243221282959,0,12.085375238109279,,,d23ac55386b97,2023-09-13 00:00:00,ICPNA Lima Norte,2.2639243221282959
SURPRISED,FEMALE,27,0,1,0,0,10.104275703430176,,,dc60b0252e15d,2023-09-14 00:00:00,IPCNA Surco,0
NEUTRAL,MALE,27.816326530612244,48,98,1.6308575165271755,0,8.17605078706936,,,d23ac55386b97,2023-09-14 00:00:00,ICPNA Lima Norte,1.6308575165271755
FEAR,FEMALE,29.999999999999993,8,23,0.965049339289015,0,8.8720062815624718,,,d23ac55386b97,2023-09-14 00:00:00,ICPNA Lima Norte,0.965049339289015
DISGUST,FEMALE,23.666666666666668,3,3,2.8138410647710161,0,3.8641047080357867,,,dc60b0252e15d,2023-09-14 00:00:00,IPCNA Surco,2.8138410647710161
SAD,FEMALE,26.413793103448278,18,29,3.3999879645264666,0,7.2701955458213545,,,dc60b0252e15d,2023-09-14 00:00:00,IPCNA Surco,3.3999879645264666
ANGRY,MALE,29.833333333333332,9,18,1.5966974983994777,0,5.2292924589580965,,,dc60b0252e15d,2023-09-14 00:00:00,IPCNA Surco,1.5966974983994777
HAPPY,MALE,30.25,4,4,1.2918882220983505,0,3.0669789910316467,,,dc60b0252e15d,2023-09-14 00:00:00,IPCNA Surco,1.2918882220983505
NEUTRAL,MALE,27.739130434782606,18,23,2.40345318838954,0,6.0323876868123589,,,dc60b0252e15d,2023-09-14 00:00:00,IPCNA Surco,2.40345318838954
FEAR,FEMALE,25,2,5,0.93158774077892315,0,2.4609514832496644,,,dc60b0252e15d,2023-09-14 00:00:00,IPCNA Surco,0.93158774077892315
ANGRY,FEMALE,29.733333333333334,4,15,3.1463624462485313,0,12.473570052782696,,,d23ac55386b97,2023-09-14 00:00:00,ICPNA Lima Norte,3.1463624462485313
SAD,MALE,28.066666666666677,45,135,2.8040720277155433,0,9.7234035412470483,,,d23ac55386b97,2023-09-14 00:00:00,ICPNA Lima Norte,2.8040720277155433
SURPRISED,FEMALE,28.72727272727273,4,22,1.3512459612554972,0,10.915549920363858,,,d23ac55386b97,2023-09-14 00:00:00,ICPNA Lima Norte,1.3512459612554972
,,0,89,41240,0.79388376219172807,20,8.99070694159506,,,dc60b0252e15d,2023-09-14 00:00:00,IPCNA Surco,0.79388376219172807
HAPPY,MALE,30.285714285714285,3,7,4.77140411734581,0,11.206142136028834,,,d23ac55386b97,2023-09-14 00:00:00,ICPNA Lima Norte,4.77140411734581
ANGRY,FEMALE,29,3,5,1.6433013114146888,0,4.7120976448059082,,,dc60b0252e15d,2023-09-14 00:00:00,IPCNA Surco,1.6433013114146888
SAD,MALE,27.444444444444443,14,36,1.4913376552008448,0,6.6776534070571261,,,dc60b0252e15d,2023-09-14 00:00:00,IPCNA Surco,1.4913376552008448
ANGRY,MALE,29.261538461538468,12,65,1.893685781552146,0,11.555780610671409,,,d23ac55386b97,2023-09-14 00:00:00,ICPNA Lima Norte,1.893685781552146
NEUTRAL,FEMALE,25.200000000000003,8,10,2.4373424682352276,0,4.9478701710700985,,,dc60b0252e15d,2023-09-14 00:00:00,IPCNA Surco,2.4373424682352276
FEAR,MALE,28.333333333333336,9,15,1.5993260355666279,0,3.7005940119425453,,,dc60b0252e15d,2023-09-14 00:00:00,IPCNA Surco,1.5993260355666279
FEAR,MALE,30.760683760683758,12,117,0.78596723203857755,0,11.446933820716335,,,d23ac55386b97,2023-09-14 00:00:00,ICPNA Lima Norte,0.78596723203857755
SURPRISED,MALE,26.969696969696979,10,66,1.4384170599902666,0,11.001767347256347,,,d23ac55386b97,2023-09-14 00:00:00,ICPNA Lima Norte,1.4384170599902666
DISGUST,MALE,28.8,1,5,0.31616879627108574,0,5.4642630100250242,,,d23ac55386b97,2023-09-14 00:00:00,ICPNA Lima Norte,0.31616879627108574
SAD,FEMALE,26.916666666666668,42,72,3.7028880578877987,0,10.192466211815676,,,d23ac55386b97,2023-09-14 00:00:00,ICPNA Lima Norte,3.7028880578877987
SURPRISED,MALE,30.5,2,6,0.577387402455012,0,1.9081673224767048,,,dc60b0252e15d,2023-09-14 00:00:00,IPCNA Surco,0.577387402455012
,,0,200,34336,1.4369192675299127,151,9.5401630494535379,,,d23ac55386b97,2023-09-14 00:00:00,ICPNA Lima Norte,1.4369192675299127
HAPPY,FEMALE,26.25,4,4,2.8616039752960205,0,8.2220683395862579,,,d23ac55386b97,2023-09-14 00:00:00,ICPNA Lima Norte,2.8616039752960205
HAPPY,FEMALE,24.75,6,8,1.8196403575129807,0,3.267323836684227,,,dc60b0252e15d,2023-09-14 00:00:00,IPCNA Surco,1.8196403575129807
NEUTRAL,FEMALE,27.370370370370377,15,27,2.3892964559296765,0,6.4309188701488367,,,d23ac55386b97,2023-09-14 00:00:00,ICPNA Lima Norte,2.3892964559296765
SAD,FEMALE,23.133333333333336,9,15,2.0461154007352889,0,4.5046005129814146,,,dc60b0252e15d,2023-09-15 00:00:00,IPCNA Surco,2.0461154007352889
ANGRY,FEMALE,23.5,3,6,1.3459949791431427,0,3.8625958363215132,,,dc60b0252e15d,2023-09-15 00:00:00,IPCNA Surco,1.3459949791431427
FEAR,FEMALE,29.233333333333334,10,30,3.8270256919296166,0,16.156518636147183,,,d23ac55386b97,2023-09-15 00:00:00,ICPNA Lima Norte,3.8270256919296166
SURPRISED,MALE,28.127272727272729,12,55,1.4961206655949353,0,12.26818876916712,,,d23ac55386b97,2023-09-15 00:00:00,ICPNA Lima Norte,1.4961206655949353
DISGUST,MALE,30,1,1,1.0741204023361206,0,5.6090168952941895,,,dc60b0252e15d,2023-09-15 00:00:00,IPCNA Surco,1.0741204023361206
NEUTRAL,MALE,29.064220183486235,57,109,3.4684945195178063,0,14.004726823863635,,,d23ac55386b97,2023-09-15 00:00:00,ICPNA Lima Norte,3.4684945195178063
SAD,MALE,25.562500000000004,16,32,1.4490834452832737,0,7.97791064158082,,,dc60b0252e15d,2023-09-15 00:00:00,IPCNA Surco,1.4490834452832737
ANGRY,MALE,28.85,11,20,2.5779563784599304,0,7.1247939467430115,,,dc60b0252e15d,2023-09-15 00:00:00,IPCNA Surco,2.5779563784599304
SURPRISED,FEMALE,25.714285714285715,6,21,4.7986517482333717,0,18.37694720711027,,,d23ac55386b97,2023-09-15 00:00:00,ICPNA Lima Norte,4.7986517482333717
DISGUST,MALE,27,1,3,2.4534794203937054,0,4.7352505922317505,,,d23ac55386b97,2023-09-15 00:00:00,ICPNA Lima Norte,2.4534794203937054
NEUTRAL,FEMALE,26.682539682539684,42,63,4.1629639641883278,0,10.610802991995737,,,d23ac55386b97,2023-09-15 00:00:00,ICPNA Lima Norte,4.1629639641883278
NEUTRAL,MALE,27.178571428571427,25,28,4.6824333871956219,0,12.258384713104792,,,dc60b0252e15d,2023-09-15 00:00:00,IPCNA Surco,4.6824333871956219
HAPPY,FEMALE,25.434782608695652,12,23,2.2378382045361729,0,6.5160202798636071,,,d23ac55386b97,2023-09-15 00:00:00,ICPNA Lima Norte,2.2378382045361729
FEAR,FEMALE,28.444444444444443,6,9,4.950698422534126,0,12.616602447297838,,,dc60b0252e15d,2023-09-15 00:00:00,IPCNA Surco,4.950698422534126
DISGUST,FEMALE,13,0,1,0.33739632368087769,0,1.5598665475845337,,,d23ac55386b97,2023-09-15 00:00:00,ICPNA Lima Norte,0.33739632368087769
SURPRISED,MALE,28,1,9,0.43403232097625727,0,4.1909583277172509,,,dc60b0252e15d,2023-09-15 00:00:00,IPCNA Surco,0.43403232097625727
HAPPY,FEMALE,20.5,2,2,3.541875958442688,0,5.6122126579284668,,,dc60b0252e15d,2023-09-15 00:00:00,IPCNA Surco,3.541875958442688
FEAR,MALE,29.222222222222221,7,18,0.51302976453942917,0,4.0652498205502825,,,dc60b0252e15d,2023-09-15 00:00:00,IPCNA Surco,0.51302976453942917
NEUTRAL,FEMALE,27.307692307692307,10,13,2.5254027371605239,0,7.69980251789093,,,dc60b0252e15d,2023-09-15 00:00:00,IPCNA Surco,2.5254027371605239
ANGRY,FEMALE,29,11,26,4.685660645365715,0,23.622180617772617,,,d23ac55386b97,2023-09-15 00:00:00,ICPNA Lima Norte,4.685660645365715
SAD,MALE,28.37037037037037,73,162,2.9239449025087421,0,12.352183202902477,,,d23ac55386b97,2023-09-15 00:00:00,ICPNA Lima Norte,2.9239449025087421
,,0,262,34143,2.233409953044605,18,10.295937524259422,,,dc60b0252e15d,2023-09-15 00:00:00,IPCNA Surco,2.233409953044605
ANGRY,MALE,28.212765957446809,24,94,2.1697180388638611,0,14.557273668177585,,,d23ac55386b97,2023-09-15 00:00:00,ICPNA Lima Norte,2.1697180388638611
HAPPY,MALE,24,1,1,1.7708988189697266,0,4.7124428749084473,,,dc60b0252e15d,2023-09-15 00:00:00,IPCNA Surco,1.7708988189697266
,,0,423,39072,2.1461743393464854,206,9.1550503028796584,,,d23ac55386b97,2023-09-15 00:00:00,ICPNA Lima Norte,2.1461743393464854
SAD,FEMALE,25.541095890410954,92,146,5.1497648723658411,0,11.273227913330675,,,d23ac55386b97,2023-09-15 00:00:00,ICPNA Lima Norte,5.1497648723658411
FEAR,MALE,29.835616438356162,26,73,2.5761813361589851,0,18.602844157447553,,,d23ac55386b97,2023-09-15 00:00:00,ICPNA Lima Norte,2.5761813361589851
HAPPY,MALE,29.378378378378375,19,37,3.78784079841959,0,8.4476519855293084,,,d23ac55386b97,2023-09-15 00:00:00,ICPNA Lima Norte,3.78784079841959
ANGRY,FEMALE,27.5625,20,32,3.5800304859876633,0,14.825237415730953,,,dc60b0252e15d,2023-09-16 00:00:00,IPCNA Surco,3.5800304859876633
HAPPY,MALE,29.238095238095241,27,42,4.1082973526790738,0,16.214611819812227,,,d23ac55386b97,2023-09-16 00:00:00,ICPNA Lima Norte,4.1082973526790738
DISGUST,MALE,33,1,8,0.792953372001648,0,9.243642270565033,,,d23ac55386b97,2023-09-16 00:00:00,ICPNA Lima Norte,0.792953372001648
SAD,MALE,28.528528528528508,135,333,3.9625430727566791,0,17.607457222523273,,,d23ac55386b97,2023-09-16 00:00:00,ICPNA Lima Norte,3.9625430727566791
NEUTRAL,FEMALE,25.62962962962963,22,27,3.8755796427528075,0,21.018013662762108,,,dc60b0252e15d,2023-09-16 00:00:00,IPCNA Surco,3.8755796427528075
DISGUST,MALE,32.666666666666671,1,3,14.235074043273926,0,16.285706520080566,,,dc60b0252e15d,2023-09-16 00:00:00,IPCNA Surco,14.235074043273926
SURPRISED,MALE,28.346938775510203,15,49,5.47342777326703,0,19.378459516836671,,,d23ac55386b97,2023-09-16 00:00:00,ICPNA Lima Norte,5.47342777326703
NEUTRAL,MALE,30.362903225806445,124,248,5.7295068816104715,0,18.0180365491298,,,d23ac55386b97,2023-09-16 00:00:00,ICPNA Lima Norte,5.7295068816104715
DISGUST,FEMALE,24,0,2,0,0,3.8636752367019653,,,dc60b0252e15d,2023-09-16 00:00:00,IPCNA Surco,0
SURPRISED,FEMALE,29.599999999999998,2,5,5.899519681930542,0,15.108497381210325,,,dc60b0252e15d,2023-09-16 00:00:00,IPCNA Surco,5.899519681930542
SAD,FEMALE,26.15748031496063,60,127,3.1228909660795972,0,10.608109568047711,,,d23ac55386b97,2023-09-16 00:00:00,ICPNA Lima Norte,3.1228909660795972
ANGRY,MALE,30.33054393305439,68,239,4.3405115015880025,0,19.088366648891487,,,d23ac55386b97,2023-09-16 00:00:00,ICPNA Lima Norte,4.3405115015880025
ANGRY,MALE,28.852272727272727,42,88,5.0287813956087319,0,21.208933968435637,,,dc60b0252e15d,2023-09-16 00:00:00,IPCNA Surco,5.0287813956087319
ANGRY,FEMALE,29.321428571428577,17,56,2.9401945788413282,0,14.229198511157721,,,d23ac55386b97,2023-09-16 00:00:00,ICPNA Lima Norte,2.9401945788413282
NEUTRAL,FEMALE,27.771929824561408,36,57,3.9372737292539,0,14.611798648248639,,,d23ac55386b97,2023-09-16 00:00:00,ICPNA Lima Norte,3.9372737292539
DISGUST,FEMALE,31.2,0,5,0.26355186104774475,0,6.3811218738555908,,,d23ac55386b97,2023-09-16 00:00:00,ICPNA Lima Norte,0.26355186104774475
HAPPY,FEMALE,25.5,3,4,4.811101158459981,0,7.3609032034873962,,,dc60b0252e15d,2023-09-16 00:00:00,IPCNA Surco,4.811101158459981
HAPPY,FEMALE,25.333333333333336,6,15,3.9266851428482266,0,10.301037224133809,,,d23ac55386b97,2023-09-16 00:00:00,ICPNA Lima Norte,3.9266851428482266
SAD,MALE,27.46913580246914,45,81,3.7985916098269326,0,16.716841649861983,,,dc60b0252e15d,2023-09-16 00:00:00,IPCNA Surco,3.7985916098269326
,,0,599,31279,4.5090008692623389,42,11.791108697347914,,,dc60b0252e15d,2023-09-16 00:00:00,IPCNA Surco,4.5090008692623389
SURPRISED,MALE,28.166666666666668,5,12,4.11429141674723,0,13.468209683895113,,,dc60b0252e15d,2023-09-16 00:00:00,IPCNA Surco,4.11429141674723
FEAR,MALE,30.530303030303028,55,198,3.5034068412655444,0,20.878751961269757,,,d23ac55386b97,2023-09-16 00:00:00,ICPNA Lima Norte,3.5034068412655444
SAD,FEMALE,24.512195121951216,28,41,2.9638177333665743,0,12.725790552976655,,,dc60b0252e15d,2023-09-16 00:00:00,IPCNA Surco,2.9638177333665743
FEAR,FEMALE,26.500000000000004,7,14,3.7904730379581451,0,18.267640173435208,,,dc60b0252e15d,2023-09-16 00:00:00,IPCNA Surco,3.7904730379581451
,,0,863,57747,3.1741530197839847,304,9.2913472179753924,,,d23ac55386b97,2023-09-16 00:00:00,ICPNA Lima Norte,3.1741530197839847
FEAR,FEMALE,31.566037735849058,20,53,2.8496356601161614,0,12.058755222356542,,,d23ac55386b97,2023-09-16 00:00:00,ICPNA Lima Norte,2.8496356601161614
HAPPY,MALE,32.666666666666664,2,3,1.2661108399430911,0,20.27815055847168,,,dc60b0252e15d,2023-09-16 00:00:00,IPCNA Surco,1.2661108399430911
FEAR,MALE,31.462962962962965,23,54,3.0772644568766863,0,16.253271671356977,,,dc60b0252e15d,2023-09-16 00:00:00,IPCNA Surco,3.0772644568766863
SURPRISED,FEMALE,27.666666666666668,7,15,3.3780650198459625,0,13.049855550130211,,,d23ac55386b97,2023-09-16 00:00:00,ICPNA Lima Norte,3.3780650198459625
NEUTRAL,MALE,30.189655172413794,34,58,4.1970255307691247,0,18.711273445137614,,,dc60b0252e15d,2023-09-16 00:00:00,IPCNA Surco,4.1970255307691247
,,0,0,48667,0,,8.3730369385448871,,,d23ac55386b97,2023-09-17 00:00:00,ICPNA Lima Norte,0
,,0,0,22109,0,,10.693022678234545,,,dc60b0252e15d,2023-09-17 00:00:00,IPCNA Surco,0
ANGRY,FEMALE,23.75,2,12,1.0148857682943344,0,2.8701968789100647,,,dc60b0252e15d,2023-09-18 00:00:00,IPCNA Surco,1.0148857682943344
DISGUST,MALE,27.5,2,6,0.80118190646171572,0,13.359288314978281,,,d23ac55386b97,2023-09-18 00:00:00,ICPNA Lima Norte,0.80118190646171572
,,0,195,45981,1.6455295767095515,165,6.7930723529390509,,,d23ac55386b97,2023-09-18 00:00:00,ICPNA Lima Norte,1.6455295767095515
HAPPY,MALE,26.65,10,20,1.101957365994652,0,4.27290253341198,,,d23ac55386b97,2023-09-18 00:00:00,ICPNA Lima Norte,1.101957365994652
ANGRY,FEMALE,28.44,4,25,1.1764822966522639,0,8.8500455665588369,,,d23ac55386b97,2023-09-18 00:00:00,ICPNA Lima Norte,1.1764822966522639
FEAR,FEMALE,28.285714285714288,5,14,1.3449099594727159,0,2.9760934710502625,,,dc60b0252e15d,2023-09-18 00:00:00,IPCNA Surco,1.3449099594727159
SURPRISED,FEMALE,35.5,0,2,0,0,5.1309359073638916,,,dc60b0252e15d,2023-09-18 00:00:00,IPCNA Surco,0
HAPPY,FEMALE,26.625,4,8,0.7288392186164856,0,2.7090351134538651,,,dc60b0252e15d,2023-09-18 00:00:00,IPCNA Surco,0.7288392186164856
DISGUST,MALE,30.5,1,2,1.3829529285430908,0,6.3030160665512085,,,dc60b0252e15d,2023-09-18 00:00:00,IPCNA Surco,1.3829529285430908
SAD,FEMALE,24.051282051282051,14,39,1.0242811675976824,0,3.9408125021518812,,,dc60b0252e15d,2023-09-18 00:00:00,IPCNA Surco,1.0242811675976824
FEAR,FEMALE,27.90625,4,32,1.9561005451462488,0,7.48540398105979,,,d23ac55386b97,2023-09-18 00:00:00,ICPNA Lima Norte,1.9561005451462488
SAD,MALE,27.511111111111109,24,45,1.5917002764163595,0,4.0514537149005472,,,dc60b0252e15d,2023-09-18 00:00:00,IPCNA Surco,1.5917002764163595
SAD,FEMALE,26.279661016949149,54,118,2.1283061745128151,0,7.7612631002725179,,,d23ac55386b97,2023-09-18 00:00:00,ICPNA Lima Norte,2.1283061745128151
NEUTRAL,FEMALE,25.2,20,30,1.476803657633287,0,4.9253951787948616,,,dc60b0252e15d,2023-09-18 00:00:00,IPCNA Surco,1.476803657633287
FEAR,MALE,26.90909090909091,5,22,1.7201791789382697,0,3.7985164658589796,,,dc60b0252e15d,2023-09-18 00:00:00,IPCNA Surco,1.7201791789382697
ANGRY,MALE,27.990654205607473,21,107,2.1745378481490274,0,13.106289990037398,,,d23ac55386b97,2023-09-18 00:00:00,ICPNA Lima Norte,2.1745378481490274
SURPRISED,MALE,27.45,6,20,0.82265650294721127,0,4.7750958919525148,,,dc60b0252e15d,2023-09-18 00:00:00,IPCNA Surco,0.82265650294721127
SAD,MALE,28.632258064516133,71,155,4.6105403147637833,0,10.287159575570012,,,d23ac55386b97,2023-09-18 00:00:00,ICPNA Lima Norte,4.6105403147637833
NEUTRAL,FEMALE,27.444444444444439,17,45,1.744674918414266,0,8.1588669114642673,,,d23ac55386b97,2023-09-18 00:00:00,ICPNA Lima Norte,1.744674918414266
NEUTRAL,MALE,29.581560283687949,45,141,1.4469468720073317,0,10.285252771901746,,,d23ac55386b97,2023-09-18 00:00:00,ICPNA Lima Norte,1.4469468720073317
,,0,477,41052,2.2245664095020472,34,8.97845754757452,,,dc60b0252e15d,2023-09-18 00:00:00,IPCNA Surco,2.2245664095020472
HAPPY,FEMALE,28.18181818181818,6,11,1.4909878753953509,0,3.6691392931071194,,,d23ac55386b97,2023-09-18 00:00:00,ICPNA Lima Norte,1.4909878753953509
ANGRY,MALE,27.404761904761905,18,42,1.2831022306796045,0,4.6924526748203093,,,dc60b0252e15d,2023-09-18 00:00:00,IPCNA Surco,1.2831022306796045
NEUTRAL,MALE,29.18181818181818,41,66,2.8222293699160219,0,5.5879023463437054,,,dc60b0252e15d,2023-09-18 00:00:00,IPCNA Surco,2.8222293699160219
FEAR,MALE,32.173333333333332,15,75,2.2385480275377638,0,10.534640328089397,,,d23ac55386b97,2023-09-18 00:00:00,ICPNA Lima Norte,2.2385480275377638
HAPPY,MALE,28.523809523809526,12,21,1.6394842033170991,0,5.4901428392955234,,,dc60b0252e15d,2023-09-18 00:00:00,IPCNA Surco,1.6394842033170991
DISGUST,FEMALE,34,0,1,0,0,1.1023918390274048,,,dc60b0252e15d,2023-09-18 00:00:00,IPCNA Surco,0
SURPRISED,MALE,27.846153846153847,8,65,1.1961685849560633,0,8.7457115677686854,,,d23ac55386b97,2023-09-18 00:00:00,ICPNA Lima Norte,1.1961685849560633
SURPRISED,FEMALE,27.13636363636364,1,22,0.33314352482557297,0,5.5144282200119719,,,d23ac55386b97,2023-09-18 00:00:00,ICPNA Lima Norte,0.33314352482557297
SURPRISED,MALE,28.567567567567568,15,74,1.9893562535826976,0,16.746380540164743,,,d23ac55386b97,2023-09-19 00:00:00,ICPNA Lima Norte,1.9893562535826976
FEAR,FEMALE,27.428571428571427,3,7,0.91029378306120634,0,4.240221381187439,,,dc60b0252e15d,2023-09-19 00:00:00,IPCNA Surco,0.91029378306120634
DISGUST,MALE,29.400000000000002,2,10,0.60813970565795894,0,3.8866977095603943,,,d23ac55386b97,2023-09-19 00:00:00,ICPNA Lima Norte,0.60813970565795894
,,0,235,43962,1.8612557720962695,14,7.9898113515094655,,,dc60b0252e15d,2023-09-19 00:00:00,IPCNA Surco,1.8612557720962695
HAPPY,FEMALE,28,3,3,1.6942672729492188,0,9.1189172267913818,,,dc60b0252e15d,2023-09-19 00:00:00,IPCNA Surco,1.6942672729492188
,,0,408,55003,2.3753687622886592,280,7.0002853284411621,,,d23ac55386b97,2023-09-19 00:00:00,ICPNA Lima Norte,2.3753687622886592
ANGRY,FEMALE,27.763157894736842,10,38,1.2360760284697307,0,8.1826304024771641,,,d23ac55386b97,2023-09-19 00:00:00,ICPNA Lima Norte,1.2360760284697307
SURPRISED,FEMALE,29.714285714285715,0,14,0.070913145318627357,0,7.1093581616878518,,,d23ac55386b97,2023-09-19 00:00:00,ICPNA Lima Norte,0.070913145318627357
ANGRY,MALE,31.23076923076923,16,26,1.7545450200205266,0,7.8781025478473072,,,dc60b0252e15d,2023-09-19 00:00:00,IPCNA Surco,1.7545450200205266
DISGUST,FEMALE,30,0,2,0.024674061685800552,0,1.1987301707267761,,,d23ac55386b97,2023-09-19 00:00:00,ICPNA Lima Norte,0.024674061685800552
ANGRY,MALE,29.933333333333334,42,150,2.74521416436053,0,14.704939942359927,,,d23ac55386b97,2023-09-19 00:00:00,ICPNA Lima Norte,2.74521416436053
SURPRISED,FEMALE,28.833333333333336,4,6,3.2437394857406616,0,5.6898563106854754,,,dc60b0252e15d,2023-09-19 00:00:00,IPCNA Surco,3.2437394857406616
SAD,FEMALE,26.642857142857142,6,14,2.8865950746605029,0,7.9700475207396906,,,dc60b0252e15d,2023-09-19 00:00:00,IPCNA Surco,2.8865950746605029
NEUTRAL,FEMALE,24,8,10,2.763885885477066,0,4.9350012898445135,,,dc60b0252e15d,2023-09-19 00:00:00,IPCNA Surco,2.763885885477066
NEUTRAL,FEMALE,26.482142857142858,24,56,2.3575262343510985,0,6.9639052088771543,,,d23ac55386b97,2023-09-19 00:00:00,ICPNA Lima Norte,2.3575262343510985
FEAR,MALE,30.803278688524596,27,122,1.4081579160743529,0,15.431255081149402,,,d23ac55386b97,2023-09-19 00:00:00,ICPNA Lima Norte,1.4081579160743529
SAD,MALE,26.641025641025642,23,39,2.5373336369970012,0,5.9480342651024838,,,dc60b0252e15d,2023-09-19 00:00:00,IPCNA Surco,2.5373336369970012
HAPPY,FEMALE,26.454545454545453,7,22,1.5013454722939059,0,6.0204263492064038,,,d23ac55386b97,2023-09-19 00:00:00,ICPNA Lima Norte,1.5013454722939059
SURPRISED,MALE,27,4,13,1.9469362746924164,0,5.7142534210131721,,,dc60b0252e15d,2023-09-19 00:00:00,IPCNA Surco,1.9469362746924164
SAD,FEMALE,26.873239436619716,60,142,1.4996302490207285,0,5.9816856728473216,,,d23ac55386b97,2023-09-19 00:00:00,ICPNA Lima Norte,1.4996302490207285
NEUTRAL,MALE,28.94736842105263,31,38,7.9904460232508807,0,14.710815072059631,,,dc60b0252e15d,2023-09-19 00:00:00,IPCNA Surco,7.9904460232508807
HAPPY,MALE,28.466666666666672,14,30,2.3464227776974438,0,7.0354909936587013,,,d23ac55386b97,2023-09-19 00:00:00,ICPNA Lima Norte,2.3464227776974438
FEAR,MALE,28.75,2,8,0.34375827706285883,0,3.2876799702644348,,,dc60b0252e15d,2023-09-19 00:00:00,IPCNA Surco,0.34375827706285883
SAD,MALE,29.469230769230769,132,260,3.4082318434573624,0,13.158938148617745,,,d23ac55386b97,2023-09-19 00:00:00,ICPNA Lima Norte,3.4082318434573624
ANGRY,FEMALE,27.666666666666668,5,9,1.2413982405430741,0,5.40609343846639,,,dc60b0252e15d,2023-09-19 00:00:00,IPCNA Surco,1.2413982405430741
NEUTRAL,MALE,29.83240223463687,84,179,2.8663415432008157,0,12.109724248254761,,,d23ac55386b97,2023-09-19 00:00:00,ICPNA Lima Norte,2.8663415432008157
HAPPY,MALE,30,1,1,2.7144055366516113,0,5.4347519874572754,,,dc60b0252e15d,2023-09-19 00:00:00,IPCNA Surco,2.7144055366516113
FEAR,FEMALE,29.903225806451616,4,31,0.71021649826850208,0,8.2415411126229081,,,d23ac55386b97,2023-09-19 00:00:00,ICPNA Lima Norte,0.71021649826850208
NEUTRAL,FEMALE,28.25,7,12,3.3674342230790191,0,9.5087885955969487,,,dc60b0252e15d,2023-09-20 00:00:00,IPCNA Surco,3.3674342230790191
HAPPY,FEMALE,27,1,1,1.7405880689620972,0,2.5741441249847412,,,dc60b0252e15d,2023-09-20 00:00:00,IPCNA Surco,1.7405880689620972
SURPRISED,MALE,30.636363636363637,7,11,8.1556845307350159,0,15.459186662327159,,,dc60b0252e15d,2023-09-20 00:00:00,IPCNA Surco,8.1556845307350159
DISGUST,FEMALE,24,1,1,2.6046600341796875,0,3.91502046585083,,,dc60b0252e15d,2023-09-20 00:00:00,IPCNA Surco,2.6046600341796875
FEAR,MALE,31.194444444444446,11,72,0.84372661961242557,0,13.387895382940769,,,d23ac55386b97,2023-09-20 00:00:00,ICPNA Lima Norte,0.84372661961242557
HAPPY,MALE,24.8,4,5,2.1803853660821915,0,3.6646154403686522,,,dc60b0252e15d,2023-09-20 00:00:00,IPCNA Surco,2.1803853660821915
ANGRY,FEMALE,30.25,3,4,1.4517078797022502,0,4.0535094290971756,,,dc60b0252e15d,2023-09-20 00:00:00,IPCNA Surco,1.4517078797022502
SAD,MALE,28.9375,19,32,2.8820756857211776,0,7.8157895728945741,,,dc60b0252e15d,2023-09-20 00:00:00,IPCNA Surco,2.8820756857211776
SAD,FEMALE,26.846153846153843,7,13,3.7479861852797596,0,6.4856834274071913,,,dc60b0252e15d,2023-09-20 00:00:00,IPCNA Surco,3.7479861852797596
HAPPY,FEMALE,28.863636363636363,13,22,2.0069247474273046,0,5.4566987725821408,,,d23ac55386b97,2023-09-20 00:00:00,ICPNA Lima Norte,2.0069247474273046
NEUTRAL,MALE,28.777777777777775,25,45,2.6869337512180214,0,3.9690071741739912,,,dc60b0252e15d,2023-09-20 00:00:00,IPCNA Surco,2.6869337512180214
ANGRY,MALE,28.859649122807021,19,57,1.1015452858991921,0,3.4512935667707212,,,dc60b0252e15d,2023-09-20 00:00:00,IPCNA Surco,1.1015452858991921
ANGRY,FEMALE,28.066666666666666,6,30,0.88787166130813688,0,8.354958120981852,,,d23ac55386b97,2023-09-20 00:00:00,ICPNA Lima Norte,0.88787166130813688
NEUTRAL,FEMALE,28.176470588235293,24,51,1.8518989300355315,0,5.7798268409336311,,,d23ac55386b97,2023-09-20 00:00:00,ICPNA Lima Norte,1.8518989300355315
FEAR,FEMALE,29.026315789473681,9,38,2.8533168802969162,0,11.766429678389901,,,d23ac55386b97,2023-09-20 00:00:00,ICPNA Lima Norte,2.8533168802969162
DISGUST,MALE,22,0,2,0,0,5.0085551738739014,,,d23ac55386b97,2023-09-20 00:00:00,ICPNA Lima Norte,0
,,0,245,31339,2.3064656838718949,166,8.6191282127756388,,,d23ac55386b97,2023-09-20 00:00:00,ICPNA Lima Norte,2.3064656838718949
DISGUST,MALE,30.5,1,2,1.4974557161331177,0,2.9665523767471313,,,dc60b0252e15d,2023-09-20 00:00:00,IPCNA Surco,1.4974557161331177
SURPRISED,MALE,28.670731707317071,14,82,1.0449633567553498,0,19.299657208163566,,,d23ac55386b97,2023-09-20 00:00:00,ICPNA Lima Norte,1.0449633567553498
FEAR,MALE,27.523809523809522,13,21,2.5234466437250376,0,6.1118961771329241,,,dc60b0252e15d,2023-09-20 00:00:00,IPCNA Surco,2.5234466437250376
SAD,FEMALE,26.783582089552233,142,268,5.5560769118523039,0,13.73751531074296,,,d23ac55386b97,2023-09-20 00:00:00,ICPNA Lima Norte,5.5560769118523039
HAPPY,MALE,29.555555555555554,17,27,4.4282966940240422,0,9.34916958985505,,,d23ac55386b97,2023-09-20 00:00:00,ICPNA Lima Norte,4.4282966940240422
SURPRISED,FEMALE,29.8,1,30,1.7020937716588378,0,8.5335836132367451,,,d23ac55386b97,2023-09-20 00:00:00,ICPNA Lima Norte,1.7020937716588378
NEUTRAL,MALE,29.176470588235297,49,102,3.66279467402233,0,14.38033028677398,,,d23ac55386b97,2023-09-20 00:00:00,ICPNA Lima Norte,3.66279467402233
SAD,MALE,28.5864406779661,147,295,5.1304723337640095,0,15.112906270714131,,,d23ac55386b97,2023-09-20 00:00:00,ICPNA Lima Norte,5.1304723337640095
DISGUST,FEMALE,27,0,1,0,0,9.4613895416259766,,,d23ac55386b97,2023-09-20 00:00:00,ICPNA Lima Norte,0
,,0,312,41161,2.2389263429474022,7,7.3404223226427634,,,dc60b0252e15d,2023-09-20 00:00:00,IPCNA Surco,2.2389263429474022
FEAR,FEMALE,25.571428571428573,3,7,0.446506512661775,0,2.3819836718695506,,,dc60b0252e15d,2023-09-20 00:00:00,IPCNA Surco,0.446506512661775
SURPRISED,FEMALE,27.666666666666668,7,9,2.3796249542917525,0,6.8591987291971845,,,dc60b0252e15d,2023-09-20 00:00:00,IPCNA Surco,2.3796249542917525
ANGRY,MALE,29.8469387755102,15,98,1.8525009851437062,0,10.251946298443542,,,d23ac55386b97,2023-09-20 00:00:00,ICPNA Lima Norte,1.8525009851437062
