uuid;name;id;p_income_0;p_income_1;p_income_2;p_income_3
091b8fd0-a5b1-4c59-acb2-40759e131801;Albacenter;3;38.17;61.16;0.53;0.14
69dda3aa-efa6-4149-9481-3e1260141dc2;Alegra - Parque Comercial y de Ocio;5;63.79;21.98;11.36;2.87
91e8cf7c-ece3-4e27-9eed-4a146790bbb7;Almazara Plaza;6;94.75;5.05;0.14;0.05
4916aafd-1c0b-4e27-b2b0-61f7755fb4f3;Arena Multiespacio;9;73.36;23.61;2.94;0.09
c61e2cc5-ff63-4fe8-aa4a-abf1b1d7be16;As Termas;10;80.22;19.42;0.25;0.11
f066cf28-e91c-4ce3-a0e9-e87370fd0445;Castellana 200;11;27.35;45.57;9.49;17.59
135cd769-31c8-4240-a5af-adf6a132aaec;Conquistadores;13;63.9;35.79;0.23;0.08
0c2639f4-bec1-428e-abad-c95a3a78de58;Coruña The Style Outlets;50;31.98;64.35;2.39;1.29
b3c672c8-277c-4dd2-8450-802c3daca800;El Arcángel;95;84.5;14.78;0.6;0.12
db21a149-6720-4f2d-8cd5-e40df385d04b;El Deleite;57;79.14;19.67;0.89;0.3
cbb1f955-6ce2-4dd7-8c26-4bb8d4085418;El Encinar;67;27.34;27.63;18.15;26.88
d6e10447-60ed-4a71-a658-ec05fbe6b017;El Parque de Ciudad Real;16;51.14;47.73;0.87;0.27
14d4d04b-c417-4149-8146-d791064f5a8f;El Paseo;17;90.87;8.84;0.23;0.07
c494f3fd-545f-43dd-90ac-f15444c92879;El Restón;44;33.89;64.45;1.25;0.4
7ff3cca7-ed09-4cf6-b3ab-66d27f30939c;El Rosal;18;54.19;45.37;0.32;0.12
51cdbe4b-9a08-41e3-9dff-4dce61719a8f;Espacio Coruña;19;28.53;65.38;3.42;2.68
1ae1ee31-2236-4b08-ac6d-da75d590ced2;Espacio León;20;65.05;34.65;0.2;0.1
44dfcbc9-7df0-4da0-9882-0b07e36ef9d4;FINESTRELLES SHOPPING CENTRE;58;40.08;44.96;7.64;7.33
6723e314-b093-4de2-bafa-1775196d1234;Getafe The Style Outlets;45;67.55;27.88;3.47;1.11
a9652ebd-80a7-4e3c-9c82-da5a33132fa2;Gran Plaza 2;25;24.15;42.16;32.68;1.01
4f86178d-a155-40d0-977b-657954882fed;Gran Vía 2;26;23.69;52.11;21.66;2.55
d44960b0-d717-4fa8-a81c-4d6285b8f6b4;Gran Vía de Vigo;27;56.49;43.27;0.18;0.06
b345570b-20c8-4b90-b0ed-9ddaabdec93e;GranCasa;24;69.71;29.96;0.25;0.08
bf207f85-1735-4979-85d2-289f183bf178;L'Illa Diagonal;2;19.02;42.96;22.89;15.13
b2fd26f7-6048-4f10-8eba-5f90879f470e;La Farga;29;38.23;55.53;4.64;1.59
b33e9212-926d-45da-9f83-683b27a904b6;Las Rozas The Style Outlets;46;27.95;38.84;31.49;1.73
27630773-db74-4220-a055-00237a25da71;Los Alcores;4;90.45;9.32;0.19;0.04
67c19fe9-6b90-440c-954c-d6f652cd122a;Luz de Castilla;31;58.9;37.14;2.94;1.03
9a893048-055e-43ae-b7ef-1c1165f64320;Madrid Sur;32;86.03;10.16;2.99;0.82
ae7e12dd-92d3-4d52-b6c2-fe9184bd8c34;Manoteras;33;21.59;39.31;6.28;32.82
39f7933c-5cbc-4d42-908e-6bd88c55c50c;Max Center;34;15.58;79.69;0.52;4.21
dcf50bbc-4e24-4495-b240-80a3497e99a4;Moda Shopping;35;29.03;48.01;11.87;11.09
e2aef294-794c-4674-9509-6c15225543af;Parque Corredor;101;71.71;24.0;3.09;1.21
2560337e-ad93-46bc-a944-73428173bc69;Plaza Loranca 2;63;69.83;28.33;1.49;0.34
fe152407-9e68-4ccb-8dcc-0032f6d68c1a;Plaza Mayor;40;87.66;11.65;0.53;0.16
a8d2120d-8649-4d03-97dc-e384b935406c;Plaza Moraleja;96;33.81;34.13;21.35;10.71
907fe0e5-f500-493f-92bd-3dfc70929688;Plaza Norte 2;41;42.75;28.15;23.98;5.12
a292aa57-8504-407d-96f2-783b80fdc527;Plaza Río 2;42;58.81;35.06;4.72;1.42
d96a47c5-f5e7-4a23-8d55-f9ff344613f6;Plaza de Aluche;38;82.47;11.95;4.86;0.73
ae2b6114-0ded-4bef-b0cb-3c94c6571797;Portal de la Marina;43;86.89;11.7;1.22;0.18
4173c481-8f24-413a-a53d-1432d966dddc;San Sebastián de los Reyes The Style Outlets;48;58.28;26.76;11.61;3.35
1ae5e620-424c-4dbe-8ec3-6dbd72584b9b;Valle Real;51;65.34;31.09;3.32;0.25
c42f0753-e80d-4354-abe3-9e7fe5dd7600;Zubiarte;54;9.65;72.36;0.76;17.23
d04597e6-51fd-457d-a302-12e381a71361;Ànecblau;7;37.66;40.75;14.14;7.45
c52d5f56-1f93-40dd-a167-d60d9a103807;Área Sur;55;89.32;10.39;0.21;0.09
