uuid;name;id;low;medium_low;medium;medium_high;high
091b8fd0-a5b1-4c59-acb2-40759e131801;Albacenter;3;0.35;3.09;39.24;56.0;1.32
69dda3aa-efa6-4149-9481-3e1260141dc2;Alegra - Parque Comercial y de Ocio;5;0.06;1.88;64.38;15.13;18.55
91e8cf7c-ece3-4e27-9eed-4a146790bbb7;Almazara Plaza;6;2.44;51.05;42.56;2.64;1.31
4916aafd-1c0b-4e27-b2b0-61f7755fb4f3;Arena Multiespacio;9;31.4;0.99;44.95;19.03;3.63
c61e2cc5-ff63-4fe8-aa4a-abf1b1d7be16;As Termas;10;0.03;0.12;83.01;2.84;13.99
f066cf28-e91c-4ce3-a0e9-e87370fd0445;Castellana 200;11;0.06;3.51;23.14;38.74;34.54
135cd769-31c8-4240-a5af-adf6a132aaec;Conquistadores;13;3.82;32.31;42.08;17.61;4.19
0c2639f4-bec1-428e-abad-c95a3a78de58;Coruña The Style Outlets;50;0.01;0.23;36.11;54.85;8.8
b3c672c8-277c-4dd2-8450-802c3daca800;El Arcángel;95;12.78;6.08;76.25;3.67;1.22
db21a149-6720-4f2d-8cd5-e40df385d04b;El Deleite;57;0.33;4.75;82.09;8.73;4.1
cbb1f955-6ce2-4dd7-8c26-4bb8d4085418;El Encinar;67;0.07;2.63;22.56;17.19;57.54
d6e10447-60ed-4a71-a658-ec05fbe6b017;El Parque de Ciudad Real;16;0.27;6.18;48.75;33.73;11.08
14d4d04b-c417-4149-8146-d791064f5a8f;El Paseo;17;0.9;63.23;26.11;3.23;6.53
c494f3fd-545f-43dd-90ac-f15444c92879;El Restón;44;0.09;1.98;90.85;4.22;2.86
7ff3cca7-ed09-4cf6-b3ab-66d27f30939c;El Rosal;18;0.02;0.41;59.37;38.69;1.51
51cdbe4b-9a08-41e3-9dff-4dce61719a8f;Espacio Coruña;19;0.05;0.25;36.15;51.57;11.99
1ae1ee31-2236-4b08-ac6d-da75d590ced2;Espacio León;20;0.03;0.31;80.08;15.85;3.74
44dfcbc9-7df0-4da0-9882-0b07e36ef9d4;FINESTRELLES SHOPPING CENTRE;58;0.05;0.49;46.06;31.26;22.14
6723e314-b093-4de2-bafa-1775196d1234;Getafe The Style Outlets;45;0.24;5.95;70.74;15.54;7.52
a9652ebd-80a7-4e3c-9c82-da5a33132fa2;Gran Plaza 2;25;0.1;2.34;27.26;20.92;49.38
4f86178d-a155-40d0-977b-657954882fed;Gran Vía 2;26;0.04;0.58;25.67;45.11;28.6
d44960b0-d717-4fa8-a81c-4d6285b8f6b4;Gran Vía de Vigo;27;0.0;0.27;60.04;28.3;11.39
b345570b-20c8-4b90-b0ed-9ddaabdec93e;GranCasa;24;0.03;0.39;76.23;15.86;7.49
bf207f85-1735-4979-85d2-289f183bf178;L'Illa Diagonal;2;0.03;0.47;20.99;31.29;47.21
b2fd26f7-6048-4f10-8eba-5f90879f470e;La Farga;29;0.06;0.43;40.06;50.96;8.49
96ebc324-97d7-4c0c-9122-c873141fc16a;La Villa 2;61;0.08;17.61;73.54;7.85;0.92
b33e9212-926d-45da-9f83-683b27a904b6;Las Rozas The Style Outlets;46;0.14;2.97;32.92;21.75;42.22
27630773-db74-4220-a055-00237a25da71;Los Alcores;4;1.57;12.69;80.46;3.83;1.46
67c19fe9-6b90-440c-954c-d6f652cd122a;Luz de Castilla;31;0.14;1.78;64.15;23.94;9.99
9a893048-055e-43ae-b7ef-1c1165f64320;Madrid Sur;32;0.05;63.8;23.11;7.38;5.66
ae7e12dd-92d3-4d52-b6c2-fe9184bd8c34;Manoteras;33;0.1;2.66;18.66;32.3;46.28
39f7933c-5cbc-4d42-908e-6bd88c55c50c;Max Center;34;0.03;0.25;31.94;59.56;8.22
d00339ba-c6d2-4830-acd1-b9cbe9b6be22;Nassica - Parque Comercial y de Ocio;60;0.23;5.5;72.3;15.09;6.87
e2aef294-794c-4674-9509-6c15225543af;Parque Corredor;101;0.07;3.68;72.72;14.07;9.45
2560337e-ad93-46bc-a944-73428173bc69;Plaza Loranca 2;63;0.03;4.28;66.8;25.2;3.68
fe152407-9e68-4ccb-8dcc-0032f6d68c1a;Plaza Mayor;40;0.58;12.31;75.34;3.55;8.21
a8d2120d-8649-4d03-97dc-e384b935406c;Plaza Moraleja;96;0.06;3.17;30.22;24.97;41.57
907fe0e5-f500-493f-92bd-3dfc70929688;Plaza Norte 2;41;0.14;2.17;43.0;18.56;36.13
a292aa57-8504-407d-96f2-783b80fdc527;Plaza Río 2;42;0.09;5.22;55.19;29.48;10.03
d96a47c5-f5e7-4a23-8d55-f9ff344613f6;Plaza de Aluche;38;0.05;3.53;79.92;7.91;8.59
ae2b6114-0ded-4bef-b0cb-3c94c6571797;Portal de la Marina;43;1.19;6.2;80.73;8.15;3.73
4173c481-8f24-413a-a53d-1432d966dddc;San Sebastián de los Reyes The Style Outlets;48;0.07;2.31;59.17;18.47;19.97
1ae5e620-424c-4dbe-8ec3-6dbd72584b9b;Valle Real;51;0.05;0.36;77.67;17.36;4.56
c42f0753-e80d-4354-abe3-9e7fe5dd7600;Zubiarte;54;0.03;0.37;19.75;59.26;20.58
d04597e6-51fd-457d-a302-12e381a71361;Ànecblau;7;0.08;0.39;52.28;16.68;30.57
c52d5f56-1f93-40dd-a167-d60d9a103807;Área Sur;55;2.71;43.8;43.58;3.12;6.78
