uuid;name;id;p_income_0;p_income_1;p_income_2;p_income_3
091b8fd0-a5b1-4c59-acb2-40759e131801;Albacenter;3;38.08;61.2;0.56;0.16
69dda3aa-efa6-4149-9481-3e1260141dc2;Alegra - Parque Comercial y de Ocio;5;63.74;21.34;11.97;2.96
91e8cf7c-ece3-4e27-9eed-4a146790bbb7;Almazara Plaza;6;94.86;4.96;0.14;0.04
4916aafd-1c0b-4e27-b2b0-61f7755fb4f3;Arena Multiespacio;9;73.14;23.75;3.05;0.06
c61e2cc5-ff63-4fe8-aa4a-abf1b1d7be16;As Termas;10;80.49;19.15;0.24;0.11
f066cf28-e91c-4ce3-a0e9-e87370fd0445;Castellana 200;11;24.46;46.13;10.24;19.17
135cd769-31c8-4240-a5af-adf6a132aaec;Conquistadores;13;62.49;37.09;0.37;0.04
0c2639f4-bec1-428e-abad-c95a3a78de58;Coruña The Style Outlets;50;32.32;64.09;2.23;1.35
b3c672c8-277c-4dd2-8450-802c3daca800;El Arcángel;95;84.81;14.73;0.35;0.11
db21a149-6720-4f2d-8cd5-e40df385d04b;El Deleite;57;77.23;21.45;0.96;0.35
cbb1f955-6ce2-4dd7-8c26-4bb8d4085418;El Encinar;67;24.07;27.13;20.39;28.41
d6e10447-60ed-4a71-a658-ec05fbe6b017;El Parque de Ciudad Real;16;49.93;48.98;0.82;0.27
14d4d04b-c417-4149-8146-d791064f5a8f;El Paseo;17;90.32;9.48;0.15;0.05
c494f3fd-545f-43dd-90ac-f15444c92879;El Restón;44;28.64;69.67;1.34;0.35
7ff3cca7-ed09-4cf6-b3ab-66d27f30939c;El Rosal;18;55.15;44.54;0.23;0.08
51cdbe4b-9a08-41e3-9dff-4dce61719a8f;Espacio Coruña;19;26.3;67.29;3.45;2.95
1ae1ee31-2236-4b08-ac6d-da75d590ced2;Espacio León;20;62.53;37.17;0.25;0.05
44dfcbc9-7df0-4da0-9882-0b07e36ef9d4;FINESTRELLES SHOPPING CENTRE;58;39.45;45.61;7.56;7.38
6723e314-b093-4de2-bafa-1775196d1234;Getafe The Style Outlets;45;66.89;28.56;3.41;1.15
a9652ebd-80a7-4e3c-9c82-da5a33132fa2;Gran Plaza 2;25;22.11;42.41;34.41;1.07
4f86178d-a155-40d0-977b-657954882fed;Gran Vía 2;26;23.1;53.24;20.88;2.78
d44960b0-d717-4fa8-a81c-4d6285b8f6b4;Gran Vía de Vigo;27;55.9;43.87;0.16;0.06
b345570b-20c8-4b90-b0ed-9ddaabdec93e;GranCasa;24;69.05;30.67;0.2;0.08
bf207f85-1735-4979-85d2-289f183bf178;L'Illa Diagonal;2;17.42;43.14;23.35;16.09
b2fd26f7-6048-4f10-8eba-5f90879f470e;La Farga;29;37.71;56.0;4.63;1.66
b33e9212-926d-45da-9f83-683b27a904b6;Las Rozas The Style Outlets;46;25.72;38.93;33.51;1.85
27630773-db74-4220-a055-00237a25da71;Los Alcores;4;90.95;8.8;0.18;0.07
67c19fe9-6b90-440c-954c-d6f652cd122a;Luz de Castilla;31;61.9;34.4;2.7;1.0
9a893048-055e-43ae-b7ef-1c1165f64320;Madrid Sur;32;86.14;9.82;3.15;0.89
ae7e12dd-92d3-4d52-b6c2-fe9184bd8c34;Manoteras;33;18.75;39.43;6.64;35.18
39f7933c-5cbc-4d42-908e-6bd88c55c50c;Max Center;34;15.25;80.04;0.57;4.14
dcf50bbc-4e24-4495-b240-80a3497e99a4;Moda Shopping;35;24.89;48.9;13.41;12.8
e2aef294-794c-4674-9509-6c15225543af;Parque Corredor;101;71.5;24.12;3.18;1.2
2560337e-ad93-46bc-a944-73428173bc69;Plaza Loranca 2;63;70.86;27.19;1.55;0.4
fe152407-9e68-4ccb-8dcc-0032f6d68c1a;Plaza Mayor;40;87.62;11.8;0.48;0.11
a8d2120d-8649-4d03-97dc-e384b935406c;Plaza Moraleja;96;30.35;33.59;24.66;11.41
907fe0e5-f500-493f-92bd-3dfc70929688;Plaza Norte 2;41;41.43;27.42;25.74;5.41
a292aa57-8504-407d-96f2-783b80fdc527;Plaza Río 2;42;58.43;34.68;5.29;1.6
d96a47c5-f5e7-4a23-8d55-f9ff344613f6;Plaza de Aluche;38;82.27;12.03;4.84;0.87
ae2b6114-0ded-4bef-b0cb-3c94c6571797;Portal de la Marina;43;87.51;11.26;1.14;0.1
4173c481-8f24-413a-a53d-1432d966dddc;San Sebastián de los Reyes The Style Outlets;48;58.0;26.23;12.23;3.54
1ae5e620-424c-4dbe-8ec3-6dbd72584b9b;Valle Real;51;65.58;30.88;3.37;0.17
c42f0753-e80d-4354-abe3-9e7fe5dd7600;Zubiarte;54;9.16;71.79;0.92;18.14
d04597e6-51fd-457d-a302-12e381a71361;Ànecblau;7;37.43;41.06;14.17;7.34
c52d5f56-1f93-40dd-a167-d60d9a103807;Área Sur;55;89.62;10.13;0.2;0.05
