uuid;name;id;low;medium_low;medium;medium_high;high
091b8fd0-a5b1-4c59-acb2-40759e131801;Albacenter;3;0.35;3.39;39.94;55.28;1.05
69dda3aa-efa6-4149-9481-3e1260141dc2;Alegra - Parque Comercial y de Ocio;5;0.09;2.52;65.51;14.4;17.48
91e8cf7c-ece3-4e27-9eed-4a146790bbb7;Almazara Plaza;6;2.28;51.42;42.58;2.49;1.22
4916aafd-1c0b-4e27-b2b0-61f7755fb4f3;Arena Multiespacio;9;31.18;1.37;45.67;18.18;3.6
c61e2cc5-ff63-4fe8-aa4a-abf1b1d7be16;As Termas;10;0.0;0.19;84.28;2.04;13.49
f066cf28-e91c-4ce3-a0e9-e87370fd0445;Castellana 200;11;0.17;4.05;25.86;37.95;31.98
135cd769-31c8-4240-a5af-adf6a132aaec;Conquistadores;13;3.82;33.04;42.07;17.21;3.86
0c2639f4-bec1-428e-abad-c95a3a78de58;Coruña The Style Outlets;50;0.01;0.22;36.71;54.82;8.24
b3c672c8-277c-4dd2-8450-802c3daca800;El Arcángel;95;11.56;7.38;73.54;5.46;2.06
db21a149-6720-4f2d-8cd5-e40df385d04b;El Deleite;57;0.24;2.74;87.77;6.61;2.64
cbb1f955-6ce2-4dd7-8c26-4bb8d4085418;El Encinar;67;0.05;3.43;25.62;17.13;53.77
d6e10447-60ed-4a71-a658-ec05fbe6b017;El Parque de Ciudad Real;16;0.32;6.27;47.76;35.69;9.95
14d4d04b-c417-4149-8146-d791064f5a8f;El Paseo;17;1.22;62.78;24.91;3.3;7.79
c494f3fd-545f-43dd-90ac-f15444c92879;El Restón;44;0.09;2.69;89.33;4.88;3.0
7ff3cca7-ed09-4cf6-b3ab-66d27f30939c;El Rosal;18;0.02;0.34;57.64;40.71;1.29
51cdbe4b-9a08-41e3-9dff-4dce61719a8f;Espacio Coruña;19;0.01;0.23;37.58;49.64;12.54
1ae1ee31-2236-4b08-ac6d-da75d590ced2;Espacio León;20;0.01;0.39;81.01;15.42;3.17
44dfcbc9-7df0-4da0-9882-0b07e36ef9d4;FINESTRELLES SHOPPING CENTRE;58;0.05;0.81;46.62;31.04;21.48
6723e314-b093-4de2-bafa-1775196d1234;Getafe The Style Outlets;45;0.28;6.27;71.18;15.24;7.03
a9652ebd-80a7-4e3c-9c82-da5a33132fa2;Gran Plaza 2;25;0.1;2.92;27.81;20.62;48.55
4f86178d-a155-40d0-977b-657954882fed;Gran Vía 2;26;0.08;0.73;28.14;44.35;26.71
d44960b0-d717-4fa8-a81c-4d6285b8f6b4;Gran Vía de Vigo;27;0.02;0.24;61.58;27.57;10.6
b345570b-20c8-4b90-b0ed-9ddaabdec93e;GranCasa;24;0.03;0.33;76.5;15.63;7.51
bf207f85-1735-4979-85d2-289f183bf178;L'Illa Diagonal;2;0.06;0.71;23.35;31.55;44.33
b2fd26f7-6048-4f10-8eba-5f90879f470e;La Farga;29;0.06;0.8;40.91;49.21;9.03
b33e9212-926d-45da-9f83-683b27a904b6;Las Rozas The Style Outlets;46;0.12;2.98;33.51;22.46;40.93
27630773-db74-4220-a055-00237a25da71;Los Alcores;4;1.56;13.92;78.99;3.9;1.62
67c19fe9-6b90-440c-954c-d6f652cd122a;Luz de Castilla;31;0.08;1.54;68.33;21.97;8.08
9a893048-055e-43ae-b7ef-1c1165f64320;Madrid Sur;32;0.06;61.22;25.94;7.46;5.32
ae7e12dd-92d3-4d52-b6c2-fe9184bd8c34;Manoteras;33;0.09;2.85;20.68;31.97;44.41
39f7933c-5cbc-4d42-908e-6bd88c55c50c;Max Center;34;0.08;0.5;34.29;57.49;7.64
dcf50bbc-4e24-4495-b240-80a3497e99a4;Moda Shopping;35;0.23;4.35;28.08;37.66;29.68
d00339ba-c6d2-4830-acd1-b9cbe9b6be22;Nassica - Parque Comercial y de Ocio;60;0.24;5.99;72.27;14.89;6.6
e2aef294-794c-4674-9509-6c15225543af;Parque Corredor;101;0.1;4.2;74.09;12.91;8.71
2560337e-ad93-46bc-a944-73428173bc69;Plaza Loranca 2;63;0.09;4.83;65.96;25.22;3.9
fe152407-9e68-4ccb-8dcc-0032f6d68c1a;Plaza Mayor;40;0.51;12.34;76.46;3.02;7.67
a8d2120d-8649-4d03-97dc-e384b935406c;Plaza Moraleja;96;0.09;3.47;32.25;24.43;39.75
907fe0e5-f500-493f-92bd-3dfc70929688;Plaza Norte 2;41;0.07;2.52;44.43;18.18;34.8
a292aa57-8504-407d-96f2-783b80fdc527;Plaza Río 2;42;0.12;5.62;55.66;28.79;9.8
d96a47c5-f5e7-4a23-8d55-f9ff344613f6;Plaza de Aluche;38;0.06;3.77;79.35;8.39;8.42
ae2b6114-0ded-4bef-b0cb-3c94c6571797;Portal de la Marina;43;0.83;6.64;83.69;6.36;2.48
4173c481-8f24-413a-a53d-1432d966dddc;San Sebastián de los Reyes The Style Outlets;48;0.09;2.92;60.62;17.77;18.6
1ae5e620-424c-4dbe-8ec3-6dbd72584b9b;Valle Real;51;0.03;0.33;77.77;17.98;3.89
c42f0753-e80d-4354-abe3-9e7fe5dd7600;Zubiarte;54;0.05;0.48;21.92;57.12;20.44
d04597e6-51fd-457d-a302-12e381a71361;Ànecblau;7;0.18;0.76;54.07;14.73;30.26
c52d5f56-1f93-40dd-a167-d60d9a103807;Área Sur;55;3.67;43.48;42.38;3.99;6.48
