uuid;id;name;day;start_hour;end_hour;visits
091b8fd0-a5b1-4c59-acb2-40759e131801;3;Albacenter;2023-01-30;10:00:00;11:00:00;1116.0
091b8fd0-a5b1-4c59-acb2-40759e131801;3;Albacenter;2023-01-30;11:00:00;12:00:00;1213.0
091b8fd0-a5b1-4c59-acb2-40759e131801;3;Albacenter;2023-01-30;12:00:00;13:00:00;1366.0
091b8fd0-a5b1-4c59-acb2-40759e131801;3;Albacenter;2023-01-30;13:00:00;14:00:00;1327.0
091b8fd0-a5b1-4c59-acb2-40759e131801;3;Albacenter;2023-01-30;14:00:00;15:00:00;1465.0
091b8fd0-a5b1-4c59-acb2-40759e131801;3;Albacenter;2023-01-30;15:00:00;16:00:00;1319.0
091b8fd0-a5b1-4c59-acb2-40759e131801;3;Albacenter;2023-01-30;16:00:00;17:00:00;1242.0
091b8fd0-a5b1-4c59-acb2-40759e131801;3;Albacenter;2023-01-30;17:00:00;18:00:00;1388.0
091b8fd0-a5b1-4c59-acb2-40759e131801;3;Albacenter;2023-01-30;18:00:00;19:00:00;1465.0
091b8fd0-a5b1-4c59-acb2-40759e131801;3;Albacenter;2023-01-30;19:00:00;20:00:00;1397.0
091b8fd0-a5b1-4c59-acb2-40759e131801;3;Albacenter;2023-01-30;20:00:00;21:00:00;1464.0
091b8fd0-a5b1-4c59-acb2-40759e131801;3;Albacenter;2023-01-30;21:00:00;22:00:00;1297.0
091b8fd0-a5b1-4c59-acb2-40759e131801;3;Albacenter;2023-01-31;10:00:00;11:00:00;1054.0
091b8fd0-a5b1-4c59-acb2-40759e131801;3;Albacenter;2023-01-31;11:00:00;12:00:00;1222.0
091b8fd0-a5b1-4c59-acb2-40759e131801;3;Albacenter;2023-01-31;12:00:00;13:00:00;1294.0
091b8fd0-a5b1-4c59-acb2-40759e131801;3;Albacenter;2023-01-31;13:00:00;14:00:00;1324.0
091b8fd0-a5b1-4c59-acb2-40759e131801;3;Albacenter;2023-01-31;14:00:00;15:00:00;1384.0
091b8fd0-a5b1-4c59-acb2-40759e131801;3;Albacenter;2023-01-31;15:00:00;16:00:00;1273.0
091b8fd0-a5b1-4c59-acb2-40759e131801;3;Albacenter;2023-01-31;16:00:00;17:00:00;1251.0
091b8fd0-a5b1-4c59-acb2-40759e131801;3;Albacenter;2023-01-31;17:00:00;18:00:00;1374.0
091b8fd0-a5b1-4c59-acb2-40759e131801;3;Albacenter;2023-01-31;18:00:00;19:00:00;1477.0
091b8fd0-a5b1-4c59-acb2-40759e131801;3;Albacenter;2023-01-31;19:00:00;20:00:00;1571.0
091b8fd0-a5b1-4c59-acb2-40759e131801;3;Albacenter;2023-01-31;20:00:00;21:00:00;1575.0
091b8fd0-a5b1-4c59-acb2-40759e131801;3;Albacenter;2023-01-31;21:00:00;22:00:00;1267.0
69dda3aa-efa6-4149-9481-3e1260141dc2;5;Alegra - Parque Comercial y de Ocio;2023-01-30;10:00:00;11:00:00;223.0
69dda3aa-efa6-4149-9481-3e1260141dc2;5;Alegra - Parque Comercial y de Ocio;2023-01-30;11:00:00;12:00:00;392.0
69dda3aa-efa6-4149-9481-3e1260141dc2;5;Alegra - Parque Comercial y de Ocio;2023-01-30;12:00:00;13:00:00;423.0
69dda3aa-efa6-4149-9481-3e1260141dc2;5;Alegra - Parque Comercial y de Ocio;2023-01-30;13:00:00;14:00:00;517.0
69dda3aa-efa6-4149-9481-3e1260141dc2;5;Alegra - Parque Comercial y de Ocio;2023-01-30;14:00:00;15:00:00;545.0
69dda3aa-efa6-4149-9481-3e1260141dc2;5;Alegra - Parque Comercial y de Ocio;2023-01-30;15:00:00;16:00:00;516.0
69dda3aa-efa6-4149-9481-3e1260141dc2;5;Alegra - Parque Comercial y de Ocio;2023-01-30;16:00:00;17:00:00;510.0
69dda3aa-efa6-4149-9481-3e1260141dc2;5;Alegra - Parque Comercial y de Ocio;2023-01-30;17:00:00;18:00:00;468.0
69dda3aa-efa6-4149-9481-3e1260141dc2;5;Alegra - Parque Comercial y de Ocio;2023-01-30;18:00:00;19:00:00;533.0
69dda3aa-efa6-4149-9481-3e1260141dc2;5;Alegra - Parque Comercial y de Ocio;2023-01-30;19:00:00;20:00:00;502.0
69dda3aa-efa6-4149-9481-3e1260141dc2;5;Alegra - Parque Comercial y de Ocio;2023-01-30;20:00:00;21:00:00;562.0
69dda3aa-efa6-4149-9481-3e1260141dc2;5;Alegra - Parque Comercial y de Ocio;2023-01-30;21:00:00;22:00:00;804.0
69dda3aa-efa6-4149-9481-3e1260141dc2;5;Alegra - Parque Comercial y de Ocio;2023-01-31;10:00:00;11:00:00;233.0
69dda3aa-efa6-4149-9481-3e1260141dc2;5;Alegra - Parque Comercial y de Ocio;2023-01-31;11:00:00;12:00:00;411.0
69dda3aa-efa6-4149-9481-3e1260141dc2;5;Alegra - Parque Comercial y de Ocio;2023-01-31;12:00:00;13:00:00;431.0
69dda3aa-efa6-4149-9481-3e1260141dc2;5;Alegra - Parque Comercial y de Ocio;2023-01-31;13:00:00;14:00:00;545.0
69dda3aa-efa6-4149-9481-3e1260141dc2;5;Alegra - Parque Comercial y de Ocio;2023-01-31;14:00:00;15:00:00;574.0
69dda3aa-efa6-4149-9481-3e1260141dc2;5;Alegra - Parque Comercial y de Ocio;2023-01-31;15:00:00;16:00:00;539.0
69dda3aa-efa6-4149-9481-3e1260141dc2;5;Alegra - Parque Comercial y de Ocio;2023-01-31;16:00:00;17:00:00;536.0
69dda3aa-efa6-4149-9481-3e1260141dc2;5;Alegra - Parque Comercial y de Ocio;2023-01-31;17:00:00;18:00:00;486.0
69dda3aa-efa6-4149-9481-3e1260141dc2;5;Alegra - Parque Comercial y de Ocio;2023-01-31;18:00:00;19:00:00;509.0
69dda3aa-efa6-4149-9481-3e1260141dc2;5;Alegra - Parque Comercial y de Ocio;2023-01-31;19:00:00;20:00:00;508.0
69dda3aa-efa6-4149-9481-3e1260141dc2;5;Alegra - Parque Comercial y de Ocio;2023-01-31;20:00:00;21:00:00;564.0
69dda3aa-efa6-4149-9481-3e1260141dc2;5;Alegra - Parque Comercial y de Ocio;2023-01-31;21:00:00;22:00:00;857.0
91e8cf7c-ece3-4e27-9eed-4a146790bbb7;6;Almazara Plaza;2023-01-30;10:00:00;11:00:00;1186.0
91e8cf7c-ece3-4e27-9eed-4a146790bbb7;6;Almazara Plaza;2023-01-30;11:00:00;12:00:00;1199.0
91e8cf7c-ece3-4e27-9eed-4a146790bbb7;6;Almazara Plaza;2023-01-30;12:00:00;13:00:00;1237.0
91e8cf7c-ece3-4e27-9eed-4a146790bbb7;6;Almazara Plaza;2023-01-30;13:00:00;14:00:00;1206.0
91e8cf7c-ece3-4e27-9eed-4a146790bbb7;6;Almazara Plaza;2023-01-30;14:00:00;15:00:00;856.0
91e8cf7c-ece3-4e27-9eed-4a146790bbb7;6;Almazara Plaza;2023-01-30;15:00:00;16:00:00;899.0
91e8cf7c-ece3-4e27-9eed-4a146790bbb7;6;Almazara Plaza;2023-01-30;16:00:00;17:00:00;791.0
91e8cf7c-ece3-4e27-9eed-4a146790bbb7;6;Almazara Plaza;2023-01-30;17:00:00;18:00:00;813.0
91e8cf7c-ece3-4e27-9eed-4a146790bbb7;6;Almazara Plaza;2023-01-30;18:00:00;19:00:00;808.0
91e8cf7c-ece3-4e27-9eed-4a146790bbb7;6;Almazara Plaza;2023-01-30;19:00:00;20:00:00;628.0
91e8cf7c-ece3-4e27-9eed-4a146790bbb7;6;Almazara Plaza;2023-01-30;20:00:00;21:00:00;684.0
91e8cf7c-ece3-4e27-9eed-4a146790bbb7;6;Almazara Plaza;2023-01-30;21:00:00;22:00:00;616.0
91e8cf7c-ece3-4e27-9eed-4a146790bbb7;6;Almazara Plaza;2023-01-31;10:00:00;11:00:00;1172.0
91e8cf7c-ece3-4e27-9eed-4a146790bbb7;6;Almazara Plaza;2023-01-31;11:00:00;12:00:00;1364.0
91e8cf7c-ece3-4e27-9eed-4a146790bbb7;6;Almazara Plaza;2023-01-31;12:00:00;13:00:00;1362.0
91e8cf7c-ece3-4e27-9eed-4a146790bbb7;6;Almazara Plaza;2023-01-31;13:00:00;14:00:00;1331.0
91e8cf7c-ece3-4e27-9eed-4a146790bbb7;6;Almazara Plaza;2023-01-31;14:00:00;15:00:00;885.0
91e8cf7c-ece3-4e27-9eed-4a146790bbb7;6;Almazara Plaza;2023-01-31;15:00:00;16:00:00;808.0
91e8cf7c-ece3-4e27-9eed-4a146790bbb7;6;Almazara Plaza;2023-01-31;16:00:00;17:00:00;855.0
91e8cf7c-ece3-4e27-9eed-4a146790bbb7;6;Almazara Plaza;2023-01-31;17:00:00;18:00:00;835.0
91e8cf7c-ece3-4e27-9eed-4a146790bbb7;6;Almazara Plaza;2023-01-31;18:00:00;19:00:00;939.0
91e8cf7c-ece3-4e27-9eed-4a146790bbb7;6;Almazara Plaza;2023-01-31;19:00:00;20:00:00;784.0
91e8cf7c-ece3-4e27-9eed-4a146790bbb7;6;Almazara Plaza;2023-01-31;20:00:00;21:00:00;852.0
91e8cf7c-ece3-4e27-9eed-4a146790bbb7;6;Almazara Plaza;2023-01-31;21:00:00;22:00:00;571.0
4916aafd-1c0b-4e27-b2b0-61f7755fb4f3;9;Arena Multiespacio;2023-01-30;10:00:00;11:00:00;1217.0
4916aafd-1c0b-4e27-b2b0-61f7755fb4f3;9;Arena Multiespacio;2023-01-30;11:00:00;12:00:00;1288.0
4916aafd-1c0b-4e27-b2b0-61f7755fb4f3;9;Arena Multiespacio;2023-01-30;12:00:00;13:00:00;1310.0
4916aafd-1c0b-4e27-b2b0-61f7755fb4f3;9;Arena Multiespacio;2023-01-30;13:00:00;14:00:00;1503.0
4916aafd-1c0b-4e27-b2b0-61f7755fb4f3;9;Arena Multiespacio;2023-01-30;14:00:00;15:00:00;1668.0
4916aafd-1c0b-4e27-b2b0-61f7755fb4f3;9;Arena Multiespacio;2023-01-30;15:00:00;16:00:00;1637.0
4916aafd-1c0b-4e27-b2b0-61f7755fb4f3;9;Arena Multiespacio;2023-01-30;16:00:00;17:00:00;1482.0
4916aafd-1c0b-4e27-b2b0-61f7755fb4f3;9;Arena Multiespacio;2023-01-30;17:00:00;18:00:00;1495.0
4916aafd-1c0b-4e27-b2b0-61f7755fb4f3;9;Arena Multiespacio;2023-01-30;18:00:00;19:00:00;1713.0
4916aafd-1c0b-4e27-b2b0-61f7755fb4f3;9;Arena Multiespacio;2023-01-30;19:00:00;20:00:00;1652.0
4916aafd-1c0b-4e27-b2b0-61f7755fb4f3;9;Arena Multiespacio;2023-01-30;20:00:00;21:00:00;1465.0
4916aafd-1c0b-4e27-b2b0-61f7755fb4f3;9;Arena Multiespacio;2023-01-30;21:00:00;22:00:00;1368.0
4916aafd-1c0b-4e27-b2b0-61f7755fb4f3;9;Arena Multiespacio;2023-01-31;10:00:00;11:00:00;1223.0
4916aafd-1c0b-4e27-b2b0-61f7755fb4f3;9;Arena Multiespacio;2023-01-31;11:00:00;12:00:00;1373.0
4916aafd-1c0b-4e27-b2b0-61f7755fb4f3;9;Arena Multiespacio;2023-01-31;12:00:00;13:00:00;1394.0
4916aafd-1c0b-4e27-b2b0-61f7755fb4f3;9;Arena Multiespacio;2023-01-31;13:00:00;14:00:00;1561.0
4916aafd-1c0b-4e27-b2b0-61f7755fb4f3;9;Arena Multiespacio;2023-01-31;14:00:00;15:00:00;1663.0
4916aafd-1c0b-4e27-b2b0-61f7755fb4f3;9;Arena Multiespacio;2023-01-31;15:00:00;16:00:00;1662.0
4916aafd-1c0b-4e27-b2b0-61f7755fb4f3;9;Arena Multiespacio;2023-01-31;16:00:00;17:00:00;1439.0
4916aafd-1c0b-4e27-b2b0-61f7755fb4f3;9;Arena Multiespacio;2023-01-31;17:00:00;18:00:00;1624.0
4916aafd-1c0b-4e27-b2b0-61f7755fb4f3;9;Arena Multiespacio;2023-01-31;18:00:00;19:00:00;1972.0
4916aafd-1c0b-4e27-b2b0-61f7755fb4f3;9;Arena Multiespacio;2023-01-31;19:00:00;20:00:00;1859.0
4916aafd-1c0b-4e27-b2b0-61f7755fb4f3;9;Arena Multiespacio;2023-01-31;20:00:00;21:00:00;1562.0
4916aafd-1c0b-4e27-b2b0-61f7755fb4f3;9;Arena Multiespacio;2023-01-31;21:00:00;22:00:00;1420.0
c61e2cc5-ff63-4fe8-aa4a-abf1b1d7be16;10;As Termas;2023-01-30;10:00:00;11:00:00;1979.0
c61e2cc5-ff63-4fe8-aa4a-abf1b1d7be16;10;As Termas;2023-01-30;11:00:00;12:00:00;2349.0
c61e2cc5-ff63-4fe8-aa4a-abf1b1d7be16;10;As Termas;2023-01-30;12:00:00;13:00:00;2529.0
c61e2cc5-ff63-4fe8-aa4a-abf1b1d7be16;10;As Termas;2023-01-30;13:00:00;14:00:00;2626.0
c61e2cc5-ff63-4fe8-aa4a-abf1b1d7be16;10;As Termas;2023-01-30;14:00:00;15:00:00;2245.0
c61e2cc5-ff63-4fe8-aa4a-abf1b1d7be16;10;As Termas;2023-01-30;15:00:00;16:00:00;2664.0
c61e2cc5-ff63-4fe8-aa4a-abf1b1d7be16;10;As Termas;2023-01-30;16:00:00;17:00:00;2670.0
c61e2cc5-ff63-4fe8-aa4a-abf1b1d7be16;10;As Termas;2023-01-30;17:00:00;18:00:00;3274.0
c61e2cc5-ff63-4fe8-aa4a-abf1b1d7be16;10;As Termas;2023-01-30;18:00:00;19:00:00;3431.0
c61e2cc5-ff63-4fe8-aa4a-abf1b1d7be16;10;As Termas;2023-01-30;19:00:00;20:00:00;3279.0
c61e2cc5-ff63-4fe8-aa4a-abf1b1d7be16;10;As Termas;2023-01-30;20:00:00;21:00:00;3036.0
c61e2cc5-ff63-4fe8-aa4a-abf1b1d7be16;10;As Termas;2023-01-30;21:00:00;22:00:00;2196.0
c61e2cc5-ff63-4fe8-aa4a-abf1b1d7be16;10;As Termas;2023-01-31;10:00:00;11:00:00;2007.0
c61e2cc5-ff63-4fe8-aa4a-abf1b1d7be16;10;As Termas;2023-01-31;11:00:00;12:00:00;2604.0
c61e2cc5-ff63-4fe8-aa4a-abf1b1d7be16;10;As Termas;2023-01-31;12:00:00;13:00:00;2949.0
c61e2cc5-ff63-4fe8-aa4a-abf1b1d7be16;10;As Termas;2023-01-31;13:00:00;14:00:00;2823.0
c61e2cc5-ff63-4fe8-aa4a-abf1b1d7be16;10;As Termas;2023-01-31;14:00:00;15:00:00;2371.0
c61e2cc5-ff63-4fe8-aa4a-abf1b1d7be16;10;As Termas;2023-01-31;15:00:00;16:00:00;2436.0
c61e2cc5-ff63-4fe8-aa4a-abf1b1d7be16;10;As Termas;2023-01-31;16:00:00;17:00:00;2496.0
c61e2cc5-ff63-4fe8-aa4a-abf1b1d7be16;10;As Termas;2023-01-31;17:00:00;18:00:00;2843.0
c61e2cc5-ff63-4fe8-aa4a-abf1b1d7be16;10;As Termas;2023-01-31;18:00:00;19:00:00;3604.0
c61e2cc5-ff63-4fe8-aa4a-abf1b1d7be16;10;As Termas;2023-01-31;19:00:00;20:00:00;3509.0
c61e2cc5-ff63-4fe8-aa4a-abf1b1d7be16;10;As Termas;2023-01-31;20:00:00;21:00:00;3043.0
c61e2cc5-ff63-4fe8-aa4a-abf1b1d7be16;10;As Termas;2023-01-31;21:00:00;22:00:00;2276.0
f066cf28-e91c-4ce3-a0e9-e87370fd0445;11;Castellana 200;2023-01-30;10:00:00;11:00:00;470.0
f066cf28-e91c-4ce3-a0e9-e87370fd0445;11;Castellana 200;2023-01-30;11:00:00;12:00:00;494.0
f066cf28-e91c-4ce3-a0e9-e87370fd0445;11;Castellana 200;2023-01-30;12:00:00;13:00:00;462.0
f066cf28-e91c-4ce3-a0e9-e87370fd0445;11;Castellana 200;2023-01-30;13:00:00;14:00:00;398.0
f066cf28-e91c-4ce3-a0e9-e87370fd0445;11;Castellana 200;2023-01-30;14:00:00;15:00:00;427.0
f066cf28-e91c-4ce3-a0e9-e87370fd0445;11;Castellana 200;2023-01-30;15:00:00;16:00:00;300.0
f066cf28-e91c-4ce3-a0e9-e87370fd0445;11;Castellana 200;2023-01-30;16:00:00;17:00:00;303.0
f066cf28-e91c-4ce3-a0e9-e87370fd0445;11;Castellana 200;2023-01-30;17:00:00;18:00:00;287.0
f066cf28-e91c-4ce3-a0e9-e87370fd0445;11;Castellana 200;2023-01-30;18:00:00;19:00:00;291.0
f066cf28-e91c-4ce3-a0e9-e87370fd0445;11;Castellana 200;2023-01-30;19:00:00;20:00:00;219.0
f066cf28-e91c-4ce3-a0e9-e87370fd0445;11;Castellana 200;2023-01-30;20:00:00;21:00:00;194.0
f066cf28-e91c-4ce3-a0e9-e87370fd0445;11;Castellana 200;2023-01-30;21:00:00;22:00:00;237.0
f066cf28-e91c-4ce3-a0e9-e87370fd0445;11;Castellana 200;2023-01-31;10:00:00;11:00:00;513.0
f066cf28-e91c-4ce3-a0e9-e87370fd0445;11;Castellana 200;2023-01-31;11:00:00;12:00:00;523.0
f066cf28-e91c-4ce3-a0e9-e87370fd0445;11;Castellana 200;2023-01-31;12:00:00;13:00:00;516.0
f066cf28-e91c-4ce3-a0e9-e87370fd0445;11;Castellana 200;2023-01-31;13:00:00;14:00:00;452.0
f066cf28-e91c-4ce3-a0e9-e87370fd0445;11;Castellana 200;2023-01-31;14:00:00;15:00:00;471.0
f066cf28-e91c-4ce3-a0e9-e87370fd0445;11;Castellana 200;2023-01-31;15:00:00;16:00:00;319.0
f066cf28-e91c-4ce3-a0e9-e87370fd0445;11;Castellana 200;2023-01-31;16:00:00;17:00:00;335.0
f066cf28-e91c-4ce3-a0e9-e87370fd0445;11;Castellana 200;2023-01-31;17:00:00;18:00:00;315.0
f066cf28-e91c-4ce3-a0e9-e87370fd0445;11;Castellana 200;2023-01-31;18:00:00;19:00:00;328.0
f066cf28-e91c-4ce3-a0e9-e87370fd0445;11;Castellana 200;2023-01-31;19:00:00;20:00:00;288.0
f066cf28-e91c-4ce3-a0e9-e87370fd0445;11;Castellana 200;2023-01-31;20:00:00;21:00:00;217.0
f066cf28-e91c-4ce3-a0e9-e87370fd0445;11;Castellana 200;2023-01-31;21:00:00;22:00:00;253.0
135cd769-31c8-4240-a5af-adf6a132aaec;13;Conquistadores;2023-01-30;10:00:00;11:00:00;305.0
135cd769-31c8-4240-a5af-adf6a132aaec;13;Conquistadores;2023-01-30;11:00:00;12:00:00;333.0
135cd769-31c8-4240-a5af-adf6a132aaec;13;Conquistadores;2023-01-30;12:00:00;13:00:00;316.0
135cd769-31c8-4240-a5af-adf6a132aaec;13;Conquistadores;2023-01-30;13:00:00;14:00:00;301.0
135cd769-31c8-4240-a5af-adf6a132aaec;13;Conquistadores;2023-01-30;14:00:00;15:00:00;315.0
135cd769-31c8-4240-a5af-adf6a132aaec;13;Conquistadores;2023-01-30;15:00:00;16:00:00;240.0
135cd769-31c8-4240-a5af-adf6a132aaec;13;Conquistadores;2023-01-30;16:00:00;17:00:00;250.0
135cd769-31c8-4240-a5af-adf6a132aaec;13;Conquistadores;2023-01-30;17:00:00;18:00:00;280.0
135cd769-31c8-4240-a5af-adf6a132aaec;13;Conquistadores;2023-01-30;18:00:00;19:00:00;311.0
135cd769-31c8-4240-a5af-adf6a132aaec;13;Conquistadores;2023-01-30;19:00:00;20:00:00;255.0
135cd769-31c8-4240-a5af-adf6a132aaec;13;Conquistadores;2023-01-30;20:00:00;21:00:00;220.0
135cd769-31c8-4240-a5af-adf6a132aaec;13;Conquistadores;2023-01-30;21:00:00;22:00:00;344.0
135cd769-31c8-4240-a5af-adf6a132aaec;13;Conquistadores;2023-01-31;10:00:00;11:00:00;370.0
135cd769-31c8-4240-a5af-adf6a132aaec;13;Conquistadores;2023-01-31;11:00:00;12:00:00;435.0
135cd769-31c8-4240-a5af-adf6a132aaec;13;Conquistadores;2023-01-31;12:00:00;13:00:00;398.0
135cd769-31c8-4240-a5af-adf6a132aaec;13;Conquistadores;2023-01-31;13:00:00;14:00:00;335.0
135cd769-31c8-4240-a5af-adf6a132aaec;13;Conquistadores;2023-01-31;14:00:00;15:00:00;339.0
135cd769-31c8-4240-a5af-adf6a132aaec;13;Conquistadores;2023-01-31;15:00:00;16:00:00;257.0
135cd769-31c8-4240-a5af-adf6a132aaec;13;Conquistadores;2023-01-31;16:00:00;17:00:00;269.0
135cd769-31c8-4240-a5af-adf6a132aaec;13;Conquistadores;2023-01-31;17:00:00;18:00:00;313.0
135cd769-31c8-4240-a5af-adf6a132aaec;13;Conquistadores;2023-01-31;18:00:00;19:00:00;292.0
135cd769-31c8-4240-a5af-adf6a132aaec;13;Conquistadores;2023-01-31;19:00:00;20:00:00;262.0
135cd769-31c8-4240-a5af-adf6a132aaec;13;Conquistadores;2023-01-31;20:00:00;21:00:00;234.0
135cd769-31c8-4240-a5af-adf6a132aaec;13;Conquistadores;2023-01-31;21:00:00;22:00:00;371.0
0c2639f4-bec1-428e-abad-c95a3a78de58;50;Coruña The Style Outlets;2023-01-30;10:00:00;11:00:00;1583.0
0c2639f4-bec1-428e-abad-c95a3a78de58;50;Coruña The Style Outlets;2023-01-30;11:00:00;12:00:00;1751.0
0c2639f4-bec1-428e-abad-c95a3a78de58;50;Coruña The Style Outlets;2023-01-30;12:00:00;13:00:00;1707.0
0c2639f4-bec1-428e-abad-c95a3a78de58;50;Coruña The Style Outlets;2023-01-30;13:00:00;14:00:00;2091.0
0c2639f4-bec1-428e-abad-c95a3a78de58;50;Coruña The Style Outlets;2023-01-30;14:00:00;15:00:00;2103.0
0c2639f4-bec1-428e-abad-c95a3a78de58;50;Coruña The Style Outlets;2023-01-30;15:00:00;16:00:00;1888.0
0c2639f4-bec1-428e-abad-c95a3a78de58;50;Coruña The Style Outlets;2023-01-30;16:00:00;17:00:00;1713.0
0c2639f4-bec1-428e-abad-c95a3a78de58;50;Coruña The Style Outlets;2023-01-30;17:00:00;18:00:00;1904.0
0c2639f4-bec1-428e-abad-c95a3a78de58;50;Coruña The Style Outlets;2023-01-30;18:00:00;19:00:00;2246.0
0c2639f4-bec1-428e-abad-c95a3a78de58;50;Coruña The Style Outlets;2023-01-30;19:00:00;20:00:00;2130.0
0c2639f4-bec1-428e-abad-c95a3a78de58;50;Coruña The Style Outlets;2023-01-30;20:00:00;21:00:00;1789.0
0c2639f4-bec1-428e-abad-c95a3a78de58;50;Coruña The Style Outlets;2023-01-30;21:00:00;22:00:00;1586.0
0c2639f4-bec1-428e-abad-c95a3a78de58;50;Coruña The Style Outlets;2023-01-31;10:00:00;11:00:00;1522.0
0c2639f4-bec1-428e-abad-c95a3a78de58;50;Coruña The Style Outlets;2023-01-31;11:00:00;12:00:00;1650.0
0c2639f4-bec1-428e-abad-c95a3a78de58;50;Coruña The Style Outlets;2023-01-31;12:00:00;13:00:00;1729.0
0c2639f4-bec1-428e-abad-c95a3a78de58;50;Coruña The Style Outlets;2023-01-31;13:00:00;14:00:00;1729.0
0c2639f4-bec1-428e-abad-c95a3a78de58;50;Coruña The Style Outlets;2023-01-31;14:00:00;15:00:00;1851.0
0c2639f4-bec1-428e-abad-c95a3a78de58;50;Coruña The Style Outlets;2023-01-31;15:00:00;16:00:00;1711.0
0c2639f4-bec1-428e-abad-c95a3a78de58;50;Coruña The Style Outlets;2023-01-31;16:00:00;17:00:00;1760.0
0c2639f4-bec1-428e-abad-c95a3a78de58;50;Coruña The Style Outlets;2023-01-31;17:00:00;18:00:00;1915.0
0c2639f4-bec1-428e-abad-c95a3a78de58;50;Coruña The Style Outlets;2023-01-31;18:00:00;19:00:00;2140.0
0c2639f4-bec1-428e-abad-c95a3a78de58;50;Coruña The Style Outlets;2023-01-31;19:00:00;20:00:00;2049.0
0c2639f4-bec1-428e-abad-c95a3a78de58;50;Coruña The Style Outlets;2023-01-31;20:00:00;21:00:00;1889.0
0c2639f4-bec1-428e-abad-c95a3a78de58;50;Coruña The Style Outlets;2023-01-31;21:00:00;22:00:00;1535.0
b3c672c8-277c-4dd2-8450-802c3daca800;95;El Arcángel;2023-01-30;10:00:00;11:00:00;915.0
b3c672c8-277c-4dd2-8450-802c3daca800;95;El Arcángel;2023-01-30;11:00:00;12:00:00;1457.0
b3c672c8-277c-4dd2-8450-802c3daca800;95;El Arcángel;2023-01-30;12:00:00;13:00:00;1576.0
b3c672c8-277c-4dd2-8450-802c3daca800;95;El Arcángel;2023-01-30;13:00:00;14:00:00;1492.0
b3c672c8-277c-4dd2-8450-802c3daca800;95;El Arcángel;2023-01-30;14:00:00;15:00:00;1271.0
b3c672c8-277c-4dd2-8450-802c3daca800;95;El Arcángel;2023-01-30;15:00:00;16:00:00;1154.0
b3c672c8-277c-4dd2-8450-802c3daca800;95;El Arcángel;2023-01-30;16:00:00;17:00:00;1222.0
b3c672c8-277c-4dd2-8450-802c3daca800;95;El Arcángel;2023-01-30;17:00:00;18:00:00;1396.0
b3c672c8-277c-4dd2-8450-802c3daca800;95;El Arcángel;2023-01-30;18:00:00;19:00:00;1705.0
b3c672c8-277c-4dd2-8450-802c3daca800;95;El Arcángel;2023-01-30;19:00:00;20:00:00;1941.0
b3c672c8-277c-4dd2-8450-802c3daca800;95;El Arcángel;2023-01-30;20:00:00;21:00:00;1526.0
b3c672c8-277c-4dd2-8450-802c3daca800;95;El Arcángel;2023-01-30;21:00:00;22:00:00;954.0
b3c672c8-277c-4dd2-8450-802c3daca800;95;El Arcángel;2023-01-31;10:00:00;11:00:00;1055.0
b3c672c8-277c-4dd2-8450-802c3daca800;95;El Arcángel;2023-01-31;11:00:00;12:00:00;1374.0
b3c672c8-277c-4dd2-8450-802c3daca800;95;El Arcángel;2023-01-31;12:00:00;13:00:00;1513.0
b3c672c8-277c-4dd2-8450-802c3daca800;95;El Arcángel;2023-01-31;13:00:00;14:00:00;1443.0
b3c672c8-277c-4dd2-8450-802c3daca800;95;El Arcángel;2023-01-31;14:00:00;15:00:00;1483.0
b3c672c8-277c-4dd2-8450-802c3daca800;95;El Arcángel;2023-01-31;15:00:00;16:00:00;1340.0
b3c672c8-277c-4dd2-8450-802c3daca800;95;El Arcángel;2023-01-31;16:00:00;17:00:00;1368.0
b3c672c8-277c-4dd2-8450-802c3daca800;95;El Arcángel;2023-01-31;17:00:00;18:00:00;1774.0
b3c672c8-277c-4dd2-8450-802c3daca800;95;El Arcángel;2023-01-31;18:00:00;19:00:00;1777.0
b3c672c8-277c-4dd2-8450-802c3daca800;95;El Arcángel;2023-01-31;19:00:00;20:00:00;1878.0
b3c672c8-277c-4dd2-8450-802c3daca800;95;El Arcángel;2023-01-31;20:00:00;21:00:00;1461.0
b3c672c8-277c-4dd2-8450-802c3daca800;95;El Arcángel;2023-01-31;21:00:00;22:00:00;1112.0
db21a149-6720-4f2d-8cd5-e40df385d04b;57;El Deleite;2023-01-30;10:00:00;11:00:00;850.0
db21a149-6720-4f2d-8cd5-e40df385d04b;57;El Deleite;2023-01-30;11:00:00;12:00:00;869.0
db21a149-6720-4f2d-8cd5-e40df385d04b;57;El Deleite;2023-01-30;12:00:00;13:00:00;892.0
db21a149-6720-4f2d-8cd5-e40df385d04b;57;El Deleite;2023-01-30;13:00:00;14:00:00;915.0
db21a149-6720-4f2d-8cd5-e40df385d04b;57;El Deleite;2023-01-30;14:00:00;15:00:00;1014.0
db21a149-6720-4f2d-8cd5-e40df385d04b;57;El Deleite;2023-01-30;15:00:00;16:00:00;1024.0
db21a149-6720-4f2d-8cd5-e40df385d04b;57;El Deleite;2023-01-30;16:00:00;17:00:00;1002.0
db21a149-6720-4f2d-8cd5-e40df385d04b;57;El Deleite;2023-01-30;17:00:00;18:00:00;1062.0
db21a149-6720-4f2d-8cd5-e40df385d04b;57;El Deleite;2023-01-30;18:00:00;19:00:00;1180.0
db21a149-6720-4f2d-8cd5-e40df385d04b;57;El Deleite;2023-01-30;19:00:00;20:00:00;1186.0
db21a149-6720-4f2d-8cd5-e40df385d04b;57;El Deleite;2023-01-30;20:00:00;21:00:00;1164.0
db21a149-6720-4f2d-8cd5-e40df385d04b;57;El Deleite;2023-01-30;21:00:00;22:00:00;206.0
db21a149-6720-4f2d-8cd5-e40df385d04b;57;El Deleite;2023-01-31;10:00:00;11:00:00;956.0
db21a149-6720-4f2d-8cd5-e40df385d04b;57;El Deleite;2023-01-31;11:00:00;12:00:00;1018.0
db21a149-6720-4f2d-8cd5-e40df385d04b;57;El Deleite;2023-01-31;12:00:00;13:00:00;1025.0
db21a149-6720-4f2d-8cd5-e40df385d04b;57;El Deleite;2023-01-31;13:00:00;14:00:00;1076.0
db21a149-6720-4f2d-8cd5-e40df385d04b;57;El Deleite;2023-01-31;14:00:00;15:00:00;1133.0
db21a149-6720-4f2d-8cd5-e40df385d04b;57;El Deleite;2023-01-31;15:00:00;16:00:00;1144.0
db21a149-6720-4f2d-8cd5-e40df385d04b;57;El Deleite;2023-01-31;16:00:00;17:00:00;1109.0
db21a149-6720-4f2d-8cd5-e40df385d04b;57;El Deleite;2023-01-31;17:00:00;18:00:00;1165.0
db21a149-6720-4f2d-8cd5-e40df385d04b;57;El Deleite;2023-01-31;18:00:00;19:00:00;1199.0
db21a149-6720-4f2d-8cd5-e40df385d04b;57;El Deleite;2023-01-31;19:00:00;20:00:00;1283.0
db21a149-6720-4f2d-8cd5-e40df385d04b;57;El Deleite;2023-01-31;20:00:00;21:00:00;1183.0
db21a149-6720-4f2d-8cd5-e40df385d04b;57;El Deleite;2023-01-31;21:00:00;22:00:00;218.0
cbb1f955-6ce2-4dd7-8c26-4bb8d4085418;67;El Encinar;2023-01-30;10:00:00;11:00:00;299.0
cbb1f955-6ce2-4dd7-8c26-4bb8d4085418;67;El Encinar;2023-01-30;11:00:00;12:00:00;343.0
cbb1f955-6ce2-4dd7-8c26-4bb8d4085418;67;El Encinar;2023-01-30;12:00:00;13:00:00;383.0
cbb1f955-6ce2-4dd7-8c26-4bb8d4085418;67;El Encinar;2023-01-30;13:00:00;14:00:00;434.0
cbb1f955-6ce2-4dd7-8c26-4bb8d4085418;67;El Encinar;2023-01-30;14:00:00;15:00:00;428.0
cbb1f955-6ce2-4dd7-8c26-4bb8d4085418;67;El Encinar;2023-01-30;15:00:00;16:00:00;376.0
cbb1f955-6ce2-4dd7-8c26-4bb8d4085418;67;El Encinar;2023-01-30;16:00:00;17:00:00;375.0
cbb1f955-6ce2-4dd7-8c26-4bb8d4085418;67;El Encinar;2023-01-30;17:00:00;18:00:00;434.0
cbb1f955-6ce2-4dd7-8c26-4bb8d4085418;67;El Encinar;2023-01-30;18:00:00;19:00:00;507.0
cbb1f955-6ce2-4dd7-8c26-4bb8d4085418;67;El Encinar;2023-01-30;19:00:00;20:00:00;357.0
cbb1f955-6ce2-4dd7-8c26-4bb8d4085418;67;El Encinar;2023-01-30;20:00:00;21:00:00;286.0
cbb1f955-6ce2-4dd7-8c26-4bb8d4085418;67;El Encinar;2023-01-30;21:00:00;22:00:00;231.0
cbb1f955-6ce2-4dd7-8c26-4bb8d4085418;67;El Encinar;2023-01-31;10:00:00;11:00:00;390.0
cbb1f955-6ce2-4dd7-8c26-4bb8d4085418;67;El Encinar;2023-01-31;11:00:00;12:00:00;379.0
cbb1f955-6ce2-4dd7-8c26-4bb8d4085418;67;El Encinar;2023-01-31;12:00:00;13:00:00;450.0
cbb1f955-6ce2-4dd7-8c26-4bb8d4085418;67;El Encinar;2023-01-31;13:00:00;14:00:00;469.0
cbb1f955-6ce2-4dd7-8c26-4bb8d4085418;67;El Encinar;2023-01-31;14:00:00;15:00:00;475.0
cbb1f955-6ce2-4dd7-8c26-4bb8d4085418;67;El Encinar;2023-01-31;15:00:00;16:00:00;396.0
cbb1f955-6ce2-4dd7-8c26-4bb8d4085418;67;El Encinar;2023-01-31;16:00:00;17:00:00;377.0
cbb1f955-6ce2-4dd7-8c26-4bb8d4085418;67;El Encinar;2023-01-31;17:00:00;18:00:00;478.0
cbb1f955-6ce2-4dd7-8c26-4bb8d4085418;67;El Encinar;2023-01-31;18:00:00;19:00:00;502.0
cbb1f955-6ce2-4dd7-8c26-4bb8d4085418;67;El Encinar;2023-01-31;19:00:00;20:00:00;405.0
cbb1f955-6ce2-4dd7-8c26-4bb8d4085418;67;El Encinar;2023-01-31;20:00:00;21:00:00;357.0
cbb1f955-6ce2-4dd7-8c26-4bb8d4085418;67;El Encinar;2023-01-31;21:00:00;22:00:00;293.0
d6e10447-60ed-4a71-a658-ec05fbe6b017;16;El Parque de Ciudad Real;2023-01-30;10:00:00;11:00:00;302.0
d6e10447-60ed-4a71-a658-ec05fbe6b017;16;El Parque de Ciudad Real;2023-01-30;11:00:00;12:00:00;329.0
d6e10447-60ed-4a71-a658-ec05fbe6b017;16;El Parque de Ciudad Real;2023-01-30;12:00:00;13:00:00;290.0
d6e10447-60ed-4a71-a658-ec05fbe6b017;16;El Parque de Ciudad Real;2023-01-30;13:00:00;14:00:00;316.0
d6e10447-60ed-4a71-a658-ec05fbe6b017;16;El Parque de Ciudad Real;2023-01-30;14:00:00;15:00:00;271.0
d6e10447-60ed-4a71-a658-ec05fbe6b017;16;El Parque de Ciudad Real;2023-01-30;15:00:00;16:00:00;255.0
d6e10447-60ed-4a71-a658-ec05fbe6b017;16;El Parque de Ciudad Real;2023-01-30;16:00:00;17:00:00;246.0
d6e10447-60ed-4a71-a658-ec05fbe6b017;16;El Parque de Ciudad Real;2023-01-30;17:00:00;18:00:00;422.0
d6e10447-60ed-4a71-a658-ec05fbe6b017;16;El Parque de Ciudad Real;2023-01-30;18:00:00;19:00:00;427.0
d6e10447-60ed-4a71-a658-ec05fbe6b017;16;El Parque de Ciudad Real;2023-01-30;19:00:00;20:00:00;424.0
d6e10447-60ed-4a71-a658-ec05fbe6b017;16;El Parque de Ciudad Real;2023-01-30;20:00:00;21:00:00;275.0
d6e10447-60ed-4a71-a658-ec05fbe6b017;16;El Parque de Ciudad Real;2023-01-30;21:00:00;22:00:00;296.0
d6e10447-60ed-4a71-a658-ec05fbe6b017;16;El Parque de Ciudad Real;2023-01-31;10:00:00;11:00:00;287.0
d6e10447-60ed-4a71-a658-ec05fbe6b017;16;El Parque de Ciudad Real;2023-01-31;11:00:00;12:00:00;325.0
d6e10447-60ed-4a71-a658-ec05fbe6b017;16;El Parque de Ciudad Real;2023-01-31;12:00:00;13:00:00;296.0
d6e10447-60ed-4a71-a658-ec05fbe6b017;16;El Parque de Ciudad Real;2023-01-31;13:00:00;14:00:00;269.0
d6e10447-60ed-4a71-a658-ec05fbe6b017;16;El Parque de Ciudad Real;2023-01-31;14:00:00;15:00:00;259.0
d6e10447-60ed-4a71-a658-ec05fbe6b017;16;El Parque de Ciudad Real;2023-01-31;15:00:00;16:00:00;258.0
d6e10447-60ed-4a71-a658-ec05fbe6b017;16;El Parque de Ciudad Real;2023-01-31;16:00:00;17:00:00;258.0
d6e10447-60ed-4a71-a658-ec05fbe6b017;16;El Parque de Ciudad Real;2023-01-31;17:00:00;18:00:00;353.0
d6e10447-60ed-4a71-a658-ec05fbe6b017;16;El Parque de Ciudad Real;2023-01-31;18:00:00;19:00:00;399.0
d6e10447-60ed-4a71-a658-ec05fbe6b017;16;El Parque de Ciudad Real;2023-01-31;19:00:00;20:00:00;392.0
d6e10447-60ed-4a71-a658-ec05fbe6b017;16;El Parque de Ciudad Real;2023-01-31;20:00:00;21:00:00;264.0
d6e10447-60ed-4a71-a658-ec05fbe6b017;16;El Parque de Ciudad Real;2023-01-31;21:00:00;22:00:00;250.0
14d4d04b-c417-4149-8146-d791064f5a8f;17;El Paseo;2023-01-30;10:00:00;11:00:00;1301.0
14d4d04b-c417-4149-8146-d791064f5a8f;17;El Paseo;2023-01-30;11:00:00;12:00:00;1327.0
14d4d04b-c417-4149-8146-d791064f5a8f;17;El Paseo;2023-01-30;12:00:00;13:00:00;1327.0
14d4d04b-c417-4149-8146-d791064f5a8f;17;El Paseo;2023-01-30;13:00:00;14:00:00;1208.0
14d4d04b-c417-4149-8146-d791064f5a8f;17;El Paseo;2023-01-30;14:00:00;15:00:00;1346.0
14d4d04b-c417-4149-8146-d791064f5a8f;17;El Paseo;2023-01-30;15:00:00;16:00:00;1415.0
14d4d04b-c417-4149-8146-d791064f5a8f;17;El Paseo;2023-01-30;16:00:00;17:00:00;1511.0
14d4d04b-c417-4149-8146-d791064f5a8f;17;El Paseo;2023-01-30;17:00:00;18:00:00;1714.0
14d4d04b-c417-4149-8146-d791064f5a8f;17;El Paseo;2023-01-30;18:00:00;19:00:00;1801.0
14d4d04b-c417-4149-8146-d791064f5a8f;17;El Paseo;2023-01-30;19:00:00;20:00:00;1807.0
14d4d04b-c417-4149-8146-d791064f5a8f;17;El Paseo;2023-01-30;20:00:00;21:00:00;1537.0
14d4d04b-c417-4149-8146-d791064f5a8f;17;El Paseo;2023-01-30;21:00:00;22:00:00;1458.0
14d4d04b-c417-4149-8146-d791064f5a8f;17;El Paseo;2023-01-31;10:00:00;11:00:00;1016.0
14d4d04b-c417-4149-8146-d791064f5a8f;17;El Paseo;2023-01-31;11:00:00;12:00:00;1130.0
14d4d04b-c417-4149-8146-d791064f5a8f;17;El Paseo;2023-01-31;12:00:00;13:00:00;1149.0
14d4d04b-c417-4149-8146-d791064f5a8f;17;El Paseo;2023-01-31;13:00:00;14:00:00;1108.0
14d4d04b-c417-4149-8146-d791064f5a8f;17;El Paseo;2023-01-31;14:00:00;15:00:00;1198.0
14d4d04b-c417-4149-8146-d791064f5a8f;17;El Paseo;2023-01-31;15:00:00;16:00:00;1269.0
14d4d04b-c417-4149-8146-d791064f5a8f;17;El Paseo;2023-01-31;16:00:00;17:00:00;1298.0
14d4d04b-c417-4149-8146-d791064f5a8f;17;El Paseo;2023-01-31;17:00:00;18:00:00;1376.0
14d4d04b-c417-4149-8146-d791064f5a8f;17;El Paseo;2023-01-31;18:00:00;19:00:00;1408.0
14d4d04b-c417-4149-8146-d791064f5a8f;17;El Paseo;2023-01-31;19:00:00;20:00:00;1466.0
14d4d04b-c417-4149-8146-d791064f5a8f;17;El Paseo;2023-01-31;20:00:00;21:00:00;1321.0
14d4d04b-c417-4149-8146-d791064f5a8f;17;El Paseo;2023-01-31;21:00:00;22:00:00;1168.0
c494f3fd-545f-43dd-90ac-f15444c92879;44;El Restón;2023-01-30;10:00:00;11:00:00;482.0
c494f3fd-545f-43dd-90ac-f15444c92879;44;El Restón;2023-01-30;11:00:00;12:00:00;539.0
c494f3fd-545f-43dd-90ac-f15444c92879;44;El Restón;2023-01-30;12:00:00;13:00:00;496.0
c494f3fd-545f-43dd-90ac-f15444c92879;44;El Restón;2023-01-30;13:00:00;14:00:00;515.0
c494f3fd-545f-43dd-90ac-f15444c92879;44;El Restón;2023-01-30;14:00:00;15:00:00;588.0
c494f3fd-545f-43dd-90ac-f15444c92879;44;El Restón;2023-01-30;15:00:00;16:00:00;518.0
c494f3fd-545f-43dd-90ac-f15444c92879;44;El Restón;2023-01-30;16:00:00;17:00:00;544.0
c494f3fd-545f-43dd-90ac-f15444c92879;44;El Restón;2023-01-30;17:00:00;18:00:00;682.0
c494f3fd-545f-43dd-90ac-f15444c92879;44;El Restón;2023-01-30;18:00:00;19:00:00;658.0
c494f3fd-545f-43dd-90ac-f15444c92879;44;El Restón;2023-01-30;19:00:00;20:00:00;668.0
c494f3fd-545f-43dd-90ac-f15444c92879;44;El Restón;2023-01-30;20:00:00;21:00:00;608.0
c494f3fd-545f-43dd-90ac-f15444c92879;44;El Restón;2023-01-30;21:00:00;22:00:00;605.0
c494f3fd-545f-43dd-90ac-f15444c92879;44;El Restón;2023-01-31;10:00:00;11:00:00;538.0
c494f3fd-545f-43dd-90ac-f15444c92879;44;El Restón;2023-01-31;11:00:00;12:00:00;543.0
c494f3fd-545f-43dd-90ac-f15444c92879;44;El Restón;2023-01-31;12:00:00;13:00:00;606.0
c494f3fd-545f-43dd-90ac-f15444c92879;44;El Restón;2023-01-31;13:00:00;14:00:00;635.0
c494f3fd-545f-43dd-90ac-f15444c92879;44;El Restón;2023-01-31;14:00:00;15:00:00;611.0
c494f3fd-545f-43dd-90ac-f15444c92879;44;El Restón;2023-01-31;15:00:00;16:00:00;614.0
c494f3fd-545f-43dd-90ac-f15444c92879;44;El Restón;2023-01-31;16:00:00;17:00:00;536.0
c494f3fd-545f-43dd-90ac-f15444c92879;44;El Restón;2023-01-31;17:00:00;18:00:00;662.0
c494f3fd-545f-43dd-90ac-f15444c92879;44;El Restón;2023-01-31;18:00:00;19:00:00;715.0
c494f3fd-545f-43dd-90ac-f15444c92879;44;El Restón;2023-01-31;19:00:00;20:00:00;697.0
c494f3fd-545f-43dd-90ac-f15444c92879;44;El Restón;2023-01-31;20:00:00;21:00:00;624.0
c494f3fd-545f-43dd-90ac-f15444c92879;44;El Restón;2023-01-31;21:00:00;22:00:00;601.0
7ff3cca7-ed09-4cf6-b3ab-66d27f30939c;18;El Rosal;2023-01-30;10:00:00;11:00:00;2972.0
7ff3cca7-ed09-4cf6-b3ab-66d27f30939c;18;El Rosal;2023-01-30;11:00:00;12:00:00;3297.0
7ff3cca7-ed09-4cf6-b3ab-66d27f30939c;18;El Rosal;2023-01-30;12:00:00;13:00:00;3535.0
7ff3cca7-ed09-4cf6-b3ab-66d27f30939c;18;El Rosal;2023-01-30;13:00:00;14:00:00;3470.0
7ff3cca7-ed09-4cf6-b3ab-66d27f30939c;18;El Rosal;2023-01-30;14:00:00;15:00:00;3318.0
7ff3cca7-ed09-4cf6-b3ab-66d27f30939c;18;El Rosal;2023-01-30;15:00:00;16:00:00;3540.0
7ff3cca7-ed09-4cf6-b3ab-66d27f30939c;18;El Rosal;2023-01-30;16:00:00;17:00:00;3802.0
7ff3cca7-ed09-4cf6-b3ab-66d27f30939c;18;El Rosal;2023-01-30;17:00:00;18:00:00;4163.0
7ff3cca7-ed09-4cf6-b3ab-66d27f30939c;18;El Rosal;2023-01-30;18:00:00;19:00:00;4635.0
7ff3cca7-ed09-4cf6-b3ab-66d27f30939c;18;El Rosal;2023-01-30;19:00:00;20:00:00;4820.0
7ff3cca7-ed09-4cf6-b3ab-66d27f30939c;18;El Rosal;2023-01-30;20:00:00;21:00:00;4455.0
7ff3cca7-ed09-4cf6-b3ab-66d27f30939c;18;El Rosal;2023-01-30;21:00:00;22:00:00;3387.0
7ff3cca7-ed09-4cf6-b3ab-66d27f30939c;18;El Rosal;2023-01-31;10:00:00;11:00:00;2739.0
7ff3cca7-ed09-4cf6-b3ab-66d27f30939c;18;El Rosal;2023-01-31;11:00:00;12:00:00;3122.0
7ff3cca7-ed09-4cf6-b3ab-66d27f30939c;18;El Rosal;2023-01-31;12:00:00;13:00:00;3297.0
7ff3cca7-ed09-4cf6-b3ab-66d27f30939c;18;El Rosal;2023-01-31;13:00:00;14:00:00;3335.0
7ff3cca7-ed09-4cf6-b3ab-66d27f30939c;18;El Rosal;2023-01-31;14:00:00;15:00:00;3329.0
7ff3cca7-ed09-4cf6-b3ab-66d27f30939c;18;El Rosal;2023-01-31;15:00:00;16:00:00;3622.0
7ff3cca7-ed09-4cf6-b3ab-66d27f30939c;18;El Rosal;2023-01-31;16:00:00;17:00:00;3661.0
7ff3cca7-ed09-4cf6-b3ab-66d27f30939c;18;El Rosal;2023-01-31;17:00:00;18:00:00;3961.0
7ff3cca7-ed09-4cf6-b3ab-66d27f30939c;18;El Rosal;2023-01-31;18:00:00;19:00:00;4413.0
7ff3cca7-ed09-4cf6-b3ab-66d27f30939c;18;El Rosal;2023-01-31;19:00:00;20:00:00;4935.0
7ff3cca7-ed09-4cf6-b3ab-66d27f30939c;18;El Rosal;2023-01-31;20:00:00;21:00:00;4304.0
7ff3cca7-ed09-4cf6-b3ab-66d27f30939c;18;El Rosal;2023-01-31;21:00:00;22:00:00;3461.0
51cdbe4b-9a08-41e3-9dff-4dce61719a8f;19;Espacio Coruña;2023-01-30;10:00:00;11:00:00;884.0
51cdbe4b-9a08-41e3-9dff-4dce61719a8f;19;Espacio Coruña;2023-01-30;11:00:00;12:00:00;1025.0
51cdbe4b-9a08-41e3-9dff-4dce61719a8f;19;Espacio Coruña;2023-01-30;12:00:00;13:00:00;902.0
51cdbe4b-9a08-41e3-9dff-4dce61719a8f;19;Espacio Coruña;2023-01-30;13:00:00;14:00:00;783.0
51cdbe4b-9a08-41e3-9dff-4dce61719a8f;19;Espacio Coruña;2023-01-30;14:00:00;15:00:00;696.0
51cdbe4b-9a08-41e3-9dff-4dce61719a8f;19;Espacio Coruña;2023-01-30;15:00:00;16:00:00;704.0
51cdbe4b-9a08-41e3-9dff-4dce61719a8f;19;Espacio Coruña;2023-01-30;16:00:00;17:00:00;629.0
51cdbe4b-9a08-41e3-9dff-4dce61719a8f;19;Espacio Coruña;2023-01-30;17:00:00;18:00:00;632.0
51cdbe4b-9a08-41e3-9dff-4dce61719a8f;19;Espacio Coruña;2023-01-30;18:00:00;19:00:00;776.0
51cdbe4b-9a08-41e3-9dff-4dce61719a8f;19;Espacio Coruña;2023-01-30;19:00:00;20:00:00;901.0
51cdbe4b-9a08-41e3-9dff-4dce61719a8f;19;Espacio Coruña;2023-01-30;20:00:00;21:00:00;824.0
51cdbe4b-9a08-41e3-9dff-4dce61719a8f;19;Espacio Coruña;2023-01-30;21:00:00;22:00:00;564.0
51cdbe4b-9a08-41e3-9dff-4dce61719a8f;19;Espacio Coruña;2023-01-31;10:00:00;11:00:00;867.0
51cdbe4b-9a08-41e3-9dff-4dce61719a8f;19;Espacio Coruña;2023-01-31;11:00:00;12:00:00;872.0
51cdbe4b-9a08-41e3-9dff-4dce61719a8f;19;Espacio Coruña;2023-01-31;12:00:00;13:00:00;793.0
51cdbe4b-9a08-41e3-9dff-4dce61719a8f;19;Espacio Coruña;2023-01-31;13:00:00;14:00:00;646.0
51cdbe4b-9a08-41e3-9dff-4dce61719a8f;19;Espacio Coruña;2023-01-31;14:00:00;15:00:00;665.0
51cdbe4b-9a08-41e3-9dff-4dce61719a8f;19;Espacio Coruña;2023-01-31;15:00:00;16:00:00;658.0
51cdbe4b-9a08-41e3-9dff-4dce61719a8f;19;Espacio Coruña;2023-01-31;16:00:00;17:00:00;691.0
51cdbe4b-9a08-41e3-9dff-4dce61719a8f;19;Espacio Coruña;2023-01-31;17:00:00;18:00:00;744.0
51cdbe4b-9a08-41e3-9dff-4dce61719a8f;19;Espacio Coruña;2023-01-31;18:00:00;19:00:00;823.0
51cdbe4b-9a08-41e3-9dff-4dce61719a8f;19;Espacio Coruña;2023-01-31;19:00:00;20:00:00;868.0
51cdbe4b-9a08-41e3-9dff-4dce61719a8f;19;Espacio Coruña;2023-01-31;20:00:00;21:00:00;725.0
51cdbe4b-9a08-41e3-9dff-4dce61719a8f;19;Espacio Coruña;2023-01-31;21:00:00;22:00:00;571.0
1ae1ee31-2236-4b08-ac6d-da75d590ced2;20;Espacio León;2023-01-30;10:00:00;11:00:00;2266.0
1ae1ee31-2236-4b08-ac6d-da75d590ced2;20;Espacio León;2023-01-30;11:00:00;12:00:00;2665.0
1ae1ee31-2236-4b08-ac6d-da75d590ced2;20;Espacio León;2023-01-30;12:00:00;13:00:00;2756.0
1ae1ee31-2236-4b08-ac6d-da75d590ced2;20;Espacio León;2023-01-30;13:00:00;14:00:00;2572.0
1ae1ee31-2236-4b08-ac6d-da75d590ced2;20;Espacio León;2023-01-30;14:00:00;15:00:00;2686.0
1ae1ee31-2236-4b08-ac6d-da75d590ced2;20;Espacio León;2023-01-30;15:00:00;16:00:00;2985.0
1ae1ee31-2236-4b08-ac6d-da75d590ced2;20;Espacio León;2023-01-30;16:00:00;17:00:00;3008.0
1ae1ee31-2236-4b08-ac6d-da75d590ced2;20;Espacio León;2023-01-30;17:00:00;18:00:00;3019.0
1ae1ee31-2236-4b08-ac6d-da75d590ced2;20;Espacio León;2023-01-30;18:00:00;19:00:00;3443.0
1ae1ee31-2236-4b08-ac6d-da75d590ced2;20;Espacio León;2023-01-30;19:00:00;20:00:00;3341.0
1ae1ee31-2236-4b08-ac6d-da75d590ced2;20;Espacio León;2023-01-30;20:00:00;21:00:00;3085.0
1ae1ee31-2236-4b08-ac6d-da75d590ced2;20;Espacio León;2023-01-30;21:00:00;22:00:00;2478.0
1ae1ee31-2236-4b08-ac6d-da75d590ced2;20;Espacio León;2023-01-31;10:00:00;11:00:00;2160.0
1ae1ee31-2236-4b08-ac6d-da75d590ced2;20;Espacio León;2023-01-31;11:00:00;12:00:00;2232.0
1ae1ee31-2236-4b08-ac6d-da75d590ced2;20;Espacio León;2023-01-31;12:00:00;13:00:00;2489.0
1ae1ee31-2236-4b08-ac6d-da75d590ced2;20;Espacio León;2023-01-31;13:00:00;14:00:00;2484.0
1ae1ee31-2236-4b08-ac6d-da75d590ced2;20;Espacio León;2023-01-31;14:00:00;15:00:00;2550.0
1ae1ee31-2236-4b08-ac6d-da75d590ced2;20;Espacio León;2023-01-31;15:00:00;16:00:00;2779.0
1ae1ee31-2236-4b08-ac6d-da75d590ced2;20;Espacio León;2023-01-31;16:00:00;17:00:00;2740.0
1ae1ee31-2236-4b08-ac6d-da75d590ced2;20;Espacio León;2023-01-31;17:00:00;18:00:00;2971.0
1ae1ee31-2236-4b08-ac6d-da75d590ced2;20;Espacio León;2023-01-31;18:00:00;19:00:00;3360.0
1ae1ee31-2236-4b08-ac6d-da75d590ced2;20;Espacio León;2023-01-31;19:00:00;20:00:00;3398.0
1ae1ee31-2236-4b08-ac6d-da75d590ced2;20;Espacio León;2023-01-31;20:00:00;21:00:00;3421.0
1ae1ee31-2236-4b08-ac6d-da75d590ced2;20;Espacio León;2023-01-31;21:00:00;22:00:00;2962.0
44dfcbc9-7df0-4da0-9882-0b07e36ef9d4;58;Finestrelles Shopping Centre;2023-01-30;10:00:00;11:00:00;2249.0
44dfcbc9-7df0-4da0-9882-0b07e36ef9d4;58;Finestrelles Shopping Centre;2023-01-30;11:00:00;12:00:00;2676.0
44dfcbc9-7df0-4da0-9882-0b07e36ef9d4;58;Finestrelles Shopping Centre;2023-01-30;12:00:00;13:00:00;2818.0
44dfcbc9-7df0-4da0-9882-0b07e36ef9d4;58;Finestrelles Shopping Centre;2023-01-30;13:00:00;14:00:00;2847.0
44dfcbc9-7df0-4da0-9882-0b07e36ef9d4;58;Finestrelles Shopping Centre;2023-01-30;14:00:00;15:00:00;2185.0
44dfcbc9-7df0-4da0-9882-0b07e36ef9d4;58;Finestrelles Shopping Centre;2023-01-30;15:00:00;16:00:00;1891.0
44dfcbc9-7df0-4da0-9882-0b07e36ef9d4;58;Finestrelles Shopping Centre;2023-01-30;16:00:00;17:00:00;2344.0
44dfcbc9-7df0-4da0-9882-0b07e36ef9d4;58;Finestrelles Shopping Centre;2023-01-30;17:00:00;18:00:00;3212.0
44dfcbc9-7df0-4da0-9882-0b07e36ef9d4;58;Finestrelles Shopping Centre;2023-01-30;18:00:00;19:00:00;3823.0
44dfcbc9-7df0-4da0-9882-0b07e36ef9d4;58;Finestrelles Shopping Centre;2023-01-30;19:00:00;20:00:00;3603.0
44dfcbc9-7df0-4da0-9882-0b07e36ef9d4;58;Finestrelles Shopping Centre;2023-01-30;20:00:00;21:00:00;2292.0
44dfcbc9-7df0-4da0-9882-0b07e36ef9d4;58;Finestrelles Shopping Centre;2023-01-30;21:00:00;22:00:00;808.0
44dfcbc9-7df0-4da0-9882-0b07e36ef9d4;58;Finestrelles Shopping Centre;2023-01-31;10:00:00;11:00:00;2524.0
44dfcbc9-7df0-4da0-9882-0b07e36ef9d4;58;Finestrelles Shopping Centre;2023-01-31;11:00:00;12:00:00;2946.0
44dfcbc9-7df0-4da0-9882-0b07e36ef9d4;58;Finestrelles Shopping Centre;2023-01-31;12:00:00;13:00:00;3206.0
44dfcbc9-7df0-4da0-9882-0b07e36ef9d4;58;Finestrelles Shopping Centre;2023-01-31;13:00:00;14:00:00;3134.0
44dfcbc9-7df0-4da0-9882-0b07e36ef9d4;58;Finestrelles Shopping Centre;2023-01-31;14:00:00;15:00:00;2454.0
44dfcbc9-7df0-4da0-9882-0b07e36ef9d4;58;Finestrelles Shopping Centre;2023-01-31;15:00:00;16:00:00;2190.0
44dfcbc9-7df0-4da0-9882-0b07e36ef9d4;58;Finestrelles Shopping Centre;2023-01-31;16:00:00;17:00:00;2328.0
44dfcbc9-7df0-4da0-9882-0b07e36ef9d4;58;Finestrelles Shopping Centre;2023-01-31;17:00:00;18:00:00;3334.0
44dfcbc9-7df0-4da0-9882-0b07e36ef9d4;58;Finestrelles Shopping Centre;2023-01-31;18:00:00;19:00:00;4147.0
44dfcbc9-7df0-4da0-9882-0b07e36ef9d4;58;Finestrelles Shopping Centre;2023-01-31;19:00:00;20:00:00;3847.0
44dfcbc9-7df0-4da0-9882-0b07e36ef9d4;58;Finestrelles Shopping Centre;2023-01-31;20:00:00;21:00:00;2508.0
44dfcbc9-7df0-4da0-9882-0b07e36ef9d4;58;Finestrelles Shopping Centre;2023-01-31;21:00:00;22:00:00;958.0
6723e314-b093-4de2-bafa-1775196d1234;45;Getafe The Style Outlets;2023-01-30;10:00:00;11:00:00;1579.0
6723e314-b093-4de2-bafa-1775196d1234;45;Getafe The Style Outlets;2023-01-30;11:00:00;12:00:00;1711.0
6723e314-b093-4de2-bafa-1775196d1234;45;Getafe The Style Outlets;2023-01-30;12:00:00;13:00:00;2089.0
6723e314-b093-4de2-bafa-1775196d1234;45;Getafe The Style Outlets;2023-01-30;13:00:00;14:00:00;1876.0
6723e314-b093-4de2-bafa-1775196d1234;45;Getafe The Style Outlets;2023-01-30;14:00:00;15:00:00;1561.0
6723e314-b093-4de2-bafa-1775196d1234;45;Getafe The Style Outlets;2023-01-30;15:00:00;16:00:00;1437.0
6723e314-b093-4de2-bafa-1775196d1234;45;Getafe The Style Outlets;2023-01-30;16:00:00;17:00:00;1647.0
6723e314-b093-4de2-bafa-1775196d1234;45;Getafe The Style Outlets;2023-01-30;17:00:00;18:00:00;1954.0
6723e314-b093-4de2-bafa-1775196d1234;45;Getafe The Style Outlets;2023-01-30;18:00:00;19:00:00;2351.0
6723e314-b093-4de2-bafa-1775196d1234;45;Getafe The Style Outlets;2023-01-30;19:00:00;20:00:00;2481.0
6723e314-b093-4de2-bafa-1775196d1234;45;Getafe The Style Outlets;2023-01-30;20:00:00;21:00:00;2059.0
6723e314-b093-4de2-bafa-1775196d1234;45;Getafe The Style Outlets;2023-01-30;21:00:00;22:00:00;1194.0
6723e314-b093-4de2-bafa-1775196d1234;45;Getafe The Style Outlets;2023-01-31;10:00:00;11:00:00;1511.0
6723e314-b093-4de2-bafa-1775196d1234;45;Getafe The Style Outlets;2023-01-31;11:00:00;12:00:00;1880.0
6723e314-b093-4de2-bafa-1775196d1234;45;Getafe The Style Outlets;2023-01-31;12:00:00;13:00:00;2009.0
6723e314-b093-4de2-bafa-1775196d1234;45;Getafe The Style Outlets;2023-01-31;13:00:00;14:00:00;1927.0
6723e314-b093-4de2-bafa-1775196d1234;45;Getafe The Style Outlets;2023-01-31;14:00:00;15:00:00;1761.0
6723e314-b093-4de2-bafa-1775196d1234;45;Getafe The Style Outlets;2023-01-31;15:00:00;16:00:00;1741.0
6723e314-b093-4de2-bafa-1775196d1234;45;Getafe The Style Outlets;2023-01-31;16:00:00;17:00:00;1755.0
6723e314-b093-4de2-bafa-1775196d1234;45;Getafe The Style Outlets;2023-01-31;17:00:00;18:00:00;2195.0
6723e314-b093-4de2-bafa-1775196d1234;45;Getafe The Style Outlets;2023-01-31;18:00:00;19:00:00;2575.0
6723e314-b093-4de2-bafa-1775196d1234;45;Getafe The Style Outlets;2023-01-31;19:00:00;20:00:00;2562.0
6723e314-b093-4de2-bafa-1775196d1234;45;Getafe The Style Outlets;2023-01-31;20:00:00;21:00:00;2124.0
6723e314-b093-4de2-bafa-1775196d1234;45;Getafe The Style Outlets;2023-01-31;21:00:00;22:00:00;1140.0
a9652ebd-80a7-4e3c-9c82-da5a33132fa2;25;Gran Plaza 2;2023-01-30;10:00:00;11:00:00;1528.0
a9652ebd-80a7-4e3c-9c82-da5a33132fa2;25;Gran Plaza 2;2023-01-30;11:00:00;12:00:00;1912.0
a9652ebd-80a7-4e3c-9c82-da5a33132fa2;25;Gran Plaza 2;2023-01-30;12:00:00;13:00:00;2242.0
a9652ebd-80a7-4e3c-9c82-da5a33132fa2;25;Gran Plaza 2;2023-01-30;13:00:00;14:00:00;2274.0
a9652ebd-80a7-4e3c-9c82-da5a33132fa2;25;Gran Plaza 2;2023-01-30;14:00:00;15:00:00;2112.0
a9652ebd-80a7-4e3c-9c82-da5a33132fa2;25;Gran Plaza 2;2023-01-30;15:00:00;16:00:00;2172.0
a9652ebd-80a7-4e3c-9c82-da5a33132fa2;25;Gran Plaza 2;2023-01-30;16:00:00;17:00:00;2125.0
a9652ebd-80a7-4e3c-9c82-da5a33132fa2;25;Gran Plaza 2;2023-01-30;17:00:00;18:00:00;2489.0
a9652ebd-80a7-4e3c-9c82-da5a33132fa2;25;Gran Plaza 2;2023-01-30;18:00:00;19:00:00;2951.0
a9652ebd-80a7-4e3c-9c82-da5a33132fa2;25;Gran Plaza 2;2023-01-30;19:00:00;20:00:00;2966.0
a9652ebd-80a7-4e3c-9c82-da5a33132fa2;25;Gran Plaza 2;2023-01-30;20:00:00;21:00:00;2476.0
a9652ebd-80a7-4e3c-9c82-da5a33132fa2;25;Gran Plaza 2;2023-01-30;21:00:00;22:00:00;1510.0
a9652ebd-80a7-4e3c-9c82-da5a33132fa2;25;Gran Plaza 2;2023-01-31;10:00:00;11:00:00;1618.0
a9652ebd-80a7-4e3c-9c82-da5a33132fa2;25;Gran Plaza 2;2023-01-31;11:00:00;12:00:00;1937.0
a9652ebd-80a7-4e3c-9c82-da5a33132fa2;25;Gran Plaza 2;2023-01-31;12:00:00;13:00:00;2165.0
a9652ebd-80a7-4e3c-9c82-da5a33132fa2;25;Gran Plaza 2;2023-01-31;13:00:00;14:00:00;2096.0
a9652ebd-80a7-4e3c-9c82-da5a33132fa2;25;Gran Plaza 2;2023-01-31;14:00:00;15:00:00;2159.0
a9652ebd-80a7-4e3c-9c82-da5a33132fa2;25;Gran Plaza 2;2023-01-31;15:00:00;16:00:00;2139.0
a9652ebd-80a7-4e3c-9c82-da5a33132fa2;25;Gran Plaza 2;2023-01-31;16:00:00;17:00:00;2256.0
a9652ebd-80a7-4e3c-9c82-da5a33132fa2;25;Gran Plaza 2;2023-01-31;17:00:00;18:00:00;2515.0
a9652ebd-80a7-4e3c-9c82-da5a33132fa2;25;Gran Plaza 2;2023-01-31;18:00:00;19:00:00;2944.0
a9652ebd-80a7-4e3c-9c82-da5a33132fa2;25;Gran Plaza 2;2023-01-31;19:00:00;20:00:00;3025.0
a9652ebd-80a7-4e3c-9c82-da5a33132fa2;25;Gran Plaza 2;2023-01-31;20:00:00;21:00:00;2467.0
a9652ebd-80a7-4e3c-9c82-da5a33132fa2;25;Gran Plaza 2;2023-01-31;21:00:00;22:00:00;1587.0
4f86178d-a155-40d0-977b-657954882fed;26;Gran Vía 2;2023-01-30;10:00:00;11:00:00;2044.0
4f86178d-a155-40d0-977b-657954882fed;26;Gran Vía 2;2023-01-30;11:00:00;12:00:00;2517.0
4f86178d-a155-40d0-977b-657954882fed;26;Gran Vía 2;2023-01-30;12:00:00;13:00:00;2726.0
4f86178d-a155-40d0-977b-657954882fed;26;Gran Vía 2;2023-01-30;13:00:00;14:00:00;2929.0
4f86178d-a155-40d0-977b-657954882fed;26;Gran Vía 2;2023-01-30;14:00:00;15:00:00;3046.0
4f86178d-a155-40d0-977b-657954882fed;26;Gran Vía 2;2023-01-30;15:00:00;16:00:00;2745.0
4f86178d-a155-40d0-977b-657954882fed;26;Gran Vía 2;2023-01-30;16:00:00;17:00:00;2905.0
4f86178d-a155-40d0-977b-657954882fed;26;Gran Vía 2;2023-01-30;17:00:00;18:00:00;3387.0
4f86178d-a155-40d0-977b-657954882fed;26;Gran Vía 2;2023-01-30;18:00:00;19:00:00;4156.0
4f86178d-a155-40d0-977b-657954882fed;26;Gran Vía 2;2023-01-30;19:00:00;20:00:00;3934.0
4f86178d-a155-40d0-977b-657954882fed;26;Gran Vía 2;2023-01-30;20:00:00;21:00:00;2805.0
4f86178d-a155-40d0-977b-657954882fed;26;Gran Vía 2;2023-01-30;21:00:00;22:00:00;1827.0
4f86178d-a155-40d0-977b-657954882fed;26;Gran Vía 2;2023-01-31;10:00:00;11:00:00;2425.0
4f86178d-a155-40d0-977b-657954882fed;26;Gran Vía 2;2023-01-31;11:00:00;12:00:00;2835.0
4f86178d-a155-40d0-977b-657954882fed;26;Gran Vía 2;2023-01-31;12:00:00;13:00:00;3239.0
4f86178d-a155-40d0-977b-657954882fed;26;Gran Vía 2;2023-01-31;13:00:00;14:00:00;3164.0
4f86178d-a155-40d0-977b-657954882fed;26;Gran Vía 2;2023-01-31;14:00:00;15:00:00;3803.0
4f86178d-a155-40d0-977b-657954882fed;26;Gran Vía 2;2023-01-31;15:00:00;16:00:00;3092.0
4f86178d-a155-40d0-977b-657954882fed;26;Gran Vía 2;2023-01-31;16:00:00;17:00:00;2815.0
4f86178d-a155-40d0-977b-657954882fed;26;Gran Vía 2;2023-01-31;17:00:00;18:00:00;3561.0
4f86178d-a155-40d0-977b-657954882fed;26;Gran Vía 2;2023-01-31;18:00:00;19:00:00;4320.0
4f86178d-a155-40d0-977b-657954882fed;26;Gran Vía 2;2023-01-31;19:00:00;20:00:00;4357.0
4f86178d-a155-40d0-977b-657954882fed;26;Gran Vía 2;2023-01-31;20:00:00;21:00:00;3255.0
4f86178d-a155-40d0-977b-657954882fed;26;Gran Vía 2;2023-01-31;21:00:00;22:00:00;2020.0
d44960b0-d717-4fa8-a81c-4d6285b8f6b4;27;Gran Vía de Vigo;2023-01-30;10:00:00;11:00:00;1302.0
d44960b0-d717-4fa8-a81c-4d6285b8f6b4;27;Gran Vía de Vigo;2023-01-30;11:00:00;12:00:00;1663.0
d44960b0-d717-4fa8-a81c-4d6285b8f6b4;27;Gran Vía de Vigo;2023-01-30;12:00:00;13:00:00;1747.0
d44960b0-d717-4fa8-a81c-4d6285b8f6b4;27;Gran Vía de Vigo;2023-01-30;13:00:00;14:00:00;1591.0
d44960b0-d717-4fa8-a81c-4d6285b8f6b4;27;Gran Vía de Vigo;2023-01-30;14:00:00;15:00:00;1461.0
d44960b0-d717-4fa8-a81c-4d6285b8f6b4;27;Gran Vía de Vigo;2023-01-30;15:00:00;16:00:00;1491.0
d44960b0-d717-4fa8-a81c-4d6285b8f6b4;27;Gran Vía de Vigo;2023-01-30;16:00:00;17:00:00;1666.0
d44960b0-d717-4fa8-a81c-4d6285b8f6b4;27;Gran Vía de Vigo;2023-01-30;17:00:00;18:00:00;2058.0
d44960b0-d717-4fa8-a81c-4d6285b8f6b4;27;Gran Vía de Vigo;2023-01-30;18:00:00;19:00:00;2455.0
d44960b0-d717-4fa8-a81c-4d6285b8f6b4;27;Gran Vía de Vigo;2023-01-30;19:00:00;20:00:00;2389.0
d44960b0-d717-4fa8-a81c-4d6285b8f6b4;27;Gran Vía de Vigo;2023-01-30;20:00:00;21:00:00;1879.0
d44960b0-d717-4fa8-a81c-4d6285b8f6b4;27;Gran Vía de Vigo;2023-01-30;21:00:00;22:00:00;1199.0
d44960b0-d717-4fa8-a81c-4d6285b8f6b4;27;Gran Vía de Vigo;2023-01-31;10:00:00;11:00:00;1377.0
d44960b0-d717-4fa8-a81c-4d6285b8f6b4;27;Gran Vía de Vigo;2023-01-31;11:00:00;12:00:00;1609.0
d44960b0-d717-4fa8-a81c-4d6285b8f6b4;27;Gran Vía de Vigo;2023-01-31;12:00:00;13:00:00;1686.0
d44960b0-d717-4fa8-a81c-4d6285b8f6b4;27;Gran Vía de Vigo;2023-01-31;13:00:00;14:00:00;1700.0
d44960b0-d717-4fa8-a81c-4d6285b8f6b4;27;Gran Vía de Vigo;2023-01-31;14:00:00;15:00:00;1553.0
d44960b0-d717-4fa8-a81c-4d6285b8f6b4;27;Gran Vía de Vigo;2023-01-31;15:00:00;16:00:00;1648.0
d44960b0-d717-4fa8-a81c-4d6285b8f6b4;27;Gran Vía de Vigo;2023-01-31;16:00:00;17:00:00;1849.0
d44960b0-d717-4fa8-a81c-4d6285b8f6b4;27;Gran Vía de Vigo;2023-01-31;17:00:00;18:00:00;2072.0
d44960b0-d717-4fa8-a81c-4d6285b8f6b4;27;Gran Vía de Vigo;2023-01-31;18:00:00;19:00:00;2223.0
d44960b0-d717-4fa8-a81c-4d6285b8f6b4;27;Gran Vía de Vigo;2023-01-31;19:00:00;20:00:00;2324.0
d44960b0-d717-4fa8-a81c-4d6285b8f6b4;27;Gran Vía de Vigo;2023-01-31;20:00:00;21:00:00;1919.0
d44960b0-d717-4fa8-a81c-4d6285b8f6b4;27;Gran Vía de Vigo;2023-01-31;21:00:00;22:00:00;1377.0
b345570b-20c8-4b90-b0ed-9ddaabdec93e;24;GranCasa;2023-01-30;10:00:00;11:00:00;3965.0
b345570b-20c8-4b90-b0ed-9ddaabdec93e;24;GranCasa;2023-01-30;11:00:00;12:00:00;4684.0
b345570b-20c8-4b90-b0ed-9ddaabdec93e;24;GranCasa;2023-01-30;12:00:00;13:00:00;4513.0
b345570b-20c8-4b90-b0ed-9ddaabdec93e;24;GranCasa;2023-01-30;13:00:00;14:00:00;4840.0
b345570b-20c8-4b90-b0ed-9ddaabdec93e;24;GranCasa;2023-01-30;14:00:00;15:00:00;4507.0
b345570b-20c8-4b90-b0ed-9ddaabdec93e;24;GranCasa;2023-01-30;15:00:00;16:00:00;4488.0
b345570b-20c8-4b90-b0ed-9ddaabdec93e;24;GranCasa;2023-01-30;16:00:00;17:00:00;4403.0
b345570b-20c8-4b90-b0ed-9ddaabdec93e;24;GranCasa;2023-01-30;17:00:00;18:00:00;4781.0
b345570b-20c8-4b90-b0ed-9ddaabdec93e;24;GranCasa;2023-01-30;18:00:00;19:00:00;5334.0
b345570b-20c8-4b90-b0ed-9ddaabdec93e;24;GranCasa;2023-01-30;19:00:00;20:00:00;5190.0
b345570b-20c8-4b90-b0ed-9ddaabdec93e;24;GranCasa;2023-01-30;20:00:00;21:00:00;4891.0
b345570b-20c8-4b90-b0ed-9ddaabdec93e;24;GranCasa;2023-01-30;21:00:00;22:00:00;4511.0
b345570b-20c8-4b90-b0ed-9ddaabdec93e;24;GranCasa;2023-01-31;10:00:00;11:00:00;5641.0
b345570b-20c8-4b90-b0ed-9ddaabdec93e;24;GranCasa;2023-01-31;11:00:00;12:00:00;6103.0
b345570b-20c8-4b90-b0ed-9ddaabdec93e;24;GranCasa;2023-01-31;12:00:00;13:00:00;6382.0
b345570b-20c8-4b90-b0ed-9ddaabdec93e;24;GranCasa;2023-01-31;13:00:00;14:00:00;6277.0
b345570b-20c8-4b90-b0ed-9ddaabdec93e;24;GranCasa;2023-01-31;14:00:00;15:00:00;6132.0
b345570b-20c8-4b90-b0ed-9ddaabdec93e;24;GranCasa;2023-01-31;15:00:00;16:00:00;6095.0
b345570b-20c8-4b90-b0ed-9ddaabdec93e;24;GranCasa;2023-01-31;16:00:00;17:00:00;6323.0
b345570b-20c8-4b90-b0ed-9ddaabdec93e;24;GranCasa;2023-01-31;17:00:00;18:00:00;6777.0
b345570b-20c8-4b90-b0ed-9ddaabdec93e;24;GranCasa;2023-01-31;18:00:00;19:00:00;7581.0
b345570b-20c8-4b90-b0ed-9ddaabdec93e;24;GranCasa;2023-01-31;19:00:00;20:00:00;7786.0
b345570b-20c8-4b90-b0ed-9ddaabdec93e;24;GranCasa;2023-01-31;20:00:00;21:00:00;6893.0
b345570b-20c8-4b90-b0ed-9ddaabdec93e;24;GranCasa;2023-01-31;21:00:00;22:00:00;5569.0
bf207f85-1735-4979-85d2-289f183bf178;2;L'Illa Diagonal;2023-01-30;10:00:00;11:00:00;2917.0
bf207f85-1735-4979-85d2-289f183bf178;2;L'Illa Diagonal;2023-01-30;11:00:00;12:00:00;3627.0
bf207f85-1735-4979-85d2-289f183bf178;2;L'Illa Diagonal;2023-01-30;12:00:00;13:00:00;3891.0
bf207f85-1735-4979-85d2-289f183bf178;2;L'Illa Diagonal;2023-01-30;13:00:00;14:00:00;4305.0
bf207f85-1735-4979-85d2-289f183bf178;2;L'Illa Diagonal;2023-01-30;14:00:00;15:00:00;4251.0
bf207f85-1735-4979-85d2-289f183bf178;2;L'Illa Diagonal;2023-01-30;15:00:00;16:00:00;4261.0
bf207f85-1735-4979-85d2-289f183bf178;2;L'Illa Diagonal;2023-01-30;16:00:00;17:00:00;4046.0
bf207f85-1735-4979-85d2-289f183bf178;2;L'Illa Diagonal;2023-01-30;17:00:00;18:00:00;4139.0
bf207f85-1735-4979-85d2-289f183bf178;2;L'Illa Diagonal;2023-01-30;18:00:00;19:00:00;4355.0
bf207f85-1735-4979-85d2-289f183bf178;2;L'Illa Diagonal;2023-01-30;19:00:00;20:00:00;3938.0
bf207f85-1735-4979-85d2-289f183bf178;2;L'Illa Diagonal;2023-01-30;20:00:00;21:00:00;2554.0
bf207f85-1735-4979-85d2-289f183bf178;2;L'Illa Diagonal;2023-01-30;21:00:00;22:00:00;1187.0
bf207f85-1735-4979-85d2-289f183bf178;2;L'Illa Diagonal;2023-01-31;10:00:00;11:00:00;3054.0
bf207f85-1735-4979-85d2-289f183bf178;2;L'Illa Diagonal;2023-01-31;11:00:00;12:00:00;3694.0
bf207f85-1735-4979-85d2-289f183bf178;2;L'Illa Diagonal;2023-01-31;12:00:00;13:00:00;4039.0
bf207f85-1735-4979-85d2-289f183bf178;2;L'Illa Diagonal;2023-01-31;13:00:00;14:00:00;4363.0
bf207f85-1735-4979-85d2-289f183bf178;2;L'Illa Diagonal;2023-01-31;14:00:00;15:00:00;4408.0
bf207f85-1735-4979-85d2-289f183bf178;2;L'Illa Diagonal;2023-01-31;15:00:00;16:00:00;3983.0
bf207f85-1735-4979-85d2-289f183bf178;2;L'Illa Diagonal;2023-01-31;16:00:00;17:00:00;3621.0
bf207f85-1735-4979-85d2-289f183bf178;2;L'Illa Diagonal;2023-01-31;17:00:00;18:00:00;4376.0
bf207f85-1735-4979-85d2-289f183bf178;2;L'Illa Diagonal;2023-01-31;18:00:00;19:00:00;4760.0
bf207f85-1735-4979-85d2-289f183bf178;2;L'Illa Diagonal;2023-01-31;19:00:00;20:00:00;4287.0
bf207f85-1735-4979-85d2-289f183bf178;2;L'Illa Diagonal;2023-01-31;20:00:00;21:00:00;3012.0
bf207f85-1735-4979-85d2-289f183bf178;2;L'Illa Diagonal;2023-01-31;21:00:00;22:00:00;1322.0
b2fd26f7-6048-4f10-8eba-5f90879f470e;29;La Farga;2023-01-30;10:00:00;11:00:00;535.0
b2fd26f7-6048-4f10-8eba-5f90879f470e;29;La Farga;2023-01-30;11:00:00;12:00:00;677.0
b2fd26f7-6048-4f10-8eba-5f90879f470e;29;La Farga;2023-01-30;12:00:00;13:00:00;704.0
b2fd26f7-6048-4f10-8eba-5f90879f470e;29;La Farga;2023-01-30;13:00:00;14:00:00;689.0
b2fd26f7-6048-4f10-8eba-5f90879f470e;29;La Farga;2023-01-30;14:00:00;15:00:00;799.0
b2fd26f7-6048-4f10-8eba-5f90879f470e;29;La Farga;2023-01-30;15:00:00;16:00:00;714.0
b2fd26f7-6048-4f10-8eba-5f90879f470e;29;La Farga;2023-01-30;16:00:00;17:00:00;681.0
b2fd26f7-6048-4f10-8eba-5f90879f470e;29;La Farga;2023-01-30;17:00:00;18:00:00;776.0
b2fd26f7-6048-4f10-8eba-5f90879f470e;29;La Farga;2023-01-30;18:00:00;19:00:00;857.0
b2fd26f7-6048-4f10-8eba-5f90879f470e;29;La Farga;2023-01-30;19:00:00;20:00:00;678.0
b2fd26f7-6048-4f10-8eba-5f90879f470e;29;La Farga;2023-01-30;20:00:00;21:00:00;622.0
b2fd26f7-6048-4f10-8eba-5f90879f470e;29;La Farga;2023-01-30;21:00:00;22:00:00;564.0
b2fd26f7-6048-4f10-8eba-5f90879f470e;29;La Farga;2023-01-31;10:00:00;11:00:00;570.0
b2fd26f7-6048-4f10-8eba-5f90879f470e;29;La Farga;2023-01-31;11:00:00;12:00:00;693.0
b2fd26f7-6048-4f10-8eba-5f90879f470e;29;La Farga;2023-01-31;12:00:00;13:00:00;724.0
b2fd26f7-6048-4f10-8eba-5f90879f470e;29;La Farga;2023-01-31;13:00:00;14:00:00;764.0
b2fd26f7-6048-4f10-8eba-5f90879f470e;29;La Farga;2023-01-31;14:00:00;15:00:00;889.0
b2fd26f7-6048-4f10-8eba-5f90879f470e;29;La Farga;2023-01-31;15:00:00;16:00:00;788.0
b2fd26f7-6048-4f10-8eba-5f90879f470e;29;La Farga;2023-01-31;16:00:00;17:00:00;749.0
b2fd26f7-6048-4f10-8eba-5f90879f470e;29;La Farga;2023-01-31;17:00:00;18:00:00;869.0
b2fd26f7-6048-4f10-8eba-5f90879f470e;29;La Farga;2023-01-31;18:00:00;19:00:00;914.0
b2fd26f7-6048-4f10-8eba-5f90879f470e;29;La Farga;2023-01-31;19:00:00;20:00:00;728.0
b2fd26f7-6048-4f10-8eba-5f90879f470e;29;La Farga;2023-01-31;20:00:00;21:00:00;676.0
b2fd26f7-6048-4f10-8eba-5f90879f470e;29;La Farga;2023-01-31;21:00:00;22:00:00;533.0
b33e9212-926d-45da-9f83-683b27a904b6;46;Las Rozas The Style Outlets;2023-01-30;10:00:00;11:00:00;621.0
b33e9212-926d-45da-9f83-683b27a904b6;46;Las Rozas The Style Outlets;2023-01-30;11:00:00;12:00:00;620.0
b33e9212-926d-45da-9f83-683b27a904b6;46;Las Rozas The Style Outlets;2023-01-30;12:00:00;13:00:00;675.0
b33e9212-926d-45da-9f83-683b27a904b6;46;Las Rozas The Style Outlets;2023-01-30;13:00:00;14:00:00;644.0
b33e9212-926d-45da-9f83-683b27a904b6;46;Las Rozas The Style Outlets;2023-01-30;14:00:00;15:00:00;628.0
b33e9212-926d-45da-9f83-683b27a904b6;46;Las Rozas The Style Outlets;2023-01-30;15:00:00;16:00:00;529.0
b33e9212-926d-45da-9f83-683b27a904b6;46;Las Rozas The Style Outlets;2023-01-30;16:00:00;17:00:00;531.0
b33e9212-926d-45da-9f83-683b27a904b6;46;Las Rozas The Style Outlets;2023-01-30;17:00:00;18:00:00;575.0
b33e9212-926d-45da-9f83-683b27a904b6;46;Las Rozas The Style Outlets;2023-01-30;18:00:00;19:00:00;632.0
b33e9212-926d-45da-9f83-683b27a904b6;46;Las Rozas The Style Outlets;2023-01-30;19:00:00;20:00:00;681.0
b33e9212-926d-45da-9f83-683b27a904b6;46;Las Rozas The Style Outlets;2023-01-30;20:00:00;21:00:00;716.0
b33e9212-926d-45da-9f83-683b27a904b6;46;Las Rozas The Style Outlets;2023-01-30;21:00:00;22:00:00;13.0
b33e9212-926d-45da-9f83-683b27a904b6;46;Las Rozas The Style Outlets;2023-01-31;10:00:00;11:00:00;622.0
b33e9212-926d-45da-9f83-683b27a904b6;46;Las Rozas The Style Outlets;2023-01-31;11:00:00;12:00:00;558.0
b33e9212-926d-45da-9f83-683b27a904b6;46;Las Rozas The Style Outlets;2023-01-31;12:00:00;13:00:00;613.0
b33e9212-926d-45da-9f83-683b27a904b6;46;Las Rozas The Style Outlets;2023-01-31;13:00:00;14:00:00;632.0
b33e9212-926d-45da-9f83-683b27a904b6;46;Las Rozas The Style Outlets;2023-01-31;14:00:00;15:00:00;584.0
b33e9212-926d-45da-9f83-683b27a904b6;46;Las Rozas The Style Outlets;2023-01-31;15:00:00;16:00:00;550.0
b33e9212-926d-45da-9f83-683b27a904b6;46;Las Rozas The Style Outlets;2023-01-31;16:00:00;17:00:00;534.0
b33e9212-926d-45da-9f83-683b27a904b6;46;Las Rozas The Style Outlets;2023-01-31;17:00:00;18:00:00;600.0
b33e9212-926d-45da-9f83-683b27a904b6;46;Las Rozas The Style Outlets;2023-01-31;18:00:00;19:00:00;654.0
b33e9212-926d-45da-9f83-683b27a904b6;46;Las Rozas The Style Outlets;2023-01-31;19:00:00;20:00:00;679.0
b33e9212-926d-45da-9f83-683b27a904b6;46;Las Rozas The Style Outlets;2023-01-31;20:00:00;21:00:00;562.0
b33e9212-926d-45da-9f83-683b27a904b6;46;Las Rozas The Style Outlets;2023-01-31;21:00:00;22:00:00;11.0
27630773-db74-4220-a055-00237a25da71;4;Los Alcores;2023-01-30;10:00:00;11:00:00;1197.0
27630773-db74-4220-a055-00237a25da71;4;Los Alcores;2023-01-30;11:00:00;12:00:00;1088.0
27630773-db74-4220-a055-00237a25da71;4;Los Alcores;2023-01-30;12:00:00;13:00:00;1247.0
27630773-db74-4220-a055-00237a25da71;4;Los Alcores;2023-01-30;13:00:00;14:00:00;1281.0
27630773-db74-4220-a055-00237a25da71;4;Los Alcores;2023-01-30;14:00:00;15:00:00;1306.0
27630773-db74-4220-a055-00237a25da71;4;Los Alcores;2023-01-30;15:00:00;16:00:00;1298.0
27630773-db74-4220-a055-00237a25da71;4;Los Alcores;2023-01-30;16:00:00;17:00:00;1373.0
27630773-db74-4220-a055-00237a25da71;4;Los Alcores;2023-01-30;17:00:00;18:00:00;1417.0
27630773-db74-4220-a055-00237a25da71;4;Los Alcores;2023-01-30;18:00:00;19:00:00;1660.0
27630773-db74-4220-a055-00237a25da71;4;Los Alcores;2023-01-30;19:00:00;20:00:00;1885.0
27630773-db74-4220-a055-00237a25da71;4;Los Alcores;2023-01-30;20:00:00;21:00:00;1572.0
27630773-db74-4220-a055-00237a25da71;4;Los Alcores;2023-01-30;21:00:00;22:00:00;1202.0
27630773-db74-4220-a055-00237a25da71;4;Los Alcores;2023-01-31;10:00:00;11:00:00;1273.0
27630773-db74-4220-a055-00237a25da71;4;Los Alcores;2023-01-31;11:00:00;12:00:00;1274.0
27630773-db74-4220-a055-00237a25da71;4;Los Alcores;2023-01-31;12:00:00;13:00:00;1322.0
27630773-db74-4220-a055-00237a25da71;4;Los Alcores;2023-01-31;13:00:00;14:00:00;1266.0
27630773-db74-4220-a055-00237a25da71;4;Los Alcores;2023-01-31;14:00:00;15:00:00;1203.0
27630773-db74-4220-a055-00237a25da71;4;Los Alcores;2023-01-31;15:00:00;16:00:00;1290.0
27630773-db74-4220-a055-00237a25da71;4;Los Alcores;2023-01-31;16:00:00;17:00:00;1335.0
27630773-db74-4220-a055-00237a25da71;4;Los Alcores;2023-01-31;17:00:00;18:00:00;1505.0
27630773-db74-4220-a055-00237a25da71;4;Los Alcores;2023-01-31;18:00:00;19:00:00;1737.0
27630773-db74-4220-a055-00237a25da71;4;Los Alcores;2023-01-31;19:00:00;20:00:00;1734.0
27630773-db74-4220-a055-00237a25da71;4;Los Alcores;2023-01-31;20:00:00;21:00:00;1473.0
27630773-db74-4220-a055-00237a25da71;4;Los Alcores;2023-01-31;21:00:00;22:00:00;1109.0
67c19fe9-6b90-440c-954c-d6f652cd122a;31;Luz de Castilla;2023-01-30;10:00:00;11:00:00;659.0
67c19fe9-6b90-440c-954c-d6f652cd122a;31;Luz de Castilla;2023-01-30;11:00:00;12:00:00;680.0
67c19fe9-6b90-440c-954c-d6f652cd122a;31;Luz de Castilla;2023-01-30;12:00:00;13:00:00;689.0
67c19fe9-6b90-440c-954c-d6f652cd122a;31;Luz de Castilla;2023-01-30;13:00:00;14:00:00;662.0
67c19fe9-6b90-440c-954c-d6f652cd122a;31;Luz de Castilla;2023-01-30;14:00:00;15:00:00;529.0
67c19fe9-6b90-440c-954c-d6f652cd122a;31;Luz de Castilla;2023-01-30;15:00:00;16:00:00;787.0
67c19fe9-6b90-440c-954c-d6f652cd122a;31;Luz de Castilla;2023-01-30;16:00:00;17:00:00;913.0
67c19fe9-6b90-440c-954c-d6f652cd122a;31;Luz de Castilla;2023-01-30;17:00:00;18:00:00;734.0
67c19fe9-6b90-440c-954c-d6f652cd122a;31;Luz de Castilla;2023-01-30;18:00:00;19:00:00;834.0
67c19fe9-6b90-440c-954c-d6f652cd122a;31;Luz de Castilla;2023-01-30;19:00:00;20:00:00;738.0
67c19fe9-6b90-440c-954c-d6f652cd122a;31;Luz de Castilla;2023-01-30;20:00:00;21:00:00;618.0
67c19fe9-6b90-440c-954c-d6f652cd122a;31;Luz de Castilla;2023-01-30;21:00:00;22:00:00;722.0
67c19fe9-6b90-440c-954c-d6f652cd122a;31;Luz de Castilla;2023-01-31;10:00:00;11:00:00;674.0
67c19fe9-6b90-440c-954c-d6f652cd122a;31;Luz de Castilla;2023-01-31;11:00:00;12:00:00;808.0
67c19fe9-6b90-440c-954c-d6f652cd122a;31;Luz de Castilla;2023-01-31;12:00:00;13:00:00;801.0
67c19fe9-6b90-440c-954c-d6f652cd122a;31;Luz de Castilla;2023-01-31;13:00:00;14:00:00;848.0
67c19fe9-6b90-440c-954c-d6f652cd122a;31;Luz de Castilla;2023-01-31;14:00:00;15:00:00;598.0
67c19fe9-6b90-440c-954c-d6f652cd122a;31;Luz de Castilla;2023-01-31;15:00:00;16:00:00;613.0
67c19fe9-6b90-440c-954c-d6f652cd122a;31;Luz de Castilla;2023-01-31;16:00:00;17:00:00;872.0
67c19fe9-6b90-440c-954c-d6f652cd122a;31;Luz de Castilla;2023-01-31;17:00:00;18:00:00;775.0
67c19fe9-6b90-440c-954c-d6f652cd122a;31;Luz de Castilla;2023-01-31;18:00:00;19:00:00;883.0
67c19fe9-6b90-440c-954c-d6f652cd122a;31;Luz de Castilla;2023-01-31;19:00:00;20:00:00;826.0
67c19fe9-6b90-440c-954c-d6f652cd122a;31;Luz de Castilla;2023-01-31;20:00:00;21:00:00;599.0
67c19fe9-6b90-440c-954c-d6f652cd122a;31;Luz de Castilla;2023-01-31;21:00:00;22:00:00;725.0
9a893048-055e-43ae-b7ef-1c1165f64320;32;Madrid Sur;2023-01-30;10:00:00;11:00:00;3122.0
9a893048-055e-43ae-b7ef-1c1165f64320;32;Madrid Sur;2023-01-30;11:00:00;12:00:00;3442.0
9a893048-055e-43ae-b7ef-1c1165f64320;32;Madrid Sur;2023-01-30;12:00:00;13:00:00;3632.0
9a893048-055e-43ae-b7ef-1c1165f64320;32;Madrid Sur;2023-01-30;13:00:00;14:00:00;3433.0
9a893048-055e-43ae-b7ef-1c1165f64320;32;Madrid Sur;2023-01-30;14:00:00;15:00:00;3683.0
9a893048-055e-43ae-b7ef-1c1165f64320;32;Madrid Sur;2023-01-30;15:00:00;16:00:00;3546.0
9a893048-055e-43ae-b7ef-1c1165f64320;32;Madrid Sur;2023-01-30;16:00:00;17:00:00;4019.0
9a893048-055e-43ae-b7ef-1c1165f64320;32;Madrid Sur;2023-01-30;17:00:00;18:00:00;4310.0
9a893048-055e-43ae-b7ef-1c1165f64320;32;Madrid Sur;2023-01-30;18:00:00;19:00:00;4074.0
9a893048-055e-43ae-b7ef-1c1165f64320;32;Madrid Sur;2023-01-30;19:00:00;20:00:00;4368.0
9a893048-055e-43ae-b7ef-1c1165f64320;32;Madrid Sur;2023-01-30;20:00:00;21:00:00;3774.0
9a893048-055e-43ae-b7ef-1c1165f64320;32;Madrid Sur;2023-01-30;21:00:00;22:00:00;3277.0
9a893048-055e-43ae-b7ef-1c1165f64320;32;Madrid Sur;2023-01-31;10:00:00;11:00:00;3350.0
9a893048-055e-43ae-b7ef-1c1165f64320;32;Madrid Sur;2023-01-31;11:00:00;12:00:00;3571.0
9a893048-055e-43ae-b7ef-1c1165f64320;32;Madrid Sur;2023-01-31;12:00:00;13:00:00;3769.0
9a893048-055e-43ae-b7ef-1c1165f64320;32;Madrid Sur;2023-01-31;13:00:00;14:00:00;3722.0
9a893048-055e-43ae-b7ef-1c1165f64320;32;Madrid Sur;2023-01-31;14:00:00;15:00:00;3857.0
9a893048-055e-43ae-b7ef-1c1165f64320;32;Madrid Sur;2023-01-31;15:00:00;16:00:00;3527.0
9a893048-055e-43ae-b7ef-1c1165f64320;32;Madrid Sur;2023-01-31;16:00:00;17:00:00;3694.0
9a893048-055e-43ae-b7ef-1c1165f64320;32;Madrid Sur;2023-01-31;17:00:00;18:00:00;4273.0
9a893048-055e-43ae-b7ef-1c1165f64320;32;Madrid Sur;2023-01-31;18:00:00;19:00:00;4145.0
9a893048-055e-43ae-b7ef-1c1165f64320;32;Madrid Sur;2023-01-31;19:00:00;20:00:00;4313.0
9a893048-055e-43ae-b7ef-1c1165f64320;32;Madrid Sur;2023-01-31;20:00:00;21:00:00;3801.0
9a893048-055e-43ae-b7ef-1c1165f64320;32;Madrid Sur;2023-01-31;21:00:00;22:00:00;3302.0
ae7e12dd-92d3-4d52-b6c2-fe9184bd8c34;33;Manoteras;2023-01-30;10:00:00;11:00:00;3.0
ae7e12dd-92d3-4d52-b6c2-fe9184bd8c34;33;Manoteras;2023-01-30;11:00:00;12:00:00;172.0
ae7e12dd-92d3-4d52-b6c2-fe9184bd8c34;33;Manoteras;2023-01-30;12:00:00;13:00:00;170.0
ae7e12dd-92d3-4d52-b6c2-fe9184bd8c34;33;Manoteras;2023-01-30;13:00:00;14:00:00;362.0
ae7e12dd-92d3-4d52-b6c2-fe9184bd8c34;33;Manoteras;2023-01-30;14:00:00;15:00:00;445.0
ae7e12dd-92d3-4d52-b6c2-fe9184bd8c34;33;Manoteras;2023-01-30;15:00:00;16:00:00;423.0
ae7e12dd-92d3-4d52-b6c2-fe9184bd8c34;33;Manoteras;2023-01-30;16:00:00;17:00:00;400.0
ae7e12dd-92d3-4d52-b6c2-fe9184bd8c34;33;Manoteras;2023-01-30;17:00:00;18:00:00;114.0
ae7e12dd-92d3-4d52-b6c2-fe9184bd8c34;33;Manoteras;2023-01-30;18:00:00;19:00:00;119.0
ae7e12dd-92d3-4d52-b6c2-fe9184bd8c34;33;Manoteras;2023-01-30;19:00:00;20:00:00;195.0
ae7e12dd-92d3-4d52-b6c2-fe9184bd8c34;33;Manoteras;2023-01-30;20:00:00;21:00:00;539.0
ae7e12dd-92d3-4d52-b6c2-fe9184bd8c34;33;Manoteras;2023-01-30;21:00:00;22:00:00;525.0
ae7e12dd-92d3-4d52-b6c2-fe9184bd8c34;33;Manoteras;2023-01-31;10:00:00;11:00:00;3.0
ae7e12dd-92d3-4d52-b6c2-fe9184bd8c34;33;Manoteras;2023-01-31;11:00:00;12:00:00;185.0
ae7e12dd-92d3-4d52-b6c2-fe9184bd8c34;33;Manoteras;2023-01-31;12:00:00;13:00:00;185.0
ae7e12dd-92d3-4d52-b6c2-fe9184bd8c34;33;Manoteras;2023-01-31;13:00:00;14:00:00;370.0
ae7e12dd-92d3-4d52-b6c2-fe9184bd8c34;33;Manoteras;2023-01-31;14:00:00;15:00:00;474.0
ae7e12dd-92d3-4d52-b6c2-fe9184bd8c34;33;Manoteras;2023-01-31;15:00:00;16:00:00;446.0
ae7e12dd-92d3-4d52-b6c2-fe9184bd8c34;33;Manoteras;2023-01-31;16:00:00;17:00:00;414.0
ae7e12dd-92d3-4d52-b6c2-fe9184bd8c34;33;Manoteras;2023-01-31;17:00:00;18:00:00;114.0
ae7e12dd-92d3-4d52-b6c2-fe9184bd8c34;33;Manoteras;2023-01-31;18:00:00;19:00:00;120.0
ae7e12dd-92d3-4d52-b6c2-fe9184bd8c34;33;Manoteras;2023-01-31;19:00:00;20:00:00;204.0
ae7e12dd-92d3-4d52-b6c2-fe9184bd8c34;33;Manoteras;2023-01-31;20:00:00;21:00:00;570.0
ae7e12dd-92d3-4d52-b6c2-fe9184bd8c34;33;Manoteras;2023-01-31;21:00:00;22:00:00;563.0
39f7933c-5cbc-4d42-908e-6bd88c55c50c;34;Max Center/Ocio;2023-01-30;10:00:00;11:00:00;3466.0
39f7933c-5cbc-4d42-908e-6bd88c55c50c;34;Max Center/Ocio;2023-01-30;11:00:00;12:00:00;3628.0
39f7933c-5cbc-4d42-908e-6bd88c55c50c;34;Max Center/Ocio;2023-01-30;12:00:00;13:00:00;4619.0
39f7933c-5cbc-4d42-908e-6bd88c55c50c;34;Max Center/Ocio;2023-01-30;13:00:00;14:00:00;4487.0
39f7933c-5cbc-4d42-908e-6bd88c55c50c;34;Max Center/Ocio;2023-01-30;14:00:00;15:00:00;3595.0
39f7933c-5cbc-4d42-908e-6bd88c55c50c;34;Max Center/Ocio;2023-01-30;15:00:00;16:00:00;3227.0
39f7933c-5cbc-4d42-908e-6bd88c55c50c;34;Max Center/Ocio;2023-01-30;16:00:00;17:00:00;3522.0
39f7933c-5cbc-4d42-908e-6bd88c55c50c;34;Max Center/Ocio;2023-01-30;17:00:00;18:00:00;4486.0
39f7933c-5cbc-4d42-908e-6bd88c55c50c;34;Max Center/Ocio;2023-01-30;18:00:00;19:00:00;5484.0
39f7933c-5cbc-4d42-908e-6bd88c55c50c;34;Max Center/Ocio;2023-01-30;19:00:00;20:00:00;4764.0
39f7933c-5cbc-4d42-908e-6bd88c55c50c;34;Max Center/Ocio;2023-01-30;20:00:00;21:00:00;3720.0
39f7933c-5cbc-4d42-908e-6bd88c55c50c;34;Max Center/Ocio;2023-01-30;21:00:00;22:00:00;2458.0
39f7933c-5cbc-4d42-908e-6bd88c55c50c;34;Max Center/Ocio;2023-01-31;10:00:00;11:00:00;3447.0
39f7933c-5cbc-4d42-908e-6bd88c55c50c;34;Max Center/Ocio;2023-01-31;11:00:00;12:00:00;4338.0
39f7933c-5cbc-4d42-908e-6bd88c55c50c;34;Max Center/Ocio;2023-01-31;12:00:00;13:00:00;4699.0
39f7933c-5cbc-4d42-908e-6bd88c55c50c;34;Max Center/Ocio;2023-01-31;13:00:00;14:00:00;3829.0
39f7933c-5cbc-4d42-908e-6bd88c55c50c;34;Max Center/Ocio;2023-01-31;14:00:00;15:00:00;3270.0
39f7933c-5cbc-4d42-908e-6bd88c55c50c;34;Max Center/Ocio;2023-01-31;15:00:00;16:00:00;3585.0
39f7933c-5cbc-4d42-908e-6bd88c55c50c;34;Max Center/Ocio;2023-01-31;16:00:00;17:00:00;3489.0
39f7933c-5cbc-4d42-908e-6bd88c55c50c;34;Max Center/Ocio;2023-01-31;17:00:00;18:00:00;4510.0
39f7933c-5cbc-4d42-908e-6bd88c55c50c;34;Max Center/Ocio;2023-01-31;18:00:00;19:00:00;4913.0
39f7933c-5cbc-4d42-908e-6bd88c55c50c;34;Max Center/Ocio;2023-01-31;19:00:00;20:00:00;4694.0
39f7933c-5cbc-4d42-908e-6bd88c55c50c;34;Max Center/Ocio;2023-01-31;20:00:00;21:00:00;3757.0
39f7933c-5cbc-4d42-908e-6bd88c55c50c;34;Max Center/Ocio;2023-01-31;21:00:00;22:00:00;2951.0
dcf50bbc-4e24-4495-b240-80a3497e99a4;35;Moda Shopping;2023-01-30;10:00:00;11:00:00;280.0
dcf50bbc-4e24-4495-b240-80a3497e99a4;35;Moda Shopping;2023-01-30;11:00:00;12:00:00;315.0
dcf50bbc-4e24-4495-b240-80a3497e99a4;35;Moda Shopping;2023-01-30;12:00:00;13:00:00;300.0
dcf50bbc-4e24-4495-b240-80a3497e99a4;35;Moda Shopping;2023-01-30;13:00:00;14:00:00;359.0
dcf50bbc-4e24-4495-b240-80a3497e99a4;35;Moda Shopping;2023-01-30;14:00:00;15:00:00;342.0
dcf50bbc-4e24-4495-b240-80a3497e99a4;35;Moda Shopping;2023-01-30;15:00:00;16:00:00;316.0
dcf50bbc-4e24-4495-b240-80a3497e99a4;35;Moda Shopping;2023-01-30;16:00:00;17:00:00;291.0
dcf50bbc-4e24-4495-b240-80a3497e99a4;35;Moda Shopping;2023-01-30;17:00:00;18:00:00;274.0
dcf50bbc-4e24-4495-b240-80a3497e99a4;35;Moda Shopping;2023-01-30;18:00:00;19:00:00;333.0
dcf50bbc-4e24-4495-b240-80a3497e99a4;35;Moda Shopping;2023-01-30;19:00:00;20:00:00;222.0
dcf50bbc-4e24-4495-b240-80a3497e99a4;35;Moda Shopping;2023-01-30;20:00:00;21:00:00;157.0
dcf50bbc-4e24-4495-b240-80a3497e99a4;35;Moda Shopping;2023-01-30;21:00:00;22:00:00;72.0
dcf50bbc-4e24-4495-b240-80a3497e99a4;35;Moda Shopping;2023-01-31;10:00:00;11:00:00;319.0
dcf50bbc-4e24-4495-b240-80a3497e99a4;35;Moda Shopping;2023-01-31;11:00:00;12:00:00;354.0
dcf50bbc-4e24-4495-b240-80a3497e99a4;35;Moda Shopping;2023-01-31;12:00:00;13:00:00;380.0
dcf50bbc-4e24-4495-b240-80a3497e99a4;35;Moda Shopping;2023-01-31;13:00:00;14:00:00;425.0
dcf50bbc-4e24-4495-b240-80a3497e99a4;35;Moda Shopping;2023-01-31;14:00:00;15:00:00;396.0
dcf50bbc-4e24-4495-b240-80a3497e99a4;35;Moda Shopping;2023-01-31;15:00:00;16:00:00;398.0
dcf50bbc-4e24-4495-b240-80a3497e99a4;35;Moda Shopping;2023-01-31;16:00:00;17:00:00;345.0
dcf50bbc-4e24-4495-b240-80a3497e99a4;35;Moda Shopping;2023-01-31;17:00:00;18:00:00;333.0
dcf50bbc-4e24-4495-b240-80a3497e99a4;35;Moda Shopping;2023-01-31;18:00:00;19:00:00;466.0
dcf50bbc-4e24-4495-b240-80a3497e99a4;35;Moda Shopping;2023-01-31;19:00:00;20:00:00;291.0
dcf50bbc-4e24-4495-b240-80a3497e99a4;35;Moda Shopping;2023-01-31;20:00:00;21:00:00;180.0
dcf50bbc-4e24-4495-b240-80a3497e99a4;35;Moda Shopping;2023-01-31;21:00:00;22:00:00;89.0
e2aef294-794c-4674-9509-6c15225543af;101;Parque Corredor;2023-01-30;10:00:00;11:00:00;1869.0
e2aef294-794c-4674-9509-6c15225543af;101;Parque Corredor;2023-01-30;11:00:00;12:00:00;2219.0
e2aef294-794c-4674-9509-6c15225543af;101;Parque Corredor;2023-01-30;12:00:00;13:00:00;2150.0
e2aef294-794c-4674-9509-6c15225543af;101;Parque Corredor;2023-01-30;13:00:00;14:00:00;2011.0
e2aef294-794c-4674-9509-6c15225543af;101;Parque Corredor;2023-01-30;14:00:00;15:00:00;2030.0
e2aef294-794c-4674-9509-6c15225543af;101;Parque Corredor;2023-01-30;15:00:00;16:00:00;1943.0
e2aef294-794c-4674-9509-6c15225543af;101;Parque Corredor;2023-01-30;16:00:00;17:00:00;1968.0
e2aef294-794c-4674-9509-6c15225543af;101;Parque Corredor;2023-01-30;17:00:00;18:00:00;2315.0
e2aef294-794c-4674-9509-6c15225543af;101;Parque Corredor;2023-01-30;18:00:00;19:00:00;2740.0
e2aef294-794c-4674-9509-6c15225543af;101;Parque Corredor;2023-01-30;19:00:00;20:00:00;2569.0
e2aef294-794c-4674-9509-6c15225543af;101;Parque Corredor;2023-01-30;20:00:00;21:00:00;2044.0
e2aef294-794c-4674-9509-6c15225543af;101;Parque Corredor;2023-01-30;21:00:00;22:00:00;1492.0
e2aef294-794c-4674-9509-6c15225543af;101;Parque Corredor;2023-01-31;10:00:00;11:00:00;1913.0
e2aef294-794c-4674-9509-6c15225543af;101;Parque Corredor;2023-01-31;11:00:00;12:00:00;2221.0
e2aef294-794c-4674-9509-6c15225543af;101;Parque Corredor;2023-01-31;12:00:00;13:00:00;2297.0
e2aef294-794c-4674-9509-6c15225543af;101;Parque Corredor;2023-01-31;13:00:00;14:00:00;2039.0
e2aef294-794c-4674-9509-6c15225543af;101;Parque Corredor;2023-01-31;14:00:00;15:00:00;2246.0
e2aef294-794c-4674-9509-6c15225543af;101;Parque Corredor;2023-01-31;15:00:00;16:00:00;1963.0
e2aef294-794c-4674-9509-6c15225543af;101;Parque Corredor;2023-01-31;16:00:00;17:00:00;1944.0
e2aef294-794c-4674-9509-6c15225543af;101;Parque Corredor;2023-01-31;17:00:00;18:00:00;2225.0
e2aef294-794c-4674-9509-6c15225543af;101;Parque Corredor;2023-01-31;18:00:00;19:00:00;2536.0
e2aef294-794c-4674-9509-6c15225543af;101;Parque Corredor;2023-01-31;19:00:00;20:00:00;2561.0
e2aef294-794c-4674-9509-6c15225543af;101;Parque Corredor;2023-01-31;20:00:00;21:00:00;2173.0
e2aef294-794c-4674-9509-6c15225543af;101;Parque Corredor;2023-01-31;21:00:00;22:00:00;1564.0
d96a47c5-f5e7-4a23-8d55-f9ff344613f6;38;Plaza Aluche;2023-01-30;10:00:00;11:00:00;1844.0
d96a47c5-f5e7-4a23-8d55-f9ff344613f6;38;Plaza Aluche;2023-01-30;11:00:00;12:00:00;2121.0
d96a47c5-f5e7-4a23-8d55-f9ff344613f6;38;Plaza Aluche;2023-01-30;12:00:00;13:00:00;2194.0
d96a47c5-f5e7-4a23-8d55-f9ff344613f6;38;Plaza Aluche;2023-01-30;13:00:00;14:00:00;2209.0
d96a47c5-f5e7-4a23-8d55-f9ff344613f6;38;Plaza Aluche;2023-01-30;14:00:00;15:00:00;2372.0
d96a47c5-f5e7-4a23-8d55-f9ff344613f6;38;Plaza Aluche;2023-01-30;15:00:00;16:00:00;2365.0
d96a47c5-f5e7-4a23-8d55-f9ff344613f6;38;Plaza Aluche;2023-01-30;16:00:00;17:00:00;2259.0
d96a47c5-f5e7-4a23-8d55-f9ff344613f6;38;Plaza Aluche;2023-01-30;17:00:00;18:00:00;2479.0
d96a47c5-f5e7-4a23-8d55-f9ff344613f6;38;Plaza Aluche;2023-01-30;18:00:00;19:00:00;2711.0
d96a47c5-f5e7-4a23-8d55-f9ff344613f6;38;Plaza Aluche;2023-01-30;19:00:00;20:00:00;2511.0
d96a47c5-f5e7-4a23-8d55-f9ff344613f6;38;Plaza Aluche;2023-01-30;20:00:00;21:00:00;2441.0
d96a47c5-f5e7-4a23-8d55-f9ff344613f6;38;Plaza Aluche;2023-01-30;21:00:00;22:00:00;2200.0
d96a47c5-f5e7-4a23-8d55-f9ff344613f6;38;Plaza Aluche;2023-01-31;10:00:00;11:00:00;1862.0
d96a47c5-f5e7-4a23-8d55-f9ff344613f6;38;Plaza Aluche;2023-01-31;11:00:00;12:00:00;2262.0
d96a47c5-f5e7-4a23-8d55-f9ff344613f6;38;Plaza Aluche;2023-01-31;12:00:00;13:00:00;2329.0
d96a47c5-f5e7-4a23-8d55-f9ff344613f6;38;Plaza Aluche;2023-01-31;13:00:00;14:00:00;2203.0
d96a47c5-f5e7-4a23-8d55-f9ff344613f6;38;Plaza Aluche;2023-01-31;14:00:00;15:00:00;2407.0
d96a47c5-f5e7-4a23-8d55-f9ff344613f6;38;Plaza Aluche;2023-01-31;15:00:00;16:00:00;2323.0
d96a47c5-f5e7-4a23-8d55-f9ff344613f6;38;Plaza Aluche;2023-01-31;16:00:00;17:00:00;2351.0
d96a47c5-f5e7-4a23-8d55-f9ff344613f6;38;Plaza Aluche;2023-01-31;17:00:00;18:00:00;2650.0
d96a47c5-f5e7-4a23-8d55-f9ff344613f6;38;Plaza Aluche;2023-01-31;18:00:00;19:00:00;2782.0
d96a47c5-f5e7-4a23-8d55-f9ff344613f6;38;Plaza Aluche;2023-01-31;19:00:00;20:00:00;2673.0
d96a47c5-f5e7-4a23-8d55-f9ff344613f6;38;Plaza Aluche;2023-01-31;20:00:00;21:00:00;2431.0
d96a47c5-f5e7-4a23-8d55-f9ff344613f6;38;Plaza Aluche;2023-01-31;21:00:00;22:00:00;2209.0
2560337e-ad93-46bc-a944-73428173bc69;63;Plaza Loranca 2;2023-01-30;10:00:00;11:00:00;1625.0
2560337e-ad93-46bc-a944-73428173bc69;63;Plaza Loranca 2;2023-01-30;11:00:00;12:00:00;1745.0
2560337e-ad93-46bc-a944-73428173bc69;63;Plaza Loranca 2;2023-01-30;12:00:00;13:00:00;1854.0
2560337e-ad93-46bc-a944-73428173bc69;63;Plaza Loranca 2;2023-01-30;13:00:00;14:00:00;1904.0
2560337e-ad93-46bc-a944-73428173bc69;63;Plaza Loranca 2;2023-01-30;14:00:00;15:00:00;2717.0
2560337e-ad93-46bc-a944-73428173bc69;63;Plaza Loranca 2;2023-01-30;15:00:00;16:00:00;2619.0
2560337e-ad93-46bc-a944-73428173bc69;63;Plaza Loranca 2;2023-01-30;16:00:00;17:00:00;2722.0
2560337e-ad93-46bc-a944-73428173bc69;63;Plaza Loranca 2;2023-01-30;17:00:00;18:00:00;2237.0
2560337e-ad93-46bc-a944-73428173bc69;63;Plaza Loranca 2;2023-01-30;18:00:00;19:00:00;2431.0
2560337e-ad93-46bc-a944-73428173bc69;63;Plaza Loranca 2;2023-01-30;19:00:00;20:00:00;2528.0
2560337e-ad93-46bc-a944-73428173bc69;63;Plaza Loranca 2;2023-01-30;20:00:00;21:00:00;2741.0
2560337e-ad93-46bc-a944-73428173bc69;63;Plaza Loranca 2;2023-01-30;21:00:00;22:00:00;3060.0
2560337e-ad93-46bc-a944-73428173bc69;63;Plaza Loranca 2;2023-01-31;10:00:00;11:00:00;1701.0
2560337e-ad93-46bc-a944-73428173bc69;63;Plaza Loranca 2;2023-01-31;11:00:00;12:00:00;1843.0
2560337e-ad93-46bc-a944-73428173bc69;63;Plaza Loranca 2;2023-01-31;12:00:00;13:00:00;2160.0
2560337e-ad93-46bc-a944-73428173bc69;63;Plaza Loranca 2;2023-01-31;13:00:00;14:00:00;2090.0
2560337e-ad93-46bc-a944-73428173bc69;63;Plaza Loranca 2;2023-01-31;14:00:00;15:00:00;2639.0
2560337e-ad93-46bc-a944-73428173bc69;63;Plaza Loranca 2;2023-01-31;15:00:00;16:00:00;2698.0
2560337e-ad93-46bc-a944-73428173bc69;63;Plaza Loranca 2;2023-01-31;16:00:00;17:00:00;2688.0
2560337e-ad93-46bc-a944-73428173bc69;63;Plaza Loranca 2;2023-01-31;17:00:00;18:00:00;2418.0
2560337e-ad93-46bc-a944-73428173bc69;63;Plaza Loranca 2;2023-01-31;18:00:00;19:00:00;2556.0
2560337e-ad93-46bc-a944-73428173bc69;63;Plaza Loranca 2;2023-01-31;19:00:00;20:00:00;2526.0
2560337e-ad93-46bc-a944-73428173bc69;63;Plaza Loranca 2;2023-01-31;20:00:00;21:00:00;2875.0
2560337e-ad93-46bc-a944-73428173bc69;63;Plaza Loranca 2;2023-01-31;21:00:00;22:00:00;3040.0
fe152407-9e68-4ccb-8dcc-0032f6d68c1a;40;Plaza Mayor;2023-01-30;10:00:00;11:00:00;1202.0
fe152407-9e68-4ccb-8dcc-0032f6d68c1a;40;Plaza Mayor;2023-01-30;11:00:00;12:00:00;1533.0
fe152407-9e68-4ccb-8dcc-0032f6d68c1a;40;Plaza Mayor;2023-01-30;12:00:00;13:00:00;2001.0
fe152407-9e68-4ccb-8dcc-0032f6d68c1a;40;Plaza Mayor;2023-01-30;13:00:00;14:00:00;2120.0
fe152407-9e68-4ccb-8dcc-0032f6d68c1a;40;Plaza Mayor;2023-01-30;14:00:00;15:00:00;2337.0
fe152407-9e68-4ccb-8dcc-0032f6d68c1a;40;Plaza Mayor;2023-01-30;15:00:00;16:00:00;2189.0
fe152407-9e68-4ccb-8dcc-0032f6d68c1a;40;Plaza Mayor;2023-01-30;16:00:00;17:00:00;2301.0
fe152407-9e68-4ccb-8dcc-0032f6d68c1a;40;Plaza Mayor;2023-01-30;17:00:00;18:00:00;2139.0
fe152407-9e68-4ccb-8dcc-0032f6d68c1a;40;Plaza Mayor;2023-01-30;18:00:00;19:00:00;2319.0
fe152407-9e68-4ccb-8dcc-0032f6d68c1a;40;Plaza Mayor;2023-01-30;19:00:00;20:00:00;2558.0
fe152407-9e68-4ccb-8dcc-0032f6d68c1a;40;Plaza Mayor;2023-01-30;20:00:00;21:00:00;2150.0
fe152407-9e68-4ccb-8dcc-0032f6d68c1a;40;Plaza Mayor;2023-01-30;21:00:00;22:00:00;1434.0
fe152407-9e68-4ccb-8dcc-0032f6d68c1a;40;Plaza Mayor;2023-01-31;10:00:00;11:00:00;1243.0
fe152407-9e68-4ccb-8dcc-0032f6d68c1a;40;Plaza Mayor;2023-01-31;11:00:00;12:00:00;1618.0
fe152407-9e68-4ccb-8dcc-0032f6d68c1a;40;Plaza Mayor;2023-01-31;12:00:00;13:00:00;1980.0
fe152407-9e68-4ccb-8dcc-0032f6d68c1a;40;Plaza Mayor;2023-01-31;13:00:00;14:00:00;2234.0
fe152407-9e68-4ccb-8dcc-0032f6d68c1a;40;Plaza Mayor;2023-01-31;14:00:00;15:00:00;2292.0
fe152407-9e68-4ccb-8dcc-0032f6d68c1a;40;Plaza Mayor;2023-01-31;15:00:00;16:00:00;2148.0
fe152407-9e68-4ccb-8dcc-0032f6d68c1a;40;Plaza Mayor;2023-01-31;16:00:00;17:00:00;2373.0
fe152407-9e68-4ccb-8dcc-0032f6d68c1a;40;Plaza Mayor;2023-01-31;17:00:00;18:00:00;2485.0
fe152407-9e68-4ccb-8dcc-0032f6d68c1a;40;Plaza Mayor;2023-01-31;18:00:00;19:00:00;2666.0
fe152407-9e68-4ccb-8dcc-0032f6d68c1a;40;Plaza Mayor;2023-01-31;19:00:00;20:00:00;2515.0
fe152407-9e68-4ccb-8dcc-0032f6d68c1a;40;Plaza Mayor;2023-01-31;20:00:00;21:00:00;2217.0
fe152407-9e68-4ccb-8dcc-0032f6d68c1a;40;Plaza Mayor;2023-01-31;21:00:00;22:00:00;1602.0
a8d2120d-8649-4d03-97dc-e384b935406c;96;Plaza Moraleja;2023-01-30;10:00:00;11:00:00;65.0
a8d2120d-8649-4d03-97dc-e384b935406c;96;Plaza Moraleja;2023-01-30;11:00:00;12:00:00;102.0
a8d2120d-8649-4d03-97dc-e384b935406c;96;Plaza Moraleja;2023-01-30;12:00:00;13:00:00;107.0
a8d2120d-8649-4d03-97dc-e384b935406c;96;Plaza Moraleja;2023-01-30;13:00:00;14:00:00;108.0
a8d2120d-8649-4d03-97dc-e384b935406c;96;Plaza Moraleja;2023-01-30;14:00:00;15:00:00;110.0
a8d2120d-8649-4d03-97dc-e384b935406c;96;Plaza Moraleja;2023-01-30;15:00:00;16:00:00;105.0
a8d2120d-8649-4d03-97dc-e384b935406c;96;Plaza Moraleja;2023-01-30;16:00:00;17:00:00;96.0
a8d2120d-8649-4d03-97dc-e384b935406c;96;Plaza Moraleja;2023-01-30;17:00:00;18:00:00;70.0
a8d2120d-8649-4d03-97dc-e384b935406c;96;Plaza Moraleja;2023-01-30;18:00:00;19:00:00;58.0
a8d2120d-8649-4d03-97dc-e384b935406c;96;Plaza Moraleja;2023-01-30;19:00:00;20:00:00;53.0
a8d2120d-8649-4d03-97dc-e384b935406c;96;Plaza Moraleja;2023-01-30;20:00:00;21:00:00;45.0
a8d2120d-8649-4d03-97dc-e384b935406c;96;Plaza Moraleja;2023-01-30;21:00:00;22:00:00;42.0
a8d2120d-8649-4d03-97dc-e384b935406c;96;Plaza Moraleja;2023-01-31;10:00:00;11:00:00;90.0
a8d2120d-8649-4d03-97dc-e384b935406c;96;Plaza Moraleja;2023-01-31;11:00:00;12:00:00;137.0
a8d2120d-8649-4d03-97dc-e384b935406c;96;Plaza Moraleja;2023-01-31;12:00:00;13:00:00;147.0
a8d2120d-8649-4d03-97dc-e384b935406c;96;Plaza Moraleja;2023-01-31;13:00:00;14:00:00;143.0
a8d2120d-8649-4d03-97dc-e384b935406c;96;Plaza Moraleja;2023-01-31;14:00:00;15:00:00;153.0
a8d2120d-8649-4d03-97dc-e384b935406c;96;Plaza Moraleja;2023-01-31;15:00:00;16:00:00;142.0
a8d2120d-8649-4d03-97dc-e384b935406c;96;Plaza Moraleja;2023-01-31;16:00:00;17:00:00;127.0
a8d2120d-8649-4d03-97dc-e384b935406c;96;Plaza Moraleja;2023-01-31;17:00:00;18:00:00;97.0
a8d2120d-8649-4d03-97dc-e384b935406c;96;Plaza Moraleja;2023-01-31;18:00:00;19:00:00;77.0
a8d2120d-8649-4d03-97dc-e384b935406c;96;Plaza Moraleja;2023-01-31;19:00:00;20:00:00;63.0
a8d2120d-8649-4d03-97dc-e384b935406c;96;Plaza Moraleja;2023-01-31;20:00:00;21:00:00;50.0
a8d2120d-8649-4d03-97dc-e384b935406c;96;Plaza Moraleja;2023-01-31;21:00:00;22:00:00;41.0
907fe0e5-f500-493f-92bd-3dfc70929688;41;Plaza Norte 2;2023-01-30;10:00:00;11:00:00;1869.0
907fe0e5-f500-493f-92bd-3dfc70929688;41;Plaza Norte 2;2023-01-30;11:00:00;12:00:00;2198.0
907fe0e5-f500-493f-92bd-3dfc70929688;41;Plaza Norte 2;2023-01-30;12:00:00;13:00:00;2763.0
907fe0e5-f500-493f-92bd-3dfc70929688;41;Plaza Norte 2;2023-01-30;13:00:00;14:00:00;2789.0
907fe0e5-f500-493f-92bd-3dfc70929688;41;Plaza Norte 2;2023-01-30;14:00:00;15:00:00;3024.0
907fe0e5-f500-493f-92bd-3dfc70929688;41;Plaza Norte 2;2023-01-30;15:00:00;16:00:00;2748.0
907fe0e5-f500-493f-92bd-3dfc70929688;41;Plaza Norte 2;2023-01-30;16:00:00;17:00:00;2642.0
907fe0e5-f500-493f-92bd-3dfc70929688;41;Plaza Norte 2;2023-01-30;17:00:00;18:00:00;2880.0
907fe0e5-f500-493f-92bd-3dfc70929688;41;Plaza Norte 2;2023-01-30;18:00:00;19:00:00;3348.0
907fe0e5-f500-493f-92bd-3dfc70929688;41;Plaza Norte 2;2023-01-30;19:00:00;20:00:00;3785.0
907fe0e5-f500-493f-92bd-3dfc70929688;41;Plaza Norte 2;2023-01-30;20:00:00;21:00:00;3075.0
907fe0e5-f500-493f-92bd-3dfc70929688;41;Plaza Norte 2;2023-01-30;21:00:00;22:00:00;2135.0
907fe0e5-f500-493f-92bd-3dfc70929688;41;Plaza Norte 2;2023-01-31;10:00:00;11:00:00;1934.0
907fe0e5-f500-493f-92bd-3dfc70929688;41;Plaza Norte 2;2023-01-31;11:00:00;12:00:00;2429.0
907fe0e5-f500-493f-92bd-3dfc70929688;41;Plaza Norte 2;2023-01-31;12:00:00;13:00:00;2634.0
907fe0e5-f500-493f-92bd-3dfc70929688;41;Plaza Norte 2;2023-01-31;13:00:00;14:00:00;2752.0
907fe0e5-f500-493f-92bd-3dfc70929688;41;Plaza Norte 2;2023-01-31;14:00:00;15:00:00;2919.0
907fe0e5-f500-493f-92bd-3dfc70929688;41;Plaza Norte 2;2023-01-31;15:00:00;16:00:00;2982.0
907fe0e5-f500-493f-92bd-3dfc70929688;41;Plaza Norte 2;2023-01-31;16:00:00;17:00:00;2899.0
907fe0e5-f500-493f-92bd-3dfc70929688;41;Plaza Norte 2;2023-01-31;17:00:00;18:00:00;3234.0
907fe0e5-f500-493f-92bd-3dfc70929688;41;Plaza Norte 2;2023-01-31;18:00:00;19:00:00;3625.0
907fe0e5-f500-493f-92bd-3dfc70929688;41;Plaza Norte 2;2023-01-31;19:00:00;20:00:00;3902.0
907fe0e5-f500-493f-92bd-3dfc70929688;41;Plaza Norte 2;2023-01-31;20:00:00;21:00:00;3364.0
907fe0e5-f500-493f-92bd-3dfc70929688;41;Plaza Norte 2;2023-01-31;21:00:00;22:00:00;2416.0
a292aa57-8504-407d-96f2-783b80fdc527;42;Plaza Río 2;2023-01-30;10:00:00;11:00:00;1582.0
a292aa57-8504-407d-96f2-783b80fdc527;42;Plaza Río 2;2023-01-30;11:00:00;12:00:00;2110.0
a292aa57-8504-407d-96f2-783b80fdc527;42;Plaza Río 2;2023-01-30;12:00:00;13:00:00;2198.0
a292aa57-8504-407d-96f2-783b80fdc527;42;Plaza Río 2;2023-01-30;13:00:00;14:00:00;2240.0
a292aa57-8504-407d-96f2-783b80fdc527;42;Plaza Río 2;2023-01-30;14:00:00;15:00:00;2285.0
a292aa57-8504-407d-96f2-783b80fdc527;42;Plaza Río 2;2023-01-30;15:00:00;16:00:00;2136.0
a292aa57-8504-407d-96f2-783b80fdc527;42;Plaza Río 2;2023-01-30;16:00:00;17:00:00;2146.0
a292aa57-8504-407d-96f2-783b80fdc527;42;Plaza Río 2;2023-01-30;17:00:00;18:00:00;2553.0
a292aa57-8504-407d-96f2-783b80fdc527;42;Plaza Río 2;2023-01-30;18:00:00;19:00:00;2824.0
a292aa57-8504-407d-96f2-783b80fdc527;42;Plaza Río 2;2023-01-30;19:00:00;20:00:00;2709.0
a292aa57-8504-407d-96f2-783b80fdc527;42;Plaza Río 2;2023-01-30;20:00:00;21:00:00;2531.0
a292aa57-8504-407d-96f2-783b80fdc527;42;Plaza Río 2;2023-01-30;21:00:00;22:00:00;2073.0
a292aa57-8504-407d-96f2-783b80fdc527;42;Plaza Río 2;2023-01-31;10:00:00;11:00:00;1646.0
a292aa57-8504-407d-96f2-783b80fdc527;42;Plaza Río 2;2023-01-31;11:00:00;12:00:00;2266.0
a292aa57-8504-407d-96f2-783b80fdc527;42;Plaza Río 2;2023-01-31;12:00:00;13:00:00;2327.0
a292aa57-8504-407d-96f2-783b80fdc527;42;Plaza Río 2;2023-01-31;13:00:00;14:00:00;2385.0
a292aa57-8504-407d-96f2-783b80fdc527;42;Plaza Río 2;2023-01-31;14:00:00;15:00:00;2366.0
a292aa57-8504-407d-96f2-783b80fdc527;42;Plaza Río 2;2023-01-31;15:00:00;16:00:00;2344.0
a292aa57-8504-407d-96f2-783b80fdc527;42;Plaza Río 2;2023-01-31;16:00:00;17:00:00;2238.0
a292aa57-8504-407d-96f2-783b80fdc527;42;Plaza Río 2;2023-01-31;17:00:00;18:00:00;2481.0
a292aa57-8504-407d-96f2-783b80fdc527;42;Plaza Río 2;2023-01-31;18:00:00;19:00:00;2707.0
a292aa57-8504-407d-96f2-783b80fdc527;42;Plaza Río 2;2023-01-31;19:00:00;20:00:00;2667.0
a292aa57-8504-407d-96f2-783b80fdc527;42;Plaza Río 2;2023-01-31;20:00:00;21:00:00;2488.0
a292aa57-8504-407d-96f2-783b80fdc527;42;Plaza Río 2;2023-01-31;21:00:00;22:00:00;2321.0
ae2b6114-0ded-4bef-b0cb-3c94c6571797;43;Portal de la Marina;2023-01-30;10:00:00;11:00:00;1219.0
ae2b6114-0ded-4bef-b0cb-3c94c6571797;43;Portal de la Marina;2023-01-30;11:00:00;12:00:00;1346.0
ae2b6114-0ded-4bef-b0cb-3c94c6571797;43;Portal de la Marina;2023-01-30;12:00:00;13:00:00;1522.0
ae2b6114-0ded-4bef-b0cb-3c94c6571797;43;Portal de la Marina;2023-01-30;13:00:00;14:00:00;1456.0
ae2b6114-0ded-4bef-b0cb-3c94c6571797;43;Portal de la Marina;2023-01-30;14:00:00;15:00:00;1427.0
ae2b6114-0ded-4bef-b0cb-3c94c6571797;43;Portal de la Marina;2023-01-30;15:00:00;16:00:00;1456.0
ae2b6114-0ded-4bef-b0cb-3c94c6571797;43;Portal de la Marina;2023-01-30;16:00:00;17:00:00;1594.0
ae2b6114-0ded-4bef-b0cb-3c94c6571797;43;Portal de la Marina;2023-01-30;17:00:00;18:00:00;1762.0
ae2b6114-0ded-4bef-b0cb-3c94c6571797;43;Portal de la Marina;2023-01-30;18:00:00;19:00:00;1908.0
ae2b6114-0ded-4bef-b0cb-3c94c6571797;43;Portal de la Marina;2023-01-30;19:00:00;20:00:00;1650.0
ae2b6114-0ded-4bef-b0cb-3c94c6571797;43;Portal de la Marina;2023-01-30;20:00:00;21:00:00;1260.0
ae2b6114-0ded-4bef-b0cb-3c94c6571797;43;Portal de la Marina;2023-01-30;21:00:00;22:00:00;852.0
ae2b6114-0ded-4bef-b0cb-3c94c6571797;43;Portal de la Marina;2023-01-31;10:00:00;11:00:00;1134.0
ae2b6114-0ded-4bef-b0cb-3c94c6571797;43;Portal de la Marina;2023-01-31;11:00:00;12:00:00;1299.0
ae2b6114-0ded-4bef-b0cb-3c94c6571797;43;Portal de la Marina;2023-01-31;12:00:00;13:00:00;1302.0
ae2b6114-0ded-4bef-b0cb-3c94c6571797;43;Portal de la Marina;2023-01-31;13:00:00;14:00:00;1352.0
ae2b6114-0ded-4bef-b0cb-3c94c6571797;43;Portal de la Marina;2023-01-31;14:00:00;15:00:00;1446.0
ae2b6114-0ded-4bef-b0cb-3c94c6571797;43;Portal de la Marina;2023-01-31;15:00:00;16:00:00;1388.0
ae2b6114-0ded-4bef-b0cb-3c94c6571797;43;Portal de la Marina;2023-01-31;16:00:00;17:00:00;1513.0
ae2b6114-0ded-4bef-b0cb-3c94c6571797;43;Portal de la Marina;2023-01-31;17:00:00;18:00:00;1685.0
ae2b6114-0ded-4bef-b0cb-3c94c6571797;43;Portal de la Marina;2023-01-31;18:00:00;19:00:00;1856.0
ae2b6114-0ded-4bef-b0cb-3c94c6571797;43;Portal de la Marina;2023-01-31;19:00:00;20:00:00;1649.0
ae2b6114-0ded-4bef-b0cb-3c94c6571797;43;Portal de la Marina;2023-01-31;20:00:00;21:00:00;1283.0
ae2b6114-0ded-4bef-b0cb-3c94c6571797;43;Portal de la Marina;2023-01-31;21:00:00;22:00:00;892.0
4173c481-8f24-413a-a53d-1432d966dddc;48;"San Sebastián de los Reyes The Style Outlets;";2023-01-30;10:00:00;11:00:00;1468.0
4173c481-8f24-413a-a53d-1432d966dddc;48;"San Sebastián de los Reyes The Style Outlets;";2023-01-30;11:00:00;12:00:00;1373.0
4173c481-8f24-413a-a53d-1432d966dddc;48;"San Sebastián de los Reyes The Style Outlets;";2023-01-30;12:00:00;13:00:00;1483.0
4173c481-8f24-413a-a53d-1432d966dddc;48;"San Sebastián de los Reyes The Style Outlets;";2023-01-30;13:00:00;14:00:00;1413.0
4173c481-8f24-413a-a53d-1432d966dddc;48;"San Sebastián de los Reyes The Style Outlets;";2023-01-30;14:00:00;15:00:00;1436.0
4173c481-8f24-413a-a53d-1432d966dddc;48;"San Sebastián de los Reyes The Style Outlets;";2023-01-30;15:00:00;16:00:00;1206.0
4173c481-8f24-413a-a53d-1432d966dddc;48;"San Sebastián de los Reyes The Style Outlets;";2023-01-30;16:00:00;17:00:00;1105.0
4173c481-8f24-413a-a53d-1432d966dddc;48;"San Sebastián de los Reyes The Style Outlets;";2023-01-30;17:00:00;18:00:00;1337.0
4173c481-8f24-413a-a53d-1432d966dddc;48;"San Sebastián de los Reyes The Style Outlets;";2023-01-30;18:00:00;19:00:00;1696.0
4173c481-8f24-413a-a53d-1432d966dddc;48;"San Sebastián de los Reyes The Style Outlets;";2023-01-30;19:00:00;20:00:00;1565.0
4173c481-8f24-413a-a53d-1432d966dddc;48;"San Sebastián de los Reyes The Style Outlets;";2023-01-30;20:00:00;21:00:00;1289.0
4173c481-8f24-413a-a53d-1432d966dddc;48;"San Sebastián de los Reyes The Style Outlets;";2023-01-30;21:00:00;22:00:00;812.0
4173c481-8f24-413a-a53d-1432d966dddc;48;"San Sebastián de los Reyes The Style Outlets;";2023-01-31;10:00:00;11:00:00;1622.0
4173c481-8f24-413a-a53d-1432d966dddc;48;"San Sebastián de los Reyes The Style Outlets;";2023-01-31;11:00:00;12:00:00;1479.0
4173c481-8f24-413a-a53d-1432d966dddc;48;"San Sebastián de los Reyes The Style Outlets;";2023-01-31;12:00:00;13:00:00;1554.0
4173c481-8f24-413a-a53d-1432d966dddc;48;"San Sebastián de los Reyes The Style Outlets;";2023-01-31;13:00:00;14:00:00;1443.0
4173c481-8f24-413a-a53d-1432d966dddc;48;"San Sebastián de los Reyes The Style Outlets;";2023-01-31;14:00:00;15:00:00;1506.0
4173c481-8f24-413a-a53d-1432d966dddc;48;"San Sebastián de los Reyes The Style Outlets;";2023-01-31;15:00:00;16:00:00;1246.0
4173c481-8f24-413a-a53d-1432d966dddc;48;"San Sebastián de los Reyes The Style Outlets;";2023-01-31;16:00:00;17:00:00;1168.0
4173c481-8f24-413a-a53d-1432d966dddc;48;"San Sebastián de los Reyes The Style Outlets;";2023-01-31;17:00:00;18:00:00;1373.0
4173c481-8f24-413a-a53d-1432d966dddc;48;"San Sebastián de los Reyes The Style Outlets;";2023-01-31;18:00:00;19:00:00;1555.0
4173c481-8f24-413a-a53d-1432d966dddc;48;"San Sebastián de los Reyes The Style Outlets;";2023-01-31;19:00:00;20:00:00;1582.0
4173c481-8f24-413a-a53d-1432d966dddc;48;"San Sebastián de los Reyes The Style Outlets;";2023-01-31;20:00:00;21:00:00;1306.0
4173c481-8f24-413a-a53d-1432d966dddc;48;"San Sebastián de los Reyes The Style Outlets;";2023-01-31;21:00:00;22:00:00;863.0
1ae5e620-424c-4dbe-8ec3-6dbd72584b9b;51;Valle Real;2023-01-30;10:00:00;11:00:00;1138.0
1ae5e620-424c-4dbe-8ec3-6dbd72584b9b;51;Valle Real;2023-01-30;11:00:00;12:00:00;1560.0
1ae5e620-424c-4dbe-8ec3-6dbd72584b9b;51;Valle Real;2023-01-30;12:00:00;13:00:00;1809.0
1ae5e620-424c-4dbe-8ec3-6dbd72584b9b;51;Valle Real;2023-01-30;13:00:00;14:00:00;1627.0
1ae5e620-424c-4dbe-8ec3-6dbd72584b9b;51;Valle Real;2023-01-30;14:00:00;15:00:00;1522.0
1ae5e620-424c-4dbe-8ec3-6dbd72584b9b;51;Valle Real;2023-01-30;15:00:00;16:00:00;1572.0
1ae5e620-424c-4dbe-8ec3-6dbd72584b9b;51;Valle Real;2023-01-30;16:00:00;17:00:00;1853.0
1ae5e620-424c-4dbe-8ec3-6dbd72584b9b;51;Valle Real;2023-01-30;17:00:00;18:00:00;1922.0
1ae5e620-424c-4dbe-8ec3-6dbd72584b9b;51;Valle Real;2023-01-30;18:00:00;19:00:00;2277.0
1ae5e620-424c-4dbe-8ec3-6dbd72584b9b;51;Valle Real;2023-01-30;19:00:00;20:00:00;2351.0
1ae5e620-424c-4dbe-8ec3-6dbd72584b9b;51;Valle Real;2023-01-30;20:00:00;21:00:00;1852.0
1ae5e620-424c-4dbe-8ec3-6dbd72584b9b;51;Valle Real;2023-01-30;21:00:00;22:00:00;1011.0
1ae5e620-424c-4dbe-8ec3-6dbd72584b9b;51;Valle Real;2023-01-31;10:00:00;11:00:00;1168.0
1ae5e620-424c-4dbe-8ec3-6dbd72584b9b;51;Valle Real;2023-01-31;11:00:00;12:00:00;1411.0
1ae5e620-424c-4dbe-8ec3-6dbd72584b9b;51;Valle Real;2023-01-31;12:00:00;13:00:00;1535.0
1ae5e620-424c-4dbe-8ec3-6dbd72584b9b;51;Valle Real;2023-01-31;13:00:00;14:00:00;1520.0
1ae5e620-424c-4dbe-8ec3-6dbd72584b9b;51;Valle Real;2023-01-31;14:00:00;15:00:00;1518.0
1ae5e620-424c-4dbe-8ec3-6dbd72584b9b;51;Valle Real;2023-01-31;15:00:00;16:00:00;1576.0
1ae5e620-424c-4dbe-8ec3-6dbd72584b9b;51;Valle Real;2023-01-31;16:00:00;17:00:00;2096.0
1ae5e620-424c-4dbe-8ec3-6dbd72584b9b;51;Valle Real;2023-01-31;17:00:00;18:00:00;2199.0
1ae5e620-424c-4dbe-8ec3-6dbd72584b9b;51;Valle Real;2023-01-31;18:00:00;19:00:00;2272.0
1ae5e620-424c-4dbe-8ec3-6dbd72584b9b;51;Valle Real;2023-01-31;19:00:00;20:00:00;2216.0
1ae5e620-424c-4dbe-8ec3-6dbd72584b9b;51;Valle Real;2023-01-31;20:00:00;21:00:00;1753.0
1ae5e620-424c-4dbe-8ec3-6dbd72584b9b;51;Valle Real;2023-01-31;21:00:00;22:00:00;1323.0
c42f0753-e80d-4354-abe3-9e7fe5dd7600;54;Zubiarte;2023-01-30;10:00:00;11:00:00;2742.0
c42f0753-e80d-4354-abe3-9e7fe5dd7600;54;Zubiarte;2023-01-30;11:00:00;12:00:00;3224.0
c42f0753-e80d-4354-abe3-9e7fe5dd7600;54;Zubiarte;2023-01-30;12:00:00;13:00:00;3145.0
c42f0753-e80d-4354-abe3-9e7fe5dd7600;54;Zubiarte;2023-01-30;13:00:00;14:00:00;3376.0
c42f0753-e80d-4354-abe3-9e7fe5dd7600;54;Zubiarte;2023-01-30;14:00:00;15:00:00;3118.0
c42f0753-e80d-4354-abe3-9e7fe5dd7600;54;Zubiarte;2023-01-30;15:00:00;16:00:00;2849.0
c42f0753-e80d-4354-abe3-9e7fe5dd7600;54;Zubiarte;2023-01-30;16:00:00;17:00:00;2951.0
c42f0753-e80d-4354-abe3-9e7fe5dd7600;54;Zubiarte;2023-01-30;17:00:00;18:00:00;3153.0
c42f0753-e80d-4354-abe3-9e7fe5dd7600;54;Zubiarte;2023-01-30;18:00:00;19:00:00;3528.0
c42f0753-e80d-4354-abe3-9e7fe5dd7600;54;Zubiarte;2023-01-30;19:00:00;20:00:00;3641.0
c42f0753-e80d-4354-abe3-9e7fe5dd7600;54;Zubiarte;2023-01-30;20:00:00;21:00:00;2508.0
c42f0753-e80d-4354-abe3-9e7fe5dd7600;54;Zubiarte;2023-01-30;21:00:00;22:00:00;1761.0
c42f0753-e80d-4354-abe3-9e7fe5dd7600;54;Zubiarte;2023-01-31;10:00:00;11:00:00;2672.0
c42f0753-e80d-4354-abe3-9e7fe5dd7600;54;Zubiarte;2023-01-31;11:00:00;12:00:00;2955.0
c42f0753-e80d-4354-abe3-9e7fe5dd7600;54;Zubiarte;2023-01-31;12:00:00;13:00:00;2877.0
c42f0753-e80d-4354-abe3-9e7fe5dd7600;54;Zubiarte;2023-01-31;13:00:00;14:00:00;3210.0
c42f0753-e80d-4354-abe3-9e7fe5dd7600;54;Zubiarte;2023-01-31;14:00:00;15:00:00;3395.0
c42f0753-e80d-4354-abe3-9e7fe5dd7600;54;Zubiarte;2023-01-31;15:00:00;16:00:00;3286.0
c42f0753-e80d-4354-abe3-9e7fe5dd7600;54;Zubiarte;2023-01-31;16:00:00;17:00:00;2512.0
c42f0753-e80d-4354-abe3-9e7fe5dd7600;54;Zubiarte;2023-01-31;17:00:00;18:00:00;2937.0
c42f0753-e80d-4354-abe3-9e7fe5dd7600;54;Zubiarte;2023-01-31;18:00:00;19:00:00;3401.0
c42f0753-e80d-4354-abe3-9e7fe5dd7600;54;Zubiarte;2023-01-31;19:00:00;20:00:00;3483.0
c42f0753-e80d-4354-abe3-9e7fe5dd7600;54;Zubiarte;2023-01-31;20:00:00;21:00:00;2904.0
c42f0753-e80d-4354-abe3-9e7fe5dd7600;54;Zubiarte;2023-01-31;21:00:00;22:00:00;1866.0
d04597e6-51fd-457d-a302-12e381a71361;7;Ànecblau;2023-01-30;10:00:00;11:00:00;1851.0
d04597e6-51fd-457d-a302-12e381a71361;7;Ànecblau;2023-01-30;11:00:00;12:00:00;1836.0
d04597e6-51fd-457d-a302-12e381a71361;7;Ànecblau;2023-01-30;12:00:00;13:00:00;1781.0
d04597e6-51fd-457d-a302-12e381a71361;7;Ànecblau;2023-01-30;13:00:00;14:00:00;1731.0
d04597e6-51fd-457d-a302-12e381a71361;7;Ànecblau;2023-01-30;14:00:00;15:00:00;1770.0
d04597e6-51fd-457d-a302-12e381a71361;7;Ànecblau;2023-01-30;15:00:00;16:00:00;1972.0
d04597e6-51fd-457d-a302-12e381a71361;7;Ànecblau;2023-01-30;16:00:00;17:00:00;1741.0
d04597e6-51fd-457d-a302-12e381a71361;7;Ànecblau;2023-01-30;17:00:00;18:00:00;1904.0
d04597e6-51fd-457d-a302-12e381a71361;7;Ànecblau;2023-01-30;18:00:00;19:00:00;2121.0
d04597e6-51fd-457d-a302-12e381a71361;7;Ànecblau;2023-01-30;19:00:00;20:00:00;2008.0
d04597e6-51fd-457d-a302-12e381a71361;7;Ànecblau;2023-01-30;20:00:00;21:00:00;1815.0
d04597e6-51fd-457d-a302-12e381a71361;7;Ànecblau;2023-01-30;21:00:00;22:00:00;1569.0
d04597e6-51fd-457d-a302-12e381a71361;7;Ànecblau;2023-01-31;10:00:00;11:00:00;1889.0
d04597e6-51fd-457d-a302-12e381a71361;7;Ànecblau;2023-01-31;11:00:00;12:00:00;2087.0
d04597e6-51fd-457d-a302-12e381a71361;7;Ànecblau;2023-01-31;12:00:00;13:00:00;1931.0
d04597e6-51fd-457d-a302-12e381a71361;7;Ànecblau;2023-01-31;13:00:00;14:00:00;1852.0
d04597e6-51fd-457d-a302-12e381a71361;7;Ànecblau;2023-01-31;14:00:00;15:00:00;1835.0
d04597e6-51fd-457d-a302-12e381a71361;7;Ànecblau;2023-01-31;15:00:00;16:00:00;1784.0
d04597e6-51fd-457d-a302-12e381a71361;7;Ànecblau;2023-01-31;16:00:00;17:00:00;1693.0
d04597e6-51fd-457d-a302-12e381a71361;7;Ànecblau;2023-01-31;17:00:00;18:00:00;1867.0
d04597e6-51fd-457d-a302-12e381a71361;7;Ànecblau;2023-01-31;18:00:00;19:00:00;2160.0
d04597e6-51fd-457d-a302-12e381a71361;7;Ànecblau;2023-01-31;19:00:00;20:00:00;2143.0
d04597e6-51fd-457d-a302-12e381a71361;7;Ànecblau;2023-01-31;20:00:00;21:00:00;1901.0
d04597e6-51fd-457d-a302-12e381a71361;7;Ànecblau;2023-01-31;21:00:00;22:00:00;1761.0
c52d5f56-1f93-40dd-a167-d60d9a103807;55;Área Sur;2023-01-30;10:00:00;11:00:00;839.0
c52d5f56-1f93-40dd-a167-d60d9a103807;55;Área Sur;2023-01-30;11:00:00;12:00:00;1316.0
c52d5f56-1f93-40dd-a167-d60d9a103807;55;Área Sur;2023-01-30;12:00:00;13:00:00;1493.0
c52d5f56-1f93-40dd-a167-d60d9a103807;55;Área Sur;2023-01-30;13:00:00;14:00:00;1593.0
c52d5f56-1f93-40dd-a167-d60d9a103807;55;Área Sur;2023-01-30;14:00:00;15:00:00;1393.0
c52d5f56-1f93-40dd-a167-d60d9a103807;55;Área Sur;2023-01-30;15:00:00;16:00:00;1507.0
c52d5f56-1f93-40dd-a167-d60d9a103807;55;Área Sur;2023-01-30;16:00:00;17:00:00;1505.0
c52d5f56-1f93-40dd-a167-d60d9a103807;55;Área Sur;2023-01-30;17:00:00;18:00:00;1861.0
c52d5f56-1f93-40dd-a167-d60d9a103807;55;Área Sur;2023-01-30;18:00:00;19:00:00;2168.0
c52d5f56-1f93-40dd-a167-d60d9a103807;55;Área Sur;2023-01-30;19:00:00;20:00:00;2105.0
c52d5f56-1f93-40dd-a167-d60d9a103807;55;Área Sur;2023-01-30;20:00:00;21:00:00;1831.0
c52d5f56-1f93-40dd-a167-d60d9a103807;55;Área Sur;2023-01-30;21:00:00;22:00:00;1134.0
c52d5f56-1f93-40dd-a167-d60d9a103807;55;Área Sur;2023-01-31;10:00:00;11:00:00;999.0
c52d5f56-1f93-40dd-a167-d60d9a103807;55;Área Sur;2023-01-31;11:00:00;12:00:00;1587.0
c52d5f56-1f93-40dd-a167-d60d9a103807;55;Área Sur;2023-01-31;12:00:00;13:00:00;1821.0
c52d5f56-1f93-40dd-a167-d60d9a103807;55;Área Sur;2023-01-31;13:00:00;14:00:00;1454.0
c52d5f56-1f93-40dd-a167-d60d9a103807;55;Área Sur;2023-01-31;14:00:00;15:00:00;1331.0
c52d5f56-1f93-40dd-a167-d60d9a103807;55;Área Sur;2023-01-31;15:00:00;16:00:00;1149.0
c52d5f56-1f93-40dd-a167-d60d9a103807;55;Área Sur;2023-01-31;16:00:00;17:00:00;1448.0
c52d5f56-1f93-40dd-a167-d60d9a103807;55;Área Sur;2023-01-31;17:00:00;18:00:00;1722.0
c52d5f56-1f93-40dd-a167-d60d9a103807;55;Área Sur;2023-01-31;18:00:00;19:00:00;2209.0
c52d5f56-1f93-40dd-a167-d60d9a103807;55;Área Sur;2023-01-31;19:00:00;20:00:00;2291.0
c52d5f56-1f93-40dd-a167-d60d9a103807;55;Área Sur;2023-01-31;20:00:00;21:00:00;1878.0
c52d5f56-1f93-40dd-a167-d60d9a103807;55;Área Sur;2023-01-31;21:00:00;22:00:00;1017.0
