screen_id,0-0,0-1,0-2,0-3,0-4,0-5,0-6,0-7,0-8,0-9,0-10,0-11,0-12,0-13,0-14,0-15,0-16,0-17,0-18,0-19,0-20,0-21,0-22,0-23,1-0,1-1,1-2,1-3,1-4,1-5,1-6,1-7,1-8,1-9,1-10,1-11,1-12,1-13,1-14,1-15,1-16,1-17,1-18,1-19,1-20,1-21,1-22,1-23,2-0,2-1,2-2,2-3,2-4,2-5,2-6,2-7,2-8,2-9,2-10,2-11,2-12,2-13,2-14,2-15,2-16,2-17,2-18,2-19,2-20,2-21,2-22,2-23,3-0,3-1,3-2,3-3,3-4,3-5,3-6,3-7,3-8,3-9,3-10,3-11,3-12,3-13,3-14,3-15,3-16,3-17,3-18,3-19,3-20,3-21,3-22,3-23,4-0,4-1,4-2,4-3,4-4,4-5,4-6,4-7,4-8,4-9,4-10,4-11,4-12,4-13,4-14,4-15,4-16,4-17,4-18,4-19,4-20,4-21,4-22,4-23,5-0,5-1,5-2,5-3,5-4,5-5,5-6,5-7,5-8,5-9,5-10,5-11,5-12,5-13,5-14,5-15,5-16,5-17,5-18,5-19,5-20,5-21,5-22,5-23,6-0,6-1,6-2,6-3,6-4,6-5,6-6,6-7,6-8,6-9,6-10,6-11,6-12,6-13,6-14,6-15,6-16,6-17,6-18,6-19,6-20,6-21,6-22,6-23
145445900,0,0,0,0,0,0,0,0,0,0,39.24,45.72,50.760000000000005,47.28,49.199999999999996,45.599999999999994,42.0,45.12,49.32000000000001,47.64,46.44,39.480000000000004,0,0,0,0,0,0,0,0,0,0,0,0,37.92,45.0,44.28,46.56,42.839999999999996,42.36,42.599999999999994,46.2,22.56,22.080000000000002,23.04,48.36,0,0,0,0,0,0,0,0,0,0,0,0,37.44,43.44,46.92,43.44,45.96,44.04,42.599999999999994,43.2,48.599999999999994,50.88,50.88,39.36,0,0,0,0,0,0,0,0,0,0,0,0,39.480000000000004,44.64,44.400000000000006,44.64,48.0,47.76,46.32,45.12,46.92,44.04,45.480000000000004,40.68,0,0,0,0,0,0,0,0,0,0,0,0,36.0,42.36,47.160000000000004,46.2,43.8,42.36,44.76,46.92,53.28,57.84,52.199999999999996,41.88,0,0,0,0,0,0,0,0,0,0,0,0,39.24,46.32,56.64,56.519999999999996,48.72,43.2,48.36,55.67999999999999,56.88,61.199999999999996,61.08,51.599999999999994,0,0,0,0,0,0,0,0,0,0,0,0,43.2,49.08,54.599999999999994,54.480000000000004,54.36,50.28,49.92,54.599999999999994,59.04,60.12,58.56,49.800000000000004,0,0
175741736,0,0,0,0,0,0,0,0,0,0,28.200000000000003,28.56,27.48,29.52,28.32,30.0,28.32,28.92,35.400000000000006,36.0,32.04,28.44,0,0,0,0,0,0,0,0,0,0,0,0,30.36,32.04,30.599999999999998,30.599999999999998,31.08,29.64,32.160000000000004,36.480000000000004,17.28,17.28,17.28,37.2,0,0,0,0,0,0,0,0,0,0,0,0,32.28,32.88,32.04,29.52,31.08,30.839999999999996,31.32,31.44,38.28,38.400000000000006,36.480000000000004,33.72,0,0,0,0,0,0,0,0,0,0,0,0,29.400000000000002,32.64,30.48,30.0,32.160000000000004,30.96,34.68,35.64,34.8,41.519999999999996,40.32,32.04,0,0,0,0,0,0,0,0,0,0,0,0,29.880000000000003,35.88,36.96,33.36,33.599999999999994,35.76,34.8,36.36,44.160000000000004,45.0,44.76,38.519999999999996,0,0,0,0,0,0,0,0,0,0,0,0,30.599999999999998,40.32,50.400000000000006,52.56,48.480000000000004,43.2,37.68,41.28,43.8,51.599999999999994,55.199999999999996,57.480000000000004,0,0,0,0,0,0,0,0,0,0,0,0,30.119999999999997,32.64,35.400000000000006,38.88,37.44,47.160000000000004,32.88,31.200000000000003,30.48,30.36,28.56,32.04,0,0
218493063,0,0,0,0,0,0,0,0,0,0,8.16,14.4,14.72,18.32,19.12,19.84,19.12,17.44,18.48,18.88,21.68,32.72,0,0,0,0,0,0,0,0,0,0,0,0,8.64,14.96,14.48,17.92,19.52,19.44,17.92,17.04,8.88,8.32,10.64,38.0,0,0,0,0,0,0,0,0,0,0,0,0,10.16,15.52,15.92,18.96,21.12,21.44,19.92,18.08,18.8,17.84,22.56,37.92,0,0,0,0,0,0,0,0,0,0,0,0,9.92,19.2,19.68,23.84,24.56,23.44,23.44,23.12,28.08,25.68,30.32,42.48,0,0,0,0,0,0,0,0,0,0,0,0,7.92,15.44,16.08,18.96,19.28,20.56,20.72,20.64,22.16,21.44,20.96,39.6,0,0,0,0,0,0,0,0,0,0,0,0,10.16,21.12,25.36,33.04,30.48,28.4,29.28,27.44,32.96,36.48,39.92,54.08,0,0,0,0,0,0,0,0,0,0,0,0,9.04,22.08,27.36,33.92,34.56,31.44,34.08,28.48,26.24,24.24,26.56,38.64,0,0
199398459,0,0,0,0,0,0,0,0,0,0,29.900000000000002,27.400000000000002,27.3,27.1,14.9,13.899999999999999,15.600000000000001,17.2,19.9,16.5,16.0,11.299999999999999,0,0,0,0,0,0,0,0,0,0,0,0,33.199999999999996,32.400000000000006,24.5,21.099999999999998,13.100000000000001,17.2,17.4,16.7,9.399999999999999,7.9,10.2,14.2,0,0,0,0,0,0,0,0,0,0,0,0,25.8,19.7,17.7,16.299999999999997,10.9,7.9,7.5,9.399999999999999,8.8,7.9,8.4,8.2,0,0,0,0,0,0,0,0,0,0,0,0,25.6,20.9,22.5,21.099999999999998,14.6,11.200000000000001,12.0,15.2,18.799999999999997,13.899999999999999,15.4,11.5,0,0,0,0,0,0,0,0,0,0,0,0,25.2,24.8,24.700000000000003,19.8,15.1,12.2,11.299999999999999,15.600000000000001,17.7,15.3,13.899999999999999,13.0,0,0,0,0,0,0,0,0,0,0,0,0,14.6,18.400000000000002,17.4,19.3,20.099999999999998,21.7,20.6,20.7,22.599999999999998,24.700000000000003,23.5,19.2,0,0,0,0,0,0,0,0,0,0,0,0,19.099999999999998,19.2,19.6,19.099999999999998,14.0,12.6,12.6,14.5,15.4,13.200000000000001,12.8,10.3,0,0
136035969,0,0,0,0,0,0,0,0,0,0,61.44,63.68,67.52,74.24,67.2,70.24,69.6,69.92,76.48,71.04,67.2,62.08,0,0,0,0,0,0,0,0,0,0,0,0,64.48,64.64,60.48,68.8,63.52,55.2,62.24,62.88,33.44,33.44,34.56,78.88,0,0,0,0,0,0,0,0,0,0,0,0,59.52,59.04,63.84,61.44,64.0,57.12,54.56,57.6,57.44,66.4,67.84,67.2,0,0,0,0,0,0,0,0,0,0,0,0,67.68,69.12,71.36,75.52,73.76,61.6,55.84,68.64,73.92,78.88,75.68,65.92,0,0,0,0,0,0,0,0,0,0,0,0,70.24,66.24,68.64,66.72,67.68,67.04,58.24,70.88,78.4,78.56,81.76,72.0,0,0,0,0,0,0,0,0,0,0,0,0,65.92,68.48,73.76,72.16,74.88,79.68,75.68,82.24,90.56,89.76,91.2,87.84,0,0,0,0,0,0,0,0,0,0,0,0,64.0,75.04,78.56,80.96,82.24,84.96,78.4,80.8,88.96,88.96,84.32,79.52,0,0
446147925,0,0,0,0,0,0,0,0,0,0,24.72,43.2,58.92,56.88,53.04,49.44,53.400000000000006,57.96,63.480000000000004,70.19999999999999,58.32000000000001,37.56,0,0,0,0,0,0,0,0,0,0,0,0,34.68,41.519999999999996,46.68,35.88,32.76,30.72,44.88,51.0,24.36,24.36,24.36,53.04,0,0,0,0,0,0,0,0,0,0,0,0,25.68,45.480000000000004,46.08,36.96,37.8,35.519999999999996,39.24,43.8,58.08,63.480000000000004,60.96,34.08,0,0,0,0,0,0,0,0,0,0,0,0,30.0,44.88,42.96,38.76,43.2,47.04,40.2,44.04,57.96,75.48,70.32000000000001,48.0,0,0,0,0,0,0,0,0,0,0,0,0,22.32,40.44,41.64,38.88,38.400000000000006,38.04,44.519999999999996,52.800000000000004,66.48,76.44,81.84,70.44,0,0,0,0,0,0,0,0,0,0,0,0,19.919999999999998,50.16,85.32000000000001,107.52000000000001,97.32,93.84,93.6,101.16,112.19999999999999,130.32,124.08,93.12,0,0,0,0,0,0,0,0,0,0,0,0,18.0,29.880000000000003,37.68,37.92,35.28,34.44,38.76,44.04,48.84,51.96,47.76,32.400000000000006,0,0
68498042,0,0,0,0,0,0,0,0,0,0,51.04,56.32,61.92,64.8,66.24,63.36,57.6,70.56,71.36,71.2,67.04,66.72,0,0,0,0,0,0,0,0,0,0,0,0,55.2,57.12,60.96,65.44,69.92,69.92,62.08,61.28,25.76,25.6,26.4,63.84,0,0,0,0,0,0,0,0,0,0,0,0,59.36,60.96,58.72,68.16,76.0,72.0,67.68,74.72,81.12,79.52,72.32,71.68,0,0,0,0,0,0,0,0,0,0,0,0,61.76,71.04,70.88,78.08,84.32,73.92,67.36,71.2,74.72,71.04,74.56,69.28,0,0,0,0,0,0,0,0,0,0,0,0,60.96,66.08,66.24,79.36,82.88,75.84,84.48,90.72,100.32,102.24,98.08,88.48,0,0,0,0,0,0,0,0,0,0,0,0,82.4,96.64,99.68,101.6,90.24,82.24,89.76,110.56,159.2,263.68,481.28,467.04,0,0,0,0,0,0,0,0,0,0,0,0,4.64,76.96,89.6,95.52,86.56,77.12,85.28,88.64,98.08,100.16,89.92,44.64,0,0
220116423,0,0,0,0,0,0,0,0,0,0,32.199999999999996,42.84,50.120000000000005,48.44,44.94,41.72,45.5,53.06,62.160000000000004,65.66000000000001,54.879999999999995,34.44,0,0,0,0,0,0,0,0,0,0,0,0,30.66,40.6,47.46,46.06,42.56,39.620000000000005,43.120000000000005,50.4,59.08,62.300000000000004,52.080000000000005,32.76,0,0,0,0,0,0,0,0,0,0,0,0,31.5,41.86,49.0,47.32,43.96,40.74,44.379999999999995,51.94,60.89999999999999,64.25999999999999,53.620000000000005,33.74,0,0,0,0,0,0,0,0,0,0,0,0,29.400000000000002,39.06,45.64,44.1,40.879999999999995,37.94,41.44,48.300000000000004,56.699999999999996,59.779999999999994,49.98,31.360000000000003,0,0,0,0,0,0,0,0,0,0,0,0,31.360000000000003,41.580000000000005,48.72,47.04,43.68,40.6,44.24,51.52,60.480000000000004,63.839999999999996,53.34,33.46,0,0,0,0,0,0,0,0,0,0,0,0,49.14,65.10000000000001,76.16000000000001,73.78,68.32,63.42,69.16000000000001,80.78,94.64,99.82,83.44,52.36,0,0,0,0,0,0,0,0,0,0,0,0,38.78,51.52,60.199999999999996,58.24,53.9,50.120000000000005,54.6,63.699999999999996,74.75999999999999,78.82,65.94,41.44,0,0
160062257,0,0,0,0,0,0,0,0,0,0,13.620000000000001,13.98,13.68,11.64,12.0,8.76,9.899999999999999,8.94,8.879999999999999,6.959999999999999,6.300000000000001,8.94,0,0,0,0,0,0,0,0,0,0,0,0,15.299999999999999,15.419999999999998,14.34,12.78,13.200000000000001,8.94,10.92,10.2,6.959999999999999,5.76,5.699999999999999,12.120000000000001,0,0,0,0,0,0,0,0,0,0,0,0,15.419999999999998,15.48,14.52,12.419999999999998,13.98,10.08,10.86,9.72,10.44,7.86,7.5,9.78,0,0,0,0,0,0,0,0,0,0,0,0,13.919999999999998,14.100000000000001,13.02,11.52,12.96,8.76,10.56,9.84,9.48,7.4399999999999995,7.08,8.879999999999999,0,0,0,0,0,0,0,0,0,0,0,0,12.299999999999999,12.120000000000001,11.52,10.8,11.399999999999999,9.3,8.52,7.800000000000001,7.02,6.18,6.84,8.28,0,0,0,0,0,0,0,0,0,0,0,0,8.459999999999999,8.399999999999999,8.28,8.040000000000001,8.76,8.64,8.22,9.0,9.600000000000001,8.28,8.16,8.7,0,0,0,0,0,0,0,0,0,0,0,0,6.36,9.78,9.78,9.120000000000001,10.14,10.26,10.02,11.459999999999999,10.74,10.02,9.600000000000001,7.5600000000000005,0,0
797105360,0,0,0,0,0,0,0,0,0,0,7.5,6.66,6.300000000000001,7.26,6.66,5.46,5.58,6.18,6.300000000000001,5.5200000000000005,5.04,8.7,0,0,0,0,0,0,0,0,0,0,0,0,7.98,8.7,7.800000000000001,6.0600000000000005,6.48,5.46,5.9399999999999995,6.300000000000001,3.18,2.94,3.0,9.66,0,0,0,0,0,0,0,0,0,0,0,0,7.02,7.08,6.720000000000001,6.42,6.540000000000001,5.46,5.5200000000000005,5.76,5.64,5.34,5.76,10.379999999999999,0,0,0,0,0,0,0,0,0,0,0,0,7.5,7.199999999999999,7.5,7.02,6.540000000000001,5.5200000000000005,5.64,6.0600000000000005,6.24,5.34,4.92,7.32,0,0,0,0,0,0,0,0,0,0,0,0,6.959999999999999,8.34,7.32,6.66,7.14,5.46,5.34,4.86,5.4,4.92,6.18,9.24,0,0,0,0,0,0,0,0,0,0,0,0,4.5600000000000005,4.4399999999999995,5.16,4.74,5.82,4.92,4.26,4.32,4.86,5.5200000000000005,6.48,11.34,0,0,0,0,0,0,0,0,0,0,0,0,4.08,4.5,5.1,4.92,6.36,6.48,5.699999999999999,5.9399999999999995,5.699999999999999,5.22,4.62,8.22,0,0
626540036,0,0,0,0,0,0,0,0,0,0,29.04,36.0,36.72,48.36,56.88,53.519999999999996,48.0,51.0,61.92,66.12,70.56,62.16,0,0,0,0,0,0,0,0,0,0,0,0,29.160000000000004,35.64,43.92,56.88,67.80000000000001,54.12,50.519999999999996,69.72,33.72,33.72,34.2,93.6,0,0,0,0,0,0,0,0,0,0,0,0,30.48,39.96,44.64,57.12,71.64,63.12,67.44,85.80000000000001,102.24,135.72,170.16,184.44,0,0,0,0,0,0,0,0,0,0,0,0,30.599999999999998,41.160000000000004,49.56,53.519999999999996,64.92,62.28,58.67999999999999,78.36,92.64,108.12,121.44,123.12,0,0,0,0,0,0,0,0,0,0,0,0,26.759999999999998,40.2,47.64,54.96,52.800000000000004,53.64,55.56,66.12,77.88,96.24,129.60000000000002,154.92000000000002,0,0,0,0,0,0,0,0,0,0,0,0,27.839999999999996,44.04,54.480000000000004,70.80000000000001,82.56,78.12,85.56,88.67999999999999,97.92,106.08,108.35999999999999,116.03999999999999,0,0,0,0,0,0,0,0,0,0,0,0,32.04,44.64,51.84,54.12,56.28,54.0,56.16,64.44,73.56,82.80000000000001,82.56,70.80000000000001,0,0
498962714,0,0,0,0,0,0,0,0,0,0,0.88,0.77,1.1,0.99,1.1,1.1,0.99,0.77,0.55,0.77,0.44,0.0,0,0,0,0,0,0,0,0,0,0,0,0,0.55,0.55,0.55,0.6599999999999999,0.88,0.6599999999999999,0.55,0.88,0.44,0.44,0.55,0.22,0,0,0,0,0,0,0,0,0,0,0,0,0.44,0.99,0.44,0.99,0.55,0.6599999999999999,0.88,0.55,0.44,0.44,0.44,0.11,0,0,0,0,0,0,0,0,0,0,0,0,0.6599999999999999,0.6599999999999999,0.88,1.1,2.09,0.77,0.77,0.99,0.99,2.6399999999999997,0.99,0.11,0,0,0,0,0,0,0,0,0,0,0,0,0.55,0.44,0.55,0.88,0.99,2.09,0.55,0.77,0.77,0.6599999999999999,0.55,0.11,0,0,0,0,0,0,0,0,0,0,0,0,0.6599999999999999,0.6599999999999999,0.32999999999999996,0.99,1.1,1.1,0.55,0.55,0.44,0.55,0.44,0.0,0,0,0,0,0,0,0,0,0,0,0,0,0.55,0.6599999999999999,0.6599999999999999,0.6599999999999999,0.55,0.55,0.77,0.55,0.88,0.88,0.55,0.11,0,0
251312098,0,0,0,0,0,0,0,0,0,0,12.330000000000002,12.87,13.14,13.950000000000001,16.02,13.950000000000001,16.11,17.91,15.84,17.099999999999998,13.59,13.049999999999999,0,0,0,0,0,0,0,0,0,0,0,0,13.049999999999999,16.29,18.0,18.0,16.740000000000002,13.68,14.31,17.46,9.9,9.9,10.53,15.48,0,0,0,0,0,0,0,0,0,0,0,0,15.209999999999999,16.47,18.36,17.64,15.48,15.03,17.55,18.81,16.919999999999998,15.75,13.86,14.49,0,0,0,0,0,0,0,0,0,0,0,0,15.75,17.91,15.39,16.29,15.03,14.580000000000002,14.22,15.39,13.59,14.31,13.950000000000001,10.62,0,0,0,0,0,0,0,0,0,0,0,0,15.48,19.349999999999998,20.88,17.099999999999998,15.299999999999999,16.830000000000002,16.11,19.8,17.37,18.089999999999996,15.299999999999999,11.97,0,0,0,0,0,0,0,0,0,0,0,0,14.94,16.740000000000002,18.36,21.69,20.43,11.97,11.97,13.049999999999999,13.32,13.950000000000001,13.23,11.07,0,0,0,0,0,0,0,0,0,0,0,0,15.84,14.94,14.76,12.419999999999998,16.560000000000002,12.51,12.24,11.790000000000001,10.89,13.41,13.14,11.25,0,0
827130465,0,0,0,0,0,0,0,0,0,0,8.47,9.24,8.58,7.92,7.92,8.14,7.15,11.33,11.11,10.34,8.690000000000001,7.92,0,0,0,0,0,0,0,0,0,0,0,0,9.02,9.57,8.58,8.14,7.48,7.48,6.16,10.559999999999999,6.16,5.17,4.29,8.03,0,0,0,0,0,0,0,0,0,0,0,0,8.47,8.690000000000001,9.24,7.59,7.37,8.8,7.04,12.87,12.21,10.78,8.58,8.25,0,0,0,0,0,0,0,0,0,0,0,0,10.45,10.559999999999999,9.57,9.68,10.45,10.67,9.790000000000001,13.09,14.74,12.979999999999999,10.23,9.35,0,0,0,0,0,0,0,0,0,0,0,0,9.9,9.790000000000001,10.34,10.120000000000001,10.559999999999999,10.120000000000001,10.45,13.09,14.3,13.42,11.770000000000001,11.11,0,0,0,0,0,0,0,0,0,0,0,0,14.63,17.380000000000003,16.39,14.74,11.55,9.68,10.23,16.94,18.15,14.74,13.64,11.440000000000001,0,0,0,0,0,0,0,0,0,0,0,0,9.9,10.120000000000001,10.34,10.01,8.91,8.25,8.36,12.54,13.53,12.21,9.459999999999999,8.25,0,0
349641896,0,0,0,0,0,0,0,0,0,0,21.84,22.75,24.310000000000002,23.92,25.09,26.129999999999995,23.92,26.129999999999995,25.48,24.05,23.400000000000002,28.21,0,0,0,0,0,0,0,0,0,0,0,0,29.51,31.07,31.98,31.46,33.67,35.879999999999995,40.949999999999996,42.51,22.36,21.97,22.099999999999998,46.28,0,0,0,0,0,0,0,0,0,0,0,0,31.2,31.72,33.41,30.810000000000002,35.75,35.23,34.84,40.949999999999996,43.94,43.29,40.43,37.83,0,0,0,0,0,0,0,0,0,0,0,0,29.51,32.11,31.98,30.939999999999998,33.800000000000004,33.54,34.71,39.52,45.629999999999995,45.76,41.86,38.35,0,0,0,0,0,0,0,0,0,0,0,0,30.55,33.54,35.23,33.02,33.54,34.84,34.19,37.050000000000004,43.94,44.59,53.04,43.68,0,0,0,0,0,0,0,0,0,0,0,0,39.129999999999995,46.02,49.01,48.879999999999995,52.65,42.9,41.08,48.75,52.52,52.65,58.370000000000005,55.379999999999995,0,0,0,0,0,0,0,0,0,0,0,0,1.95,21.189999999999998,23.01,25.74,21.84,16.900000000000002,15.469999999999999,15.99,15.209999999999999,15.209999999999999,20.8,21.32,0,0
205043388,0,0,0,0,0,0,0,0,0,0,12.959999999999999,14.4,14.4,14.669999999999998,16.38,14.85,17.189999999999998,20.25,17.009999999999998,18.089999999999996,18.0,17.82,0,0,0,0,0,0,0,0,0,0,0,0,15.84,15.12,15.48,15.12,16.47,17.64,19.080000000000002,21.419999999999998,11.790000000000001,11.61,11.61,20.88,0,0,0,0,0,0,0,0,0,0,0,0,15.75,14.94,15.93,15.75,18.54,18.089999999999996,16.11,18.99,18.99,18.54,19.26,19.349999999999998,0,0,0,0,0,0,0,0,0,0,0,0,17.73,17.28,17.189999999999998,18.18,21.78,17.91,17.64,20.61,22.77,21.87,21.599999999999998,21.330000000000002,0,0,0,0,0,0,0,0,0,0,0,0,19.8,20.25,18.0,18.900000000000002,20.7,19.169999999999998,18.99,21.24,23.94,25.02,24.3,21.78,0,0,0,0,0,0,0,0,0,0,0,0,21.150000000000002,21.06,20.43,19.71,19.62,18.54,23.400000000000002,26.37,25.919999999999998,26.910000000000004,27.81,26.37,0,0,0,0,0,0,0,0,0,0,0,0,16.560000000000002,19.71,27.900000000000002,31.14,28.26,24.660000000000004,23.76,23.94,24.839999999999996,27.27,22.14,24.39,0,0
740683771,0,0,0,0,0,0,0,0,0,0,56.2,61.1,67.1,62.5,59.2,55.300000000000004,61.2,60.7,62.1,72.1,72.69999999999999,60.199999999999996,0,0,0,0,0,0,0,0,0,0,0,0,51.4,60.8,62.699999999999996,55.099999999999994,53.7,52.800000000000004,55.0,65.5,41.1,41.1,41.5,74.2,0,0,0,0,0,0,0,0,0,0,0,0,43.8,49.2,55.0,58.4,55.8,58.7,60.9,61.4,64.0,67.0,69.3,58.4,0,0,0,0,0,0,0,0,0,0,0,0,39.900000000000006,62.599999999999994,61.7,61.2,57.199999999999996,57.199999999999996,60.599999999999994,56.2,63.9,65.0,58.8,47.400000000000006,0,0,0,0,0,0,0,0,0,0,0,0,50.9,63.7,68.4,59.699999999999996,55.9,52.800000000000004,57.699999999999996,63.099999999999994,71.6,81.4,74.2,73.2,0,0,0,0,0,0,0,0,0,0,0,0,52.0,63.2,65.8,73.7,67.2,60.099999999999994,63.0,74.2,84.5,92.10000000000001,89.80000000000001,80.8,0,0,0,0,0,0,0,0,0,0,0,0,52.0,60.199999999999996,63.8,62.1,59.5,59.0,63.9,71.10000000000001,79.3,84.0,80.60000000000001,67.6,0,0
613730338,0,0,0,0,0,0,0,0,0,0,14.85,19.349999999999998,15.209999999999999,13.68,11.97,12.87,13.950000000000001,13.86,16.47,14.13,17.189999999999998,13.14,0,0,0,0,0,0,0,0,0,0,0,0,14.94,17.009999999999998,15.75,16.11,13.23,15.209999999999999,13.68,13.5,8.280000000000001,8.280000000000001,8.370000000000001,11.97,0,0,0,0,0,0,0,0,0,0,0,0,16.38,15.93,16.47,16.2,12.330000000000002,12.330000000000002,11.43,11.88,12.06,12.69,14.040000000000001,11.52,0,0,0,0,0,0,0,0,0,0,0,0,13.59,14.669999999999998,14.669999999999998,18.27,13.14,12.959999999999999,13.32,15.66,14.94,14.040000000000001,12.6,10.080000000000002,0,0,0,0,0,0,0,0,0,0,0,0,14.76,16.919999999999998,16.919999999999998,10.98,11.97,14.580000000000002,13.86,15.12,13.32,14.13,16.560000000000002,16.29,0,0,0,0,0,0,0,0,0,0,0,0,14.94,18.27,26.46,27.72,23.22,26.82,31.589999999999996,35.370000000000005,38.61,40.589999999999996,36.0,27.27,0,0,0,0,0,0,0,0,0,0,0,0,18.45,20.25,19.8,18.54,16.560000000000002,15.57,16.02,17.73,18.99,19.71,18.36,14.580000000000002,0,0
119141466,0,0,0,0,0,0,0,0,0,0,53.5,57.699999999999996,59.900000000000006,63.099999999999994,67.69999999999999,70.7,73.89999999999999,73.89999999999999,79.9,85.9,88.3,75.9,0,0,0,0,0,0,0,0,0,0,0,0,55.599999999999994,57.699999999999996,57.699999999999996,59.2,63.7,70.9,73.5,81.19999999999999,50.599999999999994,50.599999999999994,51.5,85.8,0,0,0,0,0,0,0,0,0,0,0,0,57.400000000000006,57.1,40.599999999999994,56.5,62.9,71.10000000000001,73.89999999999999,83.80000000000001,99.1,101.0,112.4,108.9,0,0,0,0,0,0,0,0,0,0,0,0,51.5,58.099999999999994,57.699999999999996,60.599999999999994,60.9,61.0,63.099999999999994,68.5,85.39999999999999,83.5,85.1,76.3,0,0,0,0,0,0,0,0,0,0,0,0,63.2,65.6,70.1,68.8,70.19999999999999,70.9,69.7,78.60000000000001,87.10000000000001,98.0,99.7,91.7,0,0,0,0,0,0,0,0,0,0,0,0,62.5,68.0,71.2,74.1,73.3,76.0,75.6,82.30000000000001,103.5,115.0,117.4,109.9,0,0,0,0,0,0,0,0,0,0,0,0,54.400000000000006,60.0,64.5,66.2,68.2,69.2,71.10000000000001,79.3,88.69999999999999,95.1,92.5,82.6,0,0
259381118,0,0,0,0,0,0,0,0,0,0,62.44,70.0,71.39999999999999,70.83999999999999,56.839999999999996,54.6,54.6,76.44,92.96,94.36,66.64,24.08,0,0,0,0,0,0,0,0,0,0,0,0,62.44,66.64,75.04,69.44,60.76,59.64,61.040000000000006,85.68,36.96,36.96,30.800000000000004,41.72,0,0,0,0,0,0,0,0,0,0,0,0,68.60000000000001,78.39999999999999,74.75999999999999,78.96,63.839999999999996,54.32,56.279999999999994,77.28,90.16000000000001,98.0,63.279999999999994,27.439999999999998,0,0,0,0,0,0,0,0,0,0,0,0,68.32,72.52,72.8,73.08,58.800000000000004,51.24,57.68,71.96,88.2,88.2,59.08,29.12,0,0,0,0,0,0,0,0,0,0,0,0,68.60000000000001,86.8,83.16000000000001,82.04,71.12,66.64,64.96,76.72,98.83999999999999,100.24000000000001,82.88,35.28,0,0,0,0,0,0,0,0,0,0,0,0,72.8,89.60000000000001,113.39999999999999,100.8,67.2,57.39999999999999,63.0,94.36,132.72,151.20000000000002,122.64,47.32,0,0,0,0,0,0,0,0,0,0,0,0,63.0,74.2,78.68,77.28,62.720000000000006,57.68,60.480000000000004,84.0,99.12,99.39999999999999,69.72,29.12,0,0
166325016,0,0,0,0,0,0,0,0,0,0,72.8,75.36,76.64,73.28,71.68,69.44,68.16,72.96,85.76,83.2,79.2,68.48,0,0,0,0,0,0,0,0,0,0,0,0,75.36,80.96,79.84,81.12,77.6,80.8,77.44,85.12,43.2,43.2,43.36,84.0,0,0,0,0,0,0,0,0,0,0,0,0,77.12,83.2,83.84,85.92,85.92,86.4,85.92,92.64,100.0,96.64,86.24,79.52,0,0,0,0,0,0,0,0,0,0,0,0,103.52,104.8,102.4,103.52,106.88,106.08,103.52,111.36,119.68,115.52,103.04,89.28,0,0,0,0,0,0,0,0,0,0,0,0,95.2,105.12,105.12,106.08,105.76,104.96,105.12,109.6,115.36,118.4,114.08,100.8,0,0,0,0,0,0,0,0,0,0,0,0,78.72,88.64,93.92,91.04,80.96,79.04,80.48,84.8,95.04,105.6,107.36,97.92,0,0,0,0,0,0,0,0,0,0,0,0,94.4,103.2,106.08,105.12,101.92,99.84,100.96,110.56,121.76,125.12,116.64,99.2,0,0
190743380,0,0,0,0,0,0,0,0,0,0,55.64,64.48,69.94,72.02,69.94,72.54,80.60000000000001,80.86,85.02,83.2,74.10000000000001,51.48,0,0,0,0,0,0,0,0,0,0,0,0,52.779999999999994,65.25999999999999,73.32,67.86,71.5,78.52,81.12,89.96,63.96,63.96,66.82,93.60000000000001,0,0,0,0,0,0,0,0,0,0,0,0,61.620000000000005,67.60000000000001,71.5,72.8,72.28,69.94,72.54,76.7,92.82,103.48,89.96,52.25999999999999,0,0,0,0,0,0,0,0,0,0,0,0,57.2,67.60000000000001,76.96,74.36,75.39999999999999,75.39999999999999,79.04,91.25999999999999,110.5,106.34,92.56,61.620000000000005,0,0,0,0,0,0,0,0,0,0,0,0,64.22,72.8,86.32,84.75999999999999,73.58,76.96,94.12,122.2,147.16,158.6,135.46,94.12,0,0,0,0,0,0,0,0,0,0,0,0,61.879999999999995,96.72,129.22,150.28,133.38,123.24000000000001,140.14,158.34,190.84,203.58,184.34,113.1,0,0,0,0,0,0,0,0,0,0,0,0,41.86,86.32,119.86000000000001,139.88,130.51999999999998,117.0,125.32000000000001,143.0,164.58,158.08,113.36000000000001,70.72,0,0
687050719,0,0,0,0,0,0,0,0,0,0,17.12,19.84,21.52,22.16,21.52,22.32,24.8,24.88,26.16,25.6,22.8,15.84,0,0,0,0,0,0,0,0,0,0,0,0,16.24,20.08,22.56,20.88,22.0,24.16,24.96,27.68,19.68,19.68,20.56,28.8,0,0,0,0,0,0,0,0,0,0,0,0,18.96,20.8,22.0,22.4,22.24,21.52,22.32,23.6,28.56,31.84,27.68,16.08,0,0,0,0,0,0,0,0,0,0,0,0,17.6,20.8,23.68,22.88,23.2,23.2,24.32,28.08,34.0,32.72,28.48,18.96,0,0,0,0,0,0,0,0,0,0,0,0,19.76,22.4,26.56,26.08,22.64,23.68,28.96,37.6,45.28,48.8,41.68,28.96,0,0,0,0,0,0,0,0,0,0,0,0,19.04,29.76,39.76,46.24,41.04,37.92,43.12,48.72,58.72,62.64,56.72,34.8,0,0,0,0,0,0,0,0,0,0,0,0,12.88,26.56,36.88,43.04,40.16,36.0,38.56,44.0,50.64,48.64,34.88,21.76,0,0
70174850,0,0,0,0,0,0,0,0,0,0,54.75,68.75,72.5,76.25,76.75,76.5,76.25,86.25,115.5,119.5,91.75,60.25,0,0,0,0,0,0,0,0,0,0,0,0,54.25,70.75,72.5,74.75,77.5,74.5,71.0,95.25,45.5,45.25,45.5,74.5,0,0,0,0,0,0,0,0,0,0,0,0,58.25,75.5,81.75,79.5,87.0,71.75,76.25,95.0,116.75,113.75,90.5,62.5,0,0,0,0,0,0,0,0,0,0,0,0,61.25000000000001,74.0,79.75,82.75,84.25,80.75,83.0,95.25,120.24999999999999,118.0,103.0,63.5,0,0,0,0,0,0,0,0,0,0,0,0,55.00000000000001,70.5,81.5,76.25,70.75,77.5,91.75,113.5,144.5,154.75,122.75,78.5,0,0,0,0,0,0,0,0,0,0,0,0,68.75,109.25,144.5,141.25,119.0,116.5,129.0,155.5,207.24999999999997,231.75,205.25000000000003,101.75,0,0,0,0,0,0,0,0,0,0,0,0,43.25,56.75,65.0,66.5,66.0,63.24999999999999,66.75,82.25,101.0,103.49999999999999,82.25,48.25,0,0
569949061,0,0,0,0,0,0,0,0,0,0,54.75,68.75,72.5,76.25,76.75,76.5,76.25,86.25,115.5,119.5,91.75,60.25,0,0,0,0,0,0,0,0,0,0,0,0,54.25,70.75,72.5,74.75,77.5,74.5,71.0,95.25,45.5,45.25,45.5,74.5,0,0,0,0,0,0,0,0,0,0,0,0,58.25,75.5,81.75,79.5,87.0,71.75,76.25,95.0,116.75,113.75,90.5,62.5,0,0,0,0,0,0,0,0,0,0,0,0,61.25000000000001,74.0,79.75,82.75,84.25,80.75,83.0,95.25,120.24999999999999,118.0,103.0,63.5,0,0,0,0,0,0,0,0,0,0,0,0,55.00000000000001,70.5,81.5,76.25,70.75,77.5,91.75,113.5,144.5,154.75,122.75,78.5,0,0,0,0,0,0,0,0,0,0,0,0,68.75,109.25,144.5,141.25,119.0,116.5,129.0,155.5,207.24999999999997,231.75,205.25000000000003,101.75,0,0,0,0,0,0,0,0,0,0,0,0,43.25,56.75,65.0,66.5,66.0,63.24999999999999,66.75,82.25,101.0,103.49999999999999,82.25,48.25,0,0
243398500,0,0,0,0,0,0,0,0,0,0,25.74,29.9,37.699999999999996,36.53,33.41,36.14,34.449999999999996,35.49,43.94,51.22,46.800000000000004,32.76,0,0,0,0,0,0,0,0,0,0,0,0,29.379999999999995,38.09,38.61,34.449999999999996,31.590000000000003,34.32,40.56,41.99,26.389999999999997,26.389999999999997,26.909999999999997,42.77,0,0,0,0,0,0,0,0,0,0,0,0,34.97,41.21,41.47,38.61,37.57,38.09,36.79,44.72,58.75999999999999,60.19,47.71,36.4,0,0,0,0,0,0,0,0,0,0,0,0,31.07,34.97,36.4,32.89,33.02,38.870000000000005,41.86,39.26,47.58,51.61,47.19,33.54,0,0,0,0,0,0,0,0,0,0,0,0,32.89,38.870000000000005,39.52,37.83,34.32,38.22,42.9,58.24000000000001,67.34,68.12,59.410000000000004,46.15,0,0,0,0,0,0,0,0,0,0,0,0,34.449999999999996,44.72,53.04,57.06999999999999,55.77,58.24000000000001,66.3,79.43,101.66,103.09,89.57,60.839999999999996,0,0,0,0,0,0,0,0,0,0,0,0,7.93,6.63,7.93,8.32,12.35,13.39,12.87,16.12,17.16,16.900000000000002,14.95,16.900000000000002,0,0
667656687,0,0,0,0,0,0,0,0,0,0,75.78,82.44,98.28,112.5,108.89999999999999,98.28,95.76,97.56,105.12,101.7,69.66,36.54,0,0,0,0,0,0,0,0,0,0,0,0,90.54,100.62,111.42,117.35999999999999,115.92,106.02,107.28,122.94,49.14,49.14,49.5,73.08,0,0,0,0,0,0,0,0,0,0,0,0,95.76,108.0,120.24,127.08,125.46,114.12,107.82000000000001,117.0,124.02,124.2,77.94,38.699999999999996,0,0,0,0,0,0,0,0,0,0,0,0,73.98,90.54,100.98,113.04,121.5,108.0,108.35999999999999,111.06,107.64000000000001,100.26,76.67999999999999,39.96,0,0,0,0,0,0,0,0,0,0,0,0,82.62,95.58,102.96,111.24,117.35999999999999,119.16,127.62,123.66,139.85999999999999,136.44,110.34,57.6,0,0,0,0,0,0,0,0,0,0,0,0,66.96000000000001,98.64000000000001,123.84,129.78,114.12,109.98,128.88,139.14000000000001,171.35999999999999,171.35999999999999,134.1,57.96,0,0,0,0,0,0,0,0,0,0,0,0,81.35999999999999,101.88,116.64000000000001,124.56,127.26,119.34,118.98,130.5,141.29999999999998,135.35999999999999,98.46,46.62,0,0
145441076,0,0,0,0,0,0,0,0,0,0,29.47,32.06,38.22,43.75,42.35,38.22,37.24,37.94,40.879999999999995,39.550000000000004,27.09,14.209999999999999,0,0,0,0,0,0,0,0,0,0,0,0,35.21,39.129999999999995,43.330000000000005,45.64,45.080000000000005,41.23,41.72,47.81,19.11,19.11,19.25,28.419999999999998,0,0,0,0,0,0,0,0,0,0,0,0,37.24,42.0,46.76,49.419999999999995,48.79,44.379999999999995,41.93,45.5,48.23,48.300000000000004,30.310000000000002,15.049999999999999,0,0,0,0,0,0,0,0,0,0,0,0,28.770000000000003,35.21,39.27,43.96,47.25,42.0,42.14,43.19,41.86,38.99,29.82,15.540000000000001,0,0,0,0,0,0,0,0,0,0,0,0,32.129999999999995,37.169999999999995,40.04,43.26,45.64,46.34,49.629999999999995,48.09,54.39,53.06,42.91,22.400000000000002,0,0,0,0,0,0,0,0,0,0,0,0,26.040000000000003,38.36,48.16,50.47,44.379999999999995,42.77,50.120000000000005,54.11,66.64,66.64,52.15,22.540000000000003,0,0,0,0,0,0,0,0,0,0,0,0,31.639999999999997,39.620000000000005,45.36,48.44,49.49,46.41,46.27,50.75,54.949999999999996,52.64,38.29,18.13,0,0
131256219,0,0,0,0,0,0,0,0,0,0,6.66,8.58,9.18,9.18,11.16,10.98,10.379999999999999,11.34,12.419999999999998,10.8,11.399999999999999,11.52,0,0,0,0,0,0,0,0,0,0,0,0,8.22,10.5,11.879999999999999,11.82,14.34,12.899999999999999,12.78,13.620000000000001,6.540000000000001,5.4,5.82,10.74,0,0,0,0,0,0,0,0,0,0,0,0,9.600000000000001,11.16,11.7,11.76,13.620000000000001,11.879999999999999,11.82,12.72,13.68,12.24,11.7,11.52,0,0,0,0,0,0,0,0,0,0,0,0,9.42,10.56,9.899999999999999,11.399999999999999,13.02,11.94,12.299999999999999,12.72,13.68,11.22,13.080000000000002,11.64,0,0,0,0,0,0,0,0,0,0,0,0,9.36,11.7,13.620000000000001,13.5,13.02,12.899999999999999,12.48,15.18,16.5,16.68,15.059999999999999,11.52,0,0,0,0,0,0,0,0,0,0,0,0,9.84,11.76,11.58,12.0,12.299999999999999,12.54,13.14,16.32,16.799999999999997,13.86,15.059999999999999,12.899999999999999,0,0,0,0,0,0,0,0,0,0,0,0,0.36,8.76,13.200000000000001,13.32,12.24,11.459999999999999,12.600000000000001,13.559999999999999,14.76,13.620000000000001,14.34,12.96,0,0
806465001,0,0,0,0,0,0,0,0,0,0,0.56,1.0,1.16,1.14,1.18,1.1,1.32,1.86,2.32,2.24,1.7,0.0,0,0,0,0,0,0,0,0,0,0,0,0,0.52,0.94,1.1,1.08,1.12,1.04,1.24,1.74,2.2,2.12,1.6,0.0,0,0,0,0,0,0,0,0,0,0,0,0,0.5,0.9,1.02,1.02,1.06,0.98,1.18,1.64,2.06,2.0,1.5,0.0,0,0,0,0,0,0,0,0,0,0,0,0,0.58,1.04,1.2,1.18,1.22,1.14,1.36,1.92,2.4,2.32,1.76,0.0,0,0,0,0,0,0,0,0,0,0,0,0,0.76,1.38,1.58,1.56,1.62,1.52,1.8,2.54,3.18,3.06,2.32,0.0,0,0,0,0,0,0,0,0,0,0,0,0,1.18,2.12,2.44,2.42,2.52,2.34,2.8,3.9,4.9,4.74,3.58,0.0,0,0,0,0,0,0,0,0,0,0,0,0,1.06,1.9,2.2,2.18,2.26,2.1,2.52,3.52,4.42,4.26,3.22,0.0,0,0
806466028,0,0,0,0,0,0,0,0,0,0,0.56,1.0,1.16,1.14,1.18,1.1,1.32,1.86,2.32,2.24,1.7,0.0,0,0,0,0,0,0,0,0,0,0,0,0,0.52,0.94,1.1,1.08,1.12,1.04,1.24,1.74,2.2,2.12,1.6,0.0,0,0,0,0,0,0,0,0,0,0,0,0,0.5,0.9,1.02,1.02,1.06,0.98,1.18,1.64,2.06,2.0,1.5,0.0,0,0,0,0,0,0,0,0,0,0,0,0,0.58,1.04,1.2,1.18,1.22,1.14,1.36,1.92,2.4,2.32,1.76,0.0,0,0,0,0,0,0,0,0,0,0,0,0,0.76,1.38,1.58,1.56,1.62,1.52,1.8,2.54,3.18,3.06,2.32,0.0,0,0,0,0,0,0,0,0,0,0,0,0,1.18,2.12,2.44,2.42,2.52,2.34,2.8,3.9,4.9,4.74,3.58,0.0,0,0,0,0,0,0,0,0,0,0,0,0,1.06,1.9,2.2,2.18,2.26,2.1,2.52,3.52,4.42,4.26,3.22,0.0,0,0
806464462,0,0,0,0,0,0,0,0,0,0,0.56,1.0,1.16,1.14,1.18,1.1,1.32,1.86,2.32,2.24,1.7,0.0,0,0,0,0,0,0,0,0,0,0,0,0,0.52,0.94,1.1,1.08,1.12,1.04,1.24,1.74,2.2,2.12,1.6,0.0,0,0,0,0,0,0,0,0,0,0,0,0,0.5,0.9,1.02,1.02,1.06,0.98,1.18,1.64,2.06,2.0,1.5,0.0,0,0,0,0,0,0,0,0,0,0,0,0,0.58,1.04,1.2,1.18,1.22,1.14,1.36,1.92,2.4,2.32,1.76,0.0,0,0,0,0,0,0,0,0,0,0,0,0,0.76,1.38,1.58,1.56,1.62,1.52,1.8,2.54,3.18,3.06,2.32,0.0,0,0,0,0,0,0,0,0,0,0,0,0,1.18,2.12,2.44,2.42,2.52,2.34,2.8,3.9,4.9,4.74,3.58,0.0,0,0,0,0,0,0,0,0,0,0,0,0,1.06,1.9,2.2,2.18,2.26,2.1,2.52,3.52,4.42,4.26,3.22,0.0,0,0
105297153,0,0,0,0,0,0,0,0,0,0,21.28,21.42,21.42,20.72,17.08,24.36,26.74,31.22,32.48,30.66,21.560000000000002,18.060000000000002,0,0,0,0,0,0,0,0,0,0,0,0,26.32,22.540000000000003,22.540000000000003,25.2,20.3,27.16,30.099999999999998,27.439999999999998,11.479999999999999,11.06,11.479999999999999,24.78,0,0,0,0,0,0,0,0,0,0,0,0,25.62,23.66,25.060000000000002,24.92,24.78,23.8,28.560000000000002,25.48,30.240000000000002,29.96,18.76,22.12,0,0,0,0,0,0,0,0,0,0,0,0,19.459999999999997,22.26,19.040000000000003,17.08,17.08,23.66,22.26,20.439999999999998,34.44,22.540000000000003,19.88,19.599999999999998,0,0,0,0,0,0,0,0,0,0,0,0,20.86,23.099999999999998,23.939999999999998,25.34,21.14,26.459999999999997,29.400000000000002,27.16,30.099999999999998,33.46,26.18,23.52,0,0,0,0,0,0,0,0,0,0,0,0,27.439999999999998,19.74,14.84,17.08,19.74,24.78,12.74,15.819999999999999,22.26,21.42,16.38,20.72,0,0,0,0,0,0,0,0,0,0,0,0,23.8,24.22,25.060000000000002,24.78,21.42,24.22,27.439999999999998,27.3,32.06,31.5,25.34,24.92,0,0
88885721,0,0,0,0,0,0,0,0,0,0,31.36,34.68,35.28,33.32,33.96,30.24,35.84,36.16,40.48,41.16,36.36,33.88,0,0,0,0,0,0,0,0,0,0,0,0,30.4,33.76,32.84,32.52,33.36,28.12,33.04,38.4,17.0,17.0,17.0,33.08,0,0,0,0,0,0,0,0,0,0,0,0,33.92,34.4,34.4,32.56,35.8,31.68,34.44,36.56,40.12,38.68,37.36,31.88,0,0,0,0,0,0,0,0,0,0,0,0,33.68,34.8,35.04,33.84,37.76,31.16,34.56,35.4,39.4,39.64,38.48,34.52,0,0,0,0,0,0,0,0,0,0,0,0,31.92,33.04,34.32,32.68,36.92,35.16,36.52,37.0,37.08,37.4,38.72,33.52,0,0,0,0,0,0,0,0,0,0,0,0,31.6,34.08,37.28,37.0,32.92,29.96,27.84,30.04,30.32,33.28,33.32,29.12,0,0,0,0,0,0,0,0,0,0,0,0,28.28,32.48,34.44,35.56,32.28,30.56,29.24,31.32,31.96,28.76,28.8,27.76,0,0
335468121,0,0,0,0,0,0,0,0,0,0,78.4,86.7,88.2,83.3,84.9,75.6,89.60000000000001,90.39999999999999,101.19999999999999,102.89999999999999,90.9,84.7,0,0,0,0,0,0,0,0,0,0,0,0,76.0,84.39999999999999,82.10000000000001,81.30000000000001,83.4,70.3,82.6,96.0,42.5,42.5,42.5,82.69999999999999,0,0,0,0,0,0,0,0,0,0,0,0,84.80000000000001,86.0,86.0,81.4,89.5,79.2,86.1,91.4,100.3,96.7,93.4,79.7,0,0,0,0,0,0,0,0,0,0,0,0,84.2,87.0,87.6,84.60000000000001,94.39999999999999,77.9,86.4,88.5,98.5,99.1,96.19999999999999,86.30000000000001,0,0,0,0,0,0,0,0,0,0,0,0,79.80000000000001,82.6,85.8,81.7,92.30000000000001,87.89999999999999,91.30000000000001,92.5,92.69999999999999,93.5,96.8,83.80000000000001,0,0,0,0,0,0,0,0,0,0,0,0,79.0,85.19999999999999,93.2,92.5,82.30000000000001,74.9,69.6,75.1,75.8,83.2,83.3,72.8,0,0,0,0,0,0,0,0,0,0,0,0,70.7,81.19999999999999,86.1,88.9,80.7,76.39999999999999,73.1,78.3,79.9,71.9,72.0,69.4,0,0
255546465,0,0,0,0,0,0,0,0,0,0,0.06,2.88,2.88,6.0600000000000005,7.32,6.959999999999999,6.720000000000001,1.8599999999999999,2.04,3.42,9.3,9.3,0,0,0,0,0,0,0,0,0,0,0,0,0.06,3.24,3.18,7.02,8.399999999999999,8.100000000000001,7.32,1.98,1.3800000000000001,2.46,7.199999999999999,10.8,0,0,0,0,0,0,0,0,0,0,0,0,0.06,3.18,3.12,6.66,8.22,8.040000000000001,7.62,2.04,2.2800000000000002,3.66,10.32,9.540000000000001,0,0,0,0,0,0,0,0,0,0,0,0,0.06,3.0,3.0,6.0,7.68,7.38,6.84,1.8599999999999999,2.04,3.3000000000000003,8.94,8.459999999999999,0,0,0,0,0,0,0,0,0,0,0,0,0.06,2.88,2.82,5.64,6.720000000000001,7.08,7.68,6.0600000000000005,6.0600000000000005,7.38,8.58,8.28,0,0,0,0,0,0,0,0,0,0,0,0,0.06,3.7199999999999998,3.54,7.14,7.08,7.5,8.22,7.62,7.98,9.48,9.78,8.879999999999999,0,0,0,0,0,0,0,0,0,0,0,0,0.06,3.12,3.06,9.120000000000001,8.34,7.68,8.82,9.0,9.42,9.540000000000001,9.06,9.24,0,0
255724654,0,0,0,0,0,0,0,0,0,0,8.74,8.72,8.84,9.1,8.6,8.46,9.82,11.14,12.08,11.94,10.6,7.0,0,0,0,0,0,0,0,0,0,0,0,0,9.16,9.9,9.26,9.24,8.36,9.32,9.94,12.6,5.66,5.66,5.68,10.34,0,0,0,0,0,0,0,0,0,0,0,0,8.6,9.5,10.12,9.74,8.24,8.44,9.08,11.8,11.98,13.02,9.94,7.2,0,0,0,0,0,0,0,0,0,0,0,0,9.64,10.4,11.1,10.7,10.34,9.24,11.04,11.9,12.98,12.9,10.08,7.52,0,0,0,0,0,0,0,0,0,0,0,0,9.92,11.46,10.98,11.02,9.24,7.98,11.44,14.78,14.86,15.4,13.54,10.08,0,0,0,0,0,0,0,0,0,0,0,0,8.68,11.18,12.36,12.84,11.74,10.6,12.64,13.58,16.22,16.44,13.28,10.12,0,0,0,0,0,0,0,0,0,0,0,0,8.4,9.72,10.56,10.22,9.38,9.32,10.3,12.44,14.3,13.96,11.54,7.94,0,0
313501321,0,0,0,0,0,0,0,0,0,0,4.37,4.36,4.42,4.55,4.3,4.23,4.91,5.57,6.04,5.97,5.3,3.5,0,0,0,0,0,0,0,0,0,0,0,0,4.58,4.95,4.63,4.62,4.18,4.66,4.97,6.3,2.83,2.83,2.84,5.17,0,0,0,0,0,0,0,0,0,0,0,0,4.3,4.75,5.06,4.87,4.12,4.22,4.54,5.9,5.99,6.51,4.97,3.6,0,0,0,0,0,0,0,0,0,0,0,0,4.82,5.2,5.55,5.35,5.17,4.62,5.52,5.95,6.49,6.45,5.04,3.76,0,0,0,0,0,0,0,0,0,0,0,0,4.96,5.73,5.49,5.51,4.62,3.99,5.72,7.39,7.43,7.7,6.77,5.04,0,0,0,0,0,0,0,0,0,0,0,0,4.34,5.59,6.18,6.42,5.87,5.3,6.32,6.79,8.11,8.22,6.64,5.06,0,0,0,0,0,0,0,0,0,0,0,0,4.2,4.86,5.28,5.11,4.69,4.66,5.15,6.22,7.15,6.98,5.77,3.97,0,0
330298212,0,0,0,0,0,0,0,0,0,0,43.7,43.6,44.2,45.5,43.0,42.300000000000004,49.1,55.7,60.4,59.699999999999996,53.0,35.0,0,0,0,0,0,0,0,0,0,0,0,0,45.8,49.5,46.3,46.2,41.8,46.6,49.699999999999996,63.0,28.3,28.3,28.4,51.7,0,0,0,0,0,0,0,0,0,0,0,0,43.0,47.5,50.599999999999994,48.7,41.2,42.199999999999996,45.4,59.0,59.900000000000006,65.1,49.699999999999996,36.0,0,0,0,0,0,0,0,0,0,0,0,0,48.2,52.0,55.5,53.5,51.7,46.2,55.199999999999996,59.5,64.9,64.5,50.4,37.599999999999994,0,0,0,0,0,0,0,0,0,0,0,0,49.6,57.300000000000004,54.900000000000006,55.099999999999994,46.2,39.900000000000006,57.199999999999996,73.89999999999999,74.3,77.0,67.69999999999999,50.4,0,0,0,0,0,0,0,0,0,0,0,0,43.4,55.9,61.8,64.2,58.7,53.0,63.2,67.9,81.1,82.2,66.39999999999999,50.599999999999994,0,0,0,0,0,0,0,0,0,0,0,0,42.0,48.6,52.800000000000004,51.1,46.900000000000006,46.6,51.5,62.199999999999996,71.5,69.80000000000001,57.699999999999996,39.7,0,0
198613057,0,0,0,0,0,0,0,0,0,0,14.08,14.74,14.74,17.93,16.72,15.84,15.399999999999999,14.3,16.28,10.120000000000001,8.25,3.8499999999999996,0,0,0,0,0,0,0,0,0,0,0,0,16.28,18.81,20.46,21.34,21.45,20.46,18.259999999999998,20.130000000000003,12.100000000000001,11.440000000000001,12.21,10.34,0,0,0,0,0,0,0,0,0,0,0,0,16.94,21.34,20.35,23.540000000000003,22.33,20.35,19.91,20.46,34.87,24.86,12.100000000000001,12.979999999999999,0,0,0,0,0,0,0,0,0,0,0,0,14.850000000000001,17.05,16.169999999999998,19.8,17.82,18.15,14.74,13.42,17.16,14.08,12.979999999999999,7.04,0,0,0,0,0,0,0,0,0,0,0,0,9.790000000000001,11.88,11.770000000000001,11.88,12.100000000000001,12.979999999999999,10.01,9.24,8.91,7.699999999999999,8.14,5.5,0,0,0,0,0,0,0,0,0,0,0,0,6.82,6.6,6.93,9.459999999999999,9.459999999999999,7.92,7.04,8.47,8.36,8.14,9.129999999999999,5.39,0,0,0,0,0,0,0,0,0,0,0,0,3.96,6.71,6.93,9.790000000000001,7.699999999999999,7.260000000000001,8.25,8.14,7.699999999999999,7.260000000000001,5.5,4.29,0,0
60849720,0,0,0,0,0,0,0,0,0,0,6.2,7.28,9.12,8.96,7.66,7.74,7.02,9.26,10.76,12.52,11.68,8.22,0,0,0,0,0,0,0,0,0,0,0,0,6.32,6.8,7.76,8.0,8.58,9.22,7.24,9.42,4.28,4.12,4.16,10.1,0,0,0,0,0,0,0,0,0,0,0,0,6.56,7.46,8.14,8.0,8.8,8.68,8.24,10.6,12.72,12.82,12.42,10.42,0,0,0,0,0,0,0,0,0,0,0,0,8.18,10.72,11.24,11.98,10.58,10.26,9.36,13.62,15.96,17.26,15.44,11.88,0,0,0,0,0,0,0,0,0,0,0,0,6.04,8.14,8.5,8.72,9.52,10.34,10.08,12.7,14.46,19.02,18.98,16.38,0,0,0,0,0,0,0,0,0,0,0,0,6.48,12.12,17.18,16.62,18.28,19.44,17.58,17.74,21.78,27.44,28.28,26.22,0,0,0,0,0,0,0,0,0,0,0,0,5.24,9.46,14.06,13.6,16.06,17.64,17.1,17.12,17.04,16.62,15.86,12.0,0,0
440978423,0,0,0,0,0,0,0,0,0,0,18.6,21.84,27.36,26.880000000000003,22.98,23.22,21.06,27.78,32.28,37.56,35.04,24.660000000000004,0,0,0,0,0,0,0,0,0,0,0,0,18.96,20.4,23.28,24.0,25.740000000000002,27.660000000000004,21.72,28.259999999999998,12.84,12.36,12.48,30.299999999999997,0,0,0,0,0,0,0,0,0,0,0,0,19.68,22.38,24.42,24.0,26.400000000000002,26.04,24.72,31.799999999999997,38.160000000000004,38.46,37.26,31.259999999999998,0,0,0,0,0,0,0,0,0,0,0,0,24.54,32.160000000000004,33.72,35.94,31.740000000000002,30.78,28.08,40.86,47.88,51.78,46.32,35.64,0,0,0,0,0,0,0,0,0,0,0,0,18.12,24.42,25.5,26.160000000000004,28.56,31.02,30.240000000000002,38.099999999999994,43.38,57.06,56.94,49.14,0,0,0,0,0,0,0,0,0,0,0,0,19.44,36.36,51.54,49.86,54.84,58.32000000000001,52.739999999999995,53.22,65.34,82.32000000000001,84.84,78.66,0,0,0,0,0,0,0,0,0,0,0,0,15.72,28.380000000000003,42.18,40.8,48.17999999999999,52.92,51.300000000000004,51.36,51.12,49.86,47.58,36.0,0,0
703831291,0,0,0,0,0,0,0,0,0,0,12.4,14.56,18.24,17.92,15.32,15.48,14.04,18.52,21.52,25.04,23.36,16.44,0,0,0,0,0,0,0,0,0,0,0,0,12.64,13.6,15.52,16.0,17.16,18.44,14.48,18.84,8.56,8.24,8.32,20.2,0,0,0,0,0,0,0,0,0,0,0,0,13.12,14.92,16.28,16.0,17.6,17.36,16.48,21.2,25.44,25.64,24.84,20.84,0,0,0,0,0,0,0,0,0,0,0,0,16.36,21.44,22.48,23.96,21.16,20.52,18.72,27.24,31.92,34.52,30.88,23.76,0,0,0,0,0,0,0,0,0,0,0,0,12.08,16.28,17.0,17.44,19.04,20.68,20.16,25.4,28.92,38.04,37.96,32.76,0,0,0,0,0,0,0,0,0,0,0,0,12.96,24.24,34.36,33.24,36.56,38.88,35.16,35.48,43.56,54.88,56.56,52.44,0,0,0,0,0,0,0,0,0,0,0,0,10.48,18.92,28.12,27.2,32.12,35.28,34.2,34.24,34.08,33.24,31.72,24.0,0,0
726807521,0,0,0,0,0,0,0,0,0,0,48.4,66.8,66.2,60.599999999999994,56.6,56.2,59.6,72.6,89.2,98.80000000000001,83.2,50.4,0,0,0,0,0,0,0,0,0,0,0,0,51.2,65.8,71.2,65.0,52.800000000000004,52.800000000000004,66.8,77.4,41.6,41.0,42.0,65.0,0,0,0,0,0,0,0,0,0,0,0,0,58.2,78.8,83.6,73.4,55.199999999999996,51.8,61.4,65.8,97.8,116.6,93.80000000000001,50.4,0,0,0,0,0,0,0,0,0,0,0,0,61.6,76.2,84.80000000000001,70.0,56.0,48.6,53.4,67.6,82.4,91.19999999999999,82.8,49.6,0,0,0,0,0,0,0,0,0,0,0,0,59.6,84.0,89.60000000000001,69.4,53.4,62.400000000000006,71.8,86.8,133.6,153.2,128.8,83.80000000000001,0,0,0,0,0,0,0,0,0,0,0,0,57.800000000000004,96.4,138.8,135.39999999999998,120.0,113.80000000000001,124.39999999999999,151.0,181.8,188.6,180.2,128.0,0,0,0,0,0,0,0,0,0,0,0,0,39.2,82.0,129.60000000000002,136.4,101.0,105.8,118.4,130.8,138.0,154.0,119.0,50.599999999999994,0,0
166689802,0,0,0,0,0,0,0,0,0,0,52.44,63.12,61.67999999999999,62.64,68.03999999999999,66.24,57.72,72.48,81.6,78.24,68.4,67.56,0,0,0,0,0,0,0,0,0,0,0,0,53.64,61.67999999999999,63.72,59.16,70.67999999999999,64.08,63.36,70.56,36.480000000000004,35.400000000000006,35.64,70.32000000000001,0,0,0,0,0,0,0,0,0,0,0,0,59.760000000000005,66.24,63.239999999999995,63.599999999999994,76.08,73.19999999999999,68.28,75.6,86.16,81.72,75.36,72.96000000000001,0,0,0,0,0,0,0,0,0,0,0,0,61.56,68.28,65.03999999999999,67.44,74.03999999999999,75.36,66.0,79.80000000000001,85.56,88.92,83.16,77.76,0,0,0,0,0,0,0,0,0,0,0,0,62.04,65.76,66.84,64.92,75.12,75.96000000000001,69.84,75.48,81.48,83.4,80.4,75.96000000000001,0,0,0,0,0,0,0,0,0,0,0,0,81.36,102.47999999999999,106.08,101.16,91.08,77.52,72.6,79.19999999999999,82.19999999999999,83.64,83.52,79.19999999999999,0,0,0,0,0,0,0,0,0,0,0,0,64.08,83.76,81.48,84.0,74.03999999999999,72.36,73.19999999999999,73.32000000000001,78.48,77.76,75.36,68.4,0,0
731078072,0,0,0,0,0,0,0,0,0,0,50.699999999999996,53.04,54.6,54.08,70.46,68.89999999999999,67.99000000000001,62.92,65.52,66.3,77.74000000000001,82.55,0,0,0,0,0,0,0,0,0,0,0,0,46.15,61.1,55.9,52.65,69.55,67.21,66.95,58.5,34.449999999999996,35.23,38.09,85.02,0,0,0,0,0,0,0,0,0,0,0,0,47.84,48.75,51.74,52.129999999999995,75.53,72.41,70.72,66.69,84.37,90.48,83.33,86.84,0,0,0,0,0,0,0,0,0,0,0,0,45.11,54.21,55.77,46.54,64.09,64.35000000000001,62.79,56.029999999999994,64.22,79.69,72.8,74.10000000000001,0,0,0,0,0,0,0,0,0,0,0,0,46.02,56.42,58.89,50.699999999999996,59.8,63.31,63.31,67.86,100.62,106.86000000000001,110.75999999999999,93.60000000000001,0,0,0,0,0,0,0,0,0,0,0,0,69.03,70.59,75.00999999999999,72.28,74.62,71.37,70.59,71.24000000000001,105.3,119.86000000000001,129.22,106.73000000000002,0,0,0,0,0,0,0,0,0,0,0,0,73.19,94.25,117.51999999999998,109.07000000000001,103.87,91.91,89.83,80.99000000000001,111.54,117.25999999999999,100.62,102.31,0,0
441464864,0,0,0,0,0,0,0,0,0,0,7.290000000000001,10.709999999999999,13.350000000000001,13.32,14.190000000000001,14.79,14.97,15.78,17.580000000000002,16.41,14.580000000000002,11.370000000000001,0,0,0,0,0,0,0,0,0,0,0,0,7.59,8.7,10.17,11.25,11.399999999999999,12.120000000000001,13.169999999999998,15.72,7.32,7.32,7.41,16.29,0,0,0,0,0,0,0,0,0,0,0,0,7.17,9.33,12.299999999999999,13.41,13.71,13.29,12.36,13.77,16.86,19.919999999999998,18.299999999999997,15.299999999999999,0,0,0,0,0,0,0,0,0,0,0,0,8.459999999999999,10.08,12.03,13.23,14.370000000000001,13.620000000000001,13.53,16.830000000000002,17.549999999999997,18.18,17.31,13.799999999999999,0,0,0,0,0,0,0,0,0,0,0,0,7.709999999999999,10.2,11.91,11.61,14.07,14.669999999999998,15.0,17.759999999999998,20.490000000000002,24.81,25.29,23.549999999999997,0,0,0,0,0,0,0,0,0,0,0,0,7.199999999999999,11.64,18.93,25.589999999999996,30.36,31.049999999999997,32.730000000000004,36.269999999999996,39.75,40.26,40.68,36.150000000000006,0,0,0,0,0,0,0,0,0,0,0,0,3.21,6.87,8.22,10.5,14.49,15.24,13.919999999999998,13.200000000000001,12.21,12.09,11.76,9.39,0,0
459181984,0,0,0,0,0,0,0,0,0,0,4.86,7.14,8.9,8.88,9.46,9.86,9.98,10.52,11.72,10.94,9.72,7.58,0,0,0,0,0,0,0,0,0,0,0,0,5.06,5.8,6.78,7.5,7.6,8.08,8.78,10.48,4.88,4.88,4.94,10.86,0,0,0,0,0,0,0,0,0,0,0,0,4.78,6.22,8.2,8.94,9.14,8.86,8.24,9.18,11.24,13.28,12.2,10.2,0,0,0,0,0,0,0,0,0,0,0,0,5.64,6.72,8.02,8.82,9.58,9.08,9.02,11.22,11.7,12.12,11.54,9.2,0,0,0,0,0,0,0,0,0,0,0,0,5.14,6.8,7.94,7.74,9.38,9.78,10.0,11.84,13.66,16.54,16.86,15.7,0,0,0,0,0,0,0,0,0,0,0,0,4.8,7.76,12.62,17.06,20.24,20.7,21.82,24.18,26.5,26.84,27.12,24.1,0,0,0,0,0,0,0,0,0,0,0,0,2.14,4.58,5.48,7.0,9.66,10.16,9.28,8.8,8.14,8.06,7.84,6.26,0,0
673849979,0,0,0,0,0,0,0,0,0,0,2.7,4.0,4.0,4.1,4.5,4.0,3.5,2.5,2.0,1.7999999999999998,1.5,1.5,0,0,0,0,0,0,0,0,0,0,0,0,3.3000000000000003,5.2,5.4,5.699999999999999,5.699999999999999,5.0,4.699999999999999,3.3000000000000003,1.5,2.2,2.6,3.5,0,0,0,0,0,0,0,0,0,0,0,0,3.4000000000000004,5.1,5.2,5.300000000000001,5.5,5.1,4.4,3.3000000000000003,2.7,2.2,1.7999999999999998,1.7999999999999998,0,0,0,0,0,0,0,0,0,0,0,0,2.9,4.2,4.2,4.699999999999999,4.9,4.5,3.8,2.6,2.0,1.6,1.5,1.5,0,0,0,0,0,0,0,0,0,0,0,0,1.6,2.4,2.5,2.6,2.8000000000000003,2.4,1.7999999999999998,1.3,1.4000000000000001,1.6,1.7999999999999998,1.9,0,0,0,0,0,0,0,0,0,0,0,0,2.6,3.9000000000000004,4.0,4.2,4.4,3.9000000000000004,3.4000000000000004,2.5,2.0,1.9,1.7000000000000002,1.6,0,0,0,0,0,0,0,0,0,0,0,0,2.3000000000000003,3.5,3.5999999999999996,3.8,4.0,3.5,3.0,2.2,1.7999999999999998,1.7000000000000002,1.5,1.4000000000000001,0,0
680186945,0,0,0,0,0,0,0,0,0,0,64.68,77.49,89.04,86.1,92.19,98.49000000000001,96.39,100.16999999999999,109.61999999999999,113.19,96.6,75.39,0,0,0,0,0,0,0,0,0,0,0,0,62.16,75.39,76.86,81.89999999999999,96.18,90.3,86.52,95.34,57.120000000000005,56.7,57.120000000000005,105.21,0,0,0,0,0,0,0,0,0,0,0,0,74.34,81.06,90.3,93.66,111.09,103.53,95.13000000000001,102.06,114.03,129.36,120.54,94.91999999999999,0,0,0,0,0,0,0,0,0,0,0,0,59.22,75.39,82.53,86.31,96.18,89.25,78.12,79.17,102.27,111.93,106.68,75.39,0,0,0,0,0,0,0,0,0,0,0,0,58.59,69.72,85.68,90.50999999999999,94.91999999999999,104.36999999999999,107.31,120.96,160.44,182.7,169.26000000000002,135.66,0,0,0,0,0,0,0,0,0,0,0,0,68.46,98.49000000000001,143.22,172.62,170.31,159.6,162.33,185.64,225.96,255.98999999999998,252.83999999999997,200.55,0,0,0,0,0,0,0,0,0,0,0,0,55.440000000000005,85.05,129.36,148.47,151.62,146.37,154.14,166.53,187.95,191.1,164.85,108.36,0,0
421351920,0,0,0,0,0,0,0,0,0,0,75.19999999999999,103.6,105.19999999999999,103.6,109.60000000000001,107.6,112.8,125.19999999999999,132.0,131.2,127.2,105.60000000000001,0,0,0,0,0,0,0,0,0,0,0,0,93.6,124.0,122.8,126.4,132.4,126.8,120.8,117.6,61.6,60.0,63.2,120.39999999999999,0,0,0,0,0,0,0,0,0,0,0,0,92.4,123.6,123.6,124.80000000000001,127.6,121.6,125.60000000000001,121.6,124.39999999999999,118.4,116.0,112.8,0,0,0,0,0,0,0,0,0,0,0,0,81.19999999999999,108.0,108.4,106.0,118.4,109.60000000000001,108.0,107.6,117.2,120.0,129.2,118.0,0,0,0,0,0,0,0,0,0,0,0,0,94.80000000000001,107.2,106.4,105.19999999999999,111.6,120.39999999999999,121.6,118.4,127.2,126.0,120.0,114.39999999999999,0,0,0,0,0,0,0,0,0,0,0,0,100.39999999999999,117.2,126.4,129.60000000000002,124.39999999999999,134.0,126.0,122.4,130.39999999999998,122.4,122.8,110.0,0,0,0,0,0,0,0,0,0,0,0,0,100.8,124.39999999999999,128.8,131.2,136.8,123.2,119.60000000000001,116.8,121.6,119.2,110.39999999999999,114.0,0,0
175193371,0,0,0,0,0,0,0,0,0,0,25.799999999999997,32.400000000000006,40.2,36.24,37.68,37.44,37.2,43.8,42.96,45.72,32.519999999999996,27.119999999999997,0,0,0,0,0,0,0,0,0,0,0,0,26.160000000000004,30.72,39.839999999999996,36.24,37.08,41.160000000000004,37.2,43.08,18.84,17.64,16.919999999999998,31.44,0,0,0,0,0,0,0,0,0,0,0,0,28.200000000000003,31.92,37.44,36.72,35.519999999999996,34.92,32.160000000000004,38.519999999999996,42.96,40.44,35.28,26.160000000000004,0,0,0,0,0,0,0,0,0,0,0,0,24.0,27.599999999999998,31.56,30.839999999999996,29.64,29.04,28.44,35.28,40.44,35.64,27.839999999999996,20.64,0,0,0,0,0,0,0,0,0,0,0,0,27.839999999999996,30.96,32.400000000000006,30.72,34.56,34.32,34.68,42.480000000000004,52.08,50.519999999999996,44.160000000000004,32.88,0,0,0,0,0,0,0,0,0,0,0,0,28.44,41.04,55.67999999999999,56.16,50.64,45.839999999999996,50.04,67.19999999999999,78.96000000000001,78.6,68.52,56.04,0,0,0,0,0,0,0,0,0,0,0,0,25.92,31.56,36.0,35.28,34.92,34.56,35.400000000000006,42.599999999999994,47.160000000000004,45.599999999999994,36.96,27.48,0,0
181424828,0,0,0,0,0,0,0,0,0,0,4.59,4.69,5.4,4.81,4.86,5.45,5.79,5.27,5.38,5.55,4.91,3.66,0,0,0,0,0,0,0,0,0,0,0,0,4.61,5.08,5.84,5.92,5.93,5.63,6.12,5.91,3.33,3.33,3.37,5.68,0,0,0,0,0,0,0,0,0,0,0,0,4.61,4.98,5.22,5.69,5.39,5.87,5.8,5.95,5.46,5.58,5.04,4.7,0,0,0,0,0,0,0,0,0,0,0,0,6.45,7.88,7.96,7.88,6.72,6.49,7.59,8.6,8.9,9.32,8.39,5.71,0,0,0,0,0,0,0,0,0,0,0,0,4.47,5.93,5.5,5.93,6.06,5.59,5.15,5.54,6.48,6.56,5.86,4.85,0,0,0,0,0,0,0,0,0,0,0,0,4.46,5.83,6.86,7.2,7.1,6.12,6.76,8.22,8.61,8.3,6.76,5.22,0,0,0,0,0,0,0,0,0,0,0,0,5.61,6.37,6.89,7.02,7.0,6.61,6.9,7.37,7.72,7.42,6.61,5.32,0,0
181234314,0,0,0,0,0,0,0,0,0,0,9.18,9.38,10.8,9.62,9.72,10.9,11.58,10.54,10.76,11.1,9.82,7.32,0,0,0,0,0,0,0,0,0,0,0,0,9.22,10.16,11.68,11.84,11.86,11.26,12.24,11.82,6.66,6.66,6.74,11.36,0,0,0,0,0,0,0,0,0,0,0,0,9.22,9.96,10.44,11.38,10.78,11.74,11.6,11.9,10.92,11.16,10.08,9.4,0,0,0,0,0,0,0,0,0,0,0,0,12.9,15.76,15.92,15.76,13.44,12.98,15.18,17.2,17.8,18.64,16.78,11.42,0,0,0,0,0,0,0,0,0,0,0,0,8.94,11.86,11.0,11.86,12.12,11.18,10.3,11.08,12.96,13.12,11.72,9.7,0,0,0,0,0,0,0,0,0,0,0,0,8.92,11.66,13.72,14.4,14.2,12.24,13.52,16.44,17.22,16.6,13.52,10.44,0,0,0,0,0,0,0,0,0,0,0,0,11.22,12.74,13.78,14.04,14.0,13.22,13.8,14.74,15.44,14.84,13.22,10.64,0,0
181425149,0,0,0,0,0,0,0,0,0,0,9.18,9.38,10.8,9.62,9.72,10.9,11.58,10.54,10.76,11.1,9.82,7.32,0,0,0,0,0,0,0,0,0,0,0,0,9.22,10.16,11.68,11.84,11.86,11.26,12.24,11.82,6.66,6.66,6.74,11.36,0,0,0,0,0,0,0,0,0,0,0,0,9.22,9.96,10.44,11.38,10.78,11.74,11.6,11.9,10.92,11.16,10.08,9.4,0,0,0,0,0,0,0,0,0,0,0,0,12.9,15.76,15.92,15.76,13.44,12.98,15.18,17.2,17.8,18.64,16.78,11.42,0,0,0,0,0,0,0,0,0,0,0,0,8.94,11.86,11.0,11.86,12.12,11.18,10.3,11.08,12.96,13.12,11.72,9.7,0,0,0,0,0,0,0,0,0,0,0,0,8.92,11.66,13.72,14.4,14.2,12.24,13.52,16.44,17.22,16.6,13.52,10.44,0,0,0,0,0,0,0,0,0,0,0,0,11.22,12.74,13.78,14.04,14.0,13.22,13.8,14.74,15.44,14.84,13.22,10.64,0,0
162880366,0,0,0,0,0,0,0,0,0,0,9.28,9.92,12.48,10.9,8.22,7.68,9.44,11.56,13.66,15.78,13.56,7.76,0,0,0,0,0,0,0,0,0,0,0,0,9.72,8.66,10.84,10.22,8.46,7.82,10.02,11.62,5.02,5.02,5.04,10.08,0,0,0,0,0,0,0,0,0,0,0,0,8.46,9.76,10.66,9.18,8.36,8.82,10.32,12.56,14.74,15.24,13.18,8.14,0,0,0,0,0,0,0,0,0,0,0,0,14.1,19.58,20.32,17.6,14.54,14.38,16.52,19.96,24.68,28.22,23.12,14.38,0,0,0,0,0,0,0,0,0,0,0,0,9.42,12.6,13.08,11.84,10.52,10.86,11.54,15.72,17.6,23.38,20.14,14.82,0,0,0,0,0,0,0,0,0,0,0,0,8.94,16.38,24.08,23.82,19.68,17.28,20.0,25.92,28.58,33.68,32.82,21.94,0,0,0,0,0,0,0,0,0,0,0,0,7.84,13.3,20.54,20.5,17.82,16.92,17.76,22.82,24.54,25.08,19.16,11.96,0,0
175710931,0,0,0,0,0,0,0,0,0,0,9.28,9.92,12.48,10.9,8.22,7.68,9.44,11.56,13.66,15.78,13.56,7.76,0,0,0,0,0,0,0,0,0,0,0,0,9.72,8.66,10.84,10.22,8.46,7.82,10.02,11.62,5.02,5.02,5.04,10.08,0,0,0,0,0,0,0,0,0,0,0,0,8.46,9.76,10.66,9.18,8.36,8.82,10.32,12.56,14.74,15.24,13.18,8.14,0,0,0,0,0,0,0,0,0,0,0,0,14.1,19.58,20.32,17.6,14.54,14.38,16.52,19.96,24.68,28.22,23.12,14.38,0,0,0,0,0,0,0,0,0,0,0,0,9.42,12.6,13.08,11.84,10.52,10.86,11.54,15.72,17.6,23.38,20.14,14.82,0,0,0,0,0,0,0,0,0,0,0,0,8.94,16.38,24.08,23.82,19.68,17.28,20.0,25.92,28.58,33.68,32.82,21.94,0,0,0,0,0,0,0,0,0,0,0,0,7.84,13.3,20.54,20.5,17.82,16.92,17.76,22.82,24.54,25.08,19.16,11.96,0,0
177120887,0,0,0,0,0,0,0,0,0,0,9.28,9.92,12.48,10.9,8.22,7.68,9.44,11.56,13.66,15.78,13.56,7.76,0,0,0,0,0,0,0,0,0,0,0,0,9.72,8.66,10.84,10.22,8.46,7.82,10.02,11.62,5.02,5.02,5.04,10.08,0,0,0,0,0,0,0,0,0,0,0,0,8.46,9.76,10.66,9.18,8.36,8.82,10.32,12.56,14.74,15.24,13.18,8.14,0,0,0,0,0,0,0,0,0,0,0,0,14.1,19.58,20.32,17.6,14.54,14.38,16.52,19.96,24.68,28.22,23.12,14.38,0,0,0,0,0,0,0,0,0,0,0,0,9.42,12.6,13.08,11.84,10.52,10.86,11.54,15.72,17.6,23.38,20.14,14.82,0,0,0,0,0,0,0,0,0,0,0,0,8.94,16.38,24.08,23.82,19.68,17.28,20.0,25.92,28.58,33.68,32.82,21.94,0,0,0,0,0,0,0,0,0,0,0,0,7.84,13.3,20.54,20.5,17.82,16.92,17.76,22.82,24.54,25.08,19.16,11.96,0,0
97151917,0,0,0,0,0,0,0,0,0,0,11.7,10.8,13.32,12.36,10.92,9.899999999999999,11.22,13.080000000000002,13.379999999999999,13.559999999999999,16.02,2.2800000000000002,0,0,0,0,0,0,0,0,0,0,0,0,13.14,11.7,12.72,12.0,11.58,10.74,10.379999999999999,11.82,5.04,6.84,10.2,2.2800000000000002,0,0,0,0,0,0,0,0,0,0,0,0,15.120000000000001,12.48,14.46,13.799999999999999,13.200000000000001,11.58,11.040000000000001,13.98,13.86,15.48,17.52,2.34,0,0,0,0,0,0,0,0,0,0,0,0,17.1,19.56,19.799999999999997,18.0,16.080000000000002,13.98,14.04,17.4,21.240000000000002,25.5,27.0,2.52,0,0,0,0,0,0,0,0,0,0,0,0,11.52,10.379999999999999,11.399999999999999,12.0,10.8,10.74,11.28,10.68,12.78,18.240000000000002,18.06,2.52,0,0,0,0,0,0,0,0,0,0,0,0,23.22,20.22,26.52,25.799999999999997,23.82,21.54,22.38,27.54,35.04,36.36,31.799999999999997,19.68,0,0,0,0,0,0,0,0,0,0,0,0,36.3,17.64,23.94,22.919999999999998,20.22,17.04,18.18,22.740000000000002,25.14,24.0,16.32,3.7199999999999998,0,0
332339904,0,0,0,0,0,0,0,0,0,0,10.86,10.14,9.99,9.39,9.48,8.879999999999999,8.22,9.899999999999999,10.86,11.31,9.36,6.18,0,0,0,0,0,0,0,0,0,0,0,0,11.76,10.47,9.600000000000001,9.39,9.84,8.97,7.62,9.33,5.3100000000000005,5.07,4.9799999999999995,7.6499999999999995,0,0,0,0,0,0,0,0,0,0,0,0,13.89,11.01,11.19,10.08,10.23,9.39,8.129999999999999,9.99,10.83,10.5,9.45,7.199999999999999,0,0,0,0,0,0,0,0,0,0,0,0,12.51,12.54,13.47,12.21,12.36,11.01,11.16,13.950000000000001,20.34,16.56,15.03,9.0,0,0,0,0,0,0,0,0,0,0,0,0,10.620000000000001,10.83,10.89,9.540000000000001,9.03,9.03,8.850000000000001,12.18,13.649999999999999,14.04,12.870000000000001,9.39,0,0,0,0,0,0,0,0,0,0,0,0,11.399999999999999,13.950000000000001,17.13,17.490000000000002,15.120000000000001,13.950000000000001,14.73,18.36,21.81,25.049999999999997,21.48,13.02,0,0,0,0,0,0,0,0,0,0,0,0,8.97,12.629999999999999,16.919999999999998,16.47,16.35,15.27,17.07,18.84,17.19,15.84,12.75,7.89,0,0
176018565,0,0,0,0,0,0,0,0,0,0,14.48,13.52,13.32,12.52,12.64,11.84,10.96,13.2,14.48,15.08,12.48,8.24,0,0,0,0,0,0,0,0,0,0,0,0,15.68,13.96,12.8,12.52,13.12,11.96,10.16,12.44,7.08,6.76,6.64,10.2,0,0,0,0,0,0,0,0,0,0,0,0,18.52,14.68,14.92,13.44,13.64,12.52,10.84,13.32,14.44,14.0,12.6,9.6,0,0,0,0,0,0,0,0,0,0,0,0,16.68,16.72,17.96,16.28,16.48,14.68,14.88,18.6,27.12,22.08,20.04,12.0,0,0,0,0,0,0,0,0,0,0,0,0,14.16,14.44,14.52,12.72,12.04,12.04,11.8,16.24,18.2,18.72,17.16,12.52,0,0,0,0,0,0,0,0,0,0,0,0,15.2,18.6,22.84,23.32,20.16,18.6,19.64,24.48,29.08,33.4,28.64,17.36,0,0,0,0,0,0,0,0,0,0,0,0,11.96,16.84,22.56,21.96,21.8,20.36,22.76,25.12,22.92,21.12,17.0,10.52,0,0
175791140,0,0,0,0,0,0,0,0,0,0,7.24,6.76,6.66,6.26,6.32,5.92,5.48,6.6,7.24,7.54,6.24,4.12,0,0,0,0,0,0,0,0,0,0,0,0,7.84,6.98,6.4,6.26,6.56,5.98,5.08,6.22,3.54,3.38,3.32,5.1,0,0,0,0,0,0,0,0,0,0,0,0,9.26,7.34,7.46,6.72,6.82,6.26,5.42,6.66,7.22,7.0,6.3,4.8,0,0,0,0,0,0,0,0,0,0,0,0,8.34,8.36,8.98,8.14,8.24,7.34,7.44,9.3,13.56,11.04,10.02,6.0,0,0,0,0,0,0,0,0,0,0,0,0,7.08,7.22,7.26,6.36,6.02,6.02,5.9,8.12,9.1,9.36,8.58,6.26,0,0,0,0,0,0,0,0,0,0,0,0,7.6,9.3,11.42,11.66,10.08,9.3,9.82,12.24,14.54,16.7,14.32,8.68,0,0,0,0,0,0,0,0,0,0,0,0,5.98,8.42,11.28,10.98,10.9,10.18,11.38,12.56,11.46,10.56,8.5,5.26,0,0
130128020,0,0,0,0,0,0,0,0,0,0,7.24,6.76,6.66,6.26,6.32,5.92,5.48,6.6,7.24,7.54,6.24,4.12,0,0,0,0,0,0,0,0,0,0,0,0,7.84,6.98,6.4,6.26,6.56,5.98,5.08,6.22,3.54,3.38,3.32,5.1,0,0,0,0,0,0,0,0,0,0,0,0,9.26,7.34,7.46,6.72,6.82,6.26,5.42,6.66,7.22,7.0,6.3,4.8,0,0,0,0,0,0,0,0,0,0,0,0,8.34,8.36,8.98,8.14,8.24,7.34,7.44,9.3,13.56,11.04,10.02,6.0,0,0,0,0,0,0,0,0,0,0,0,0,7.08,7.22,7.26,6.36,6.02,6.02,5.9,8.12,9.1,9.36,8.58,6.26,0,0,0,0,0,0,0,0,0,0,0,0,7.6,9.3,11.42,11.66,10.08,9.3,9.82,12.24,14.54,16.7,14.32,8.68,0,0,0,0,0,0,0,0,0,0,0,0,5.98,8.42,11.28,10.98,10.9,10.18,11.38,12.56,11.46,10.56,8.5,5.26,0,0
100935817,0,0,0,0,0,0,0,0,0,0,21.240000000000002,24.48,25.200000000000003,27.0,23.88,23.64,29.64,33.12,37.44,39.72,34.44,21.0,0,0,0,0,0,0,0,0,0,0,0,0,18.48,24.839999999999996,27.96,28.44,25.799999999999997,24.0,32.400000000000006,33.599999999999994,20.88,20.759999999999998,20.759999999999998,31.200000000000003,0,0,0,0,0,0,0,0,0,0,0,0,25.44,26.28,29.880000000000003,28.200000000000003,26.64,26.28,26.04,36.0,38.88,36.96,33.0,22.200000000000003,0,0,0,0,0,0,0,0,0,0,0,0,17.64,24.599999999999998,26.880000000000003,25.799999999999997,23.04,25.32,27.240000000000002,32.64,38.88,38.160000000000004,30.36,19.44,0,0,0,0,0,0,0,0,0,0,0,0,20.52,28.799999999999997,27.72,25.44,24.240000000000002,26.04,28.32,32.519999999999996,41.519999999999996,47.519999999999996,43.2,27.36,0,0,0,0,0,0,0,0,0,0,0,0,18.72,31.68,40.08,43.8,36.839999999999996,38.04,45.72,53.760000000000005,61.67999999999999,60.84,53.04,37.8,0,0,0,0,0,0,0,0,0,0,0,0,13.080000000000002,18.240000000000002,21.72,21.72,19.919999999999998,20.759999999999998,24.0,28.32,32.160000000000004,32.400000000000006,27.119999999999997,17.88,0,0
100237420,0,0,0,0,0,0,0,0,0,0,91.19999999999999,100.0,92.8,87.8,94.80000000000001,93.4,72.2,77.4,80.0,88.6,83.80000000000001,54.2,0,0,0,0,0,0,0,0,0,0,0,0,82.2,97.2,92.6,95.39999999999999,98.4,81.4,68.2,84.39999999999999,32.0,32.0,32.0,68.4,0,0,0,0,0,0,0,0,0,0,0,0,90.39999999999999,98.0,93.6,83.4,89.2,88.6,85.19999999999999,90.39999999999999,98.80000000000001,91.8,80.8,59.2,0,0,0,0,0,0,0,0,0,0,0,0,63.2,89.0,89.0,87.4,92.2,88.2,81.0,72.0,80.39999999999999,80.39999999999999,65.0,41.6,0,0,0,0,0,0,0,0,0,0,0,0,76.6,77.4,90.0,79.4,89.0,74.0,69.4,76.8,85.60000000000001,93.6,89.80000000000001,67.4,0,0,0,0,0,0,0,0,0,0,0,0,40.8,55.4,64.0,80.19999999999999,85.0,70.8,91.0,85.8,94.2,116.0,98.0,79.4,0,0,0,0,0,0,0,0,0,0,0,0,33.0,40.0,47.400000000000006,44.400000000000006,50.0,56.6,44.2,60.199999999999996,60.0,45.0,51.8,63.2,0,0
