uuid;name;id;p_f_tot;p_m_tot
091b8fd0-a5b1-4c59-acb2-40759e131801;Albacenter;3;55.64;44.36
69dda3aa-efa6-4149-9481-3e1260141dc2;Alegra - Parque Comercial y de Ocio;5;56.25;43.75
91e8cf7c-ece3-4e27-9eed-4a146790bbb7;Almazara Plaza;6;50.0;50.0
4916aafd-1c0b-4e27-b2b0-61f7755fb4f3;Arena Multiespacio;9;54.51;45.49
c61e2cc5-ff63-4fe8-aa4a-abf1b1d7be16;As Termas;10;56.19;43.81
f066cf28-e91c-4ce3-a0e9-e87370fd0445;Castellana 200;11;57.68;42.32
135cd769-31c8-4240-a5af-adf6a132aaec;Conquistadores;13;52.34;47.66
0c2639f4-bec1-428e-abad-c95a3a78de58;Coruña The Style Outlets;50;55.41;44.59
b3c672c8-277c-4dd2-8450-802c3daca800;El Arcángel;95;54.57;45.43
db21a149-6720-4f2d-8cd5-e40df385d04b;El Deleite;57;54.47;45.53
cbb1f955-6ce2-4dd7-8c26-4bb8d4085418;El Encinar;67;53.33;46.67
d6e10447-60ed-4a71-a658-ec05fbe6b017;El Parque de Ciudad Real;16;53.08;46.92
14d4d04b-c417-4149-8146-d791064f5a8f;El Paseo;17;49.73;50.27
c494f3fd-545f-43dd-90ac-f15444c92879;El Restón;44;53.24;46.76
7ff3cca7-ed09-4cf6-b3ab-66d27f30939c;El Rosal;18;53.21;46.79
51cdbe4b-9a08-41e3-9dff-4dce61719a8f;Espacio Coruña;19;53.05;46.95
1ae1ee31-2236-4b08-ac6d-da75d590ced2;Espacio León;20;54.63;45.37
44dfcbc9-7df0-4da0-9882-0b07e36ef9d4;FINESTRELLES SHOPPING CENTRE;58;58.12;41.88
6723e314-b093-4de2-bafa-1775196d1234;Getafe The Style Outlets;45;53.27;46.73
a9652ebd-80a7-4e3c-9c82-da5a33132fa2;Gran Plaza 2;25;56.66;43.34
4f86178d-a155-40d0-977b-657954882fed;Gran Vía 2;26;56.1;43.9
d44960b0-d717-4fa8-a81c-4d6285b8f6b4;Gran Vía de Vigo;27;56.28;43.72
b345570b-20c8-4b90-b0ed-9ddaabdec93e;GranCasa;24;51.16;48.84
bf207f85-1735-4979-85d2-289f183bf178;L'Illa Diagonal;2;59.48;40.52
b2fd26f7-6048-4f10-8eba-5f90879f470e;La Farga;29;57.82;42.18
b33e9212-926d-45da-9f83-683b27a904b6;Las Rozas The Style Outlets;46;55.28;44.72
27630773-db74-4220-a055-00237a25da71;Los Alcores;4;52.18;47.82
67c19fe9-6b90-440c-954c-d6f652cd122a;Luz de Castilla;31;42.25;57.75
9a893048-055e-43ae-b7ef-1c1165f64320;Madrid Sur;32;56.75;43.25
ae7e12dd-92d3-4d52-b6c2-fe9184bd8c34;Manoteras;33;51.4;48.6
39f7933c-5cbc-4d42-908e-6bd88c55c50c;Max Center;34;53.13;46.87
dcf50bbc-4e24-4495-b240-80a3497e99a4;Moda Shopping;35;59.94;40.06
d00339ba-c6d2-4830-acd1-b9cbe9b6be22;Nassica - Parque Comercial y de Ocio;60;53.54;46.46
e2aef294-794c-4674-9509-6c15225543af;Parque Corredor;101;54.81;45.19
2560337e-ad93-46bc-a944-73428173bc69;Plaza Loranca 2;63;53.21;46.79
fe152407-9e68-4ccb-8dcc-0032f6d68c1a;Plaza Mayor;40;54.11;45.89
a8d2120d-8649-4d03-97dc-e384b935406c;Plaza Moraleja;96;55.24;44.76
907fe0e5-f500-493f-92bd-3dfc70929688;Plaza Norte 2;41;57.3;42.7
a292aa57-8504-407d-96f2-783b80fdc527;Plaza Río 2;42;57.39;42.61
d96a47c5-f5e7-4a23-8d55-f9ff344613f6;Plaza de Aluche;38;56.18;43.82
ae2b6114-0ded-4bef-b0cb-3c94c6571797;Portal de la Marina;43;56.88;43.12
4173c481-8f24-413a-a53d-1432d966dddc;San Sebastián de los Reyes The Style Outlets;48;56.98;43.02
1ae5e620-424c-4dbe-8ec3-6dbd72584b9b;Valle Real;51;58.06;41.94
c42f0753-e80d-4354-abe3-9e7fe5dd7600;Zubiarte;54;57.63;42.37
d04597e6-51fd-457d-a302-12e381a71361;Ànecblau;7;55.17;44.83
c52d5f56-1f93-40dd-a167-d60d9a103807;Área Sur;55;54.72;45.28
